STATUS,SPEED,MILISECONDS,EXEC_RUNTIME,CURKU,PROGRESS,PROGRESS_ALL,RECHASH,RECHASH,RECSALT,RECSALT,TEMP,REJECTED,UTIL
3,4087161062,1000,5.815865,0,14218690560,101742498841,0,1,0,1,86,0,94
3,4070503100,1000,5.878689,0,18345885696,101742498841,0,1,0,1,85,0,94
3,4055336440,1000,5.892654,0,22447915008,101742498841,0,1,0,1,86,0,94
3,4044977304,1000,5.899298,0,26549944320,101742498841,0,1,0,1,86,0,94
3,4033323345,1000,5.944090,0,30551310336,101742498841,0,1,0,1,85,0,94
3,3984305923,1000,5.878920,98304,34225029120,101742498841,0,1,0,1,86,0,85
6,3983235594,1000,5.940275,98304,37823741952,101742498841,1,1,1,1,84,0,94
err,hipDeviceGetCount(): 100


hashcat arguments,hashcat.exe -a 1 --runtime 15 -m 300 fcf7c1b8749cf99d88e5f34271d636178fb5d130 ..\bachelors-thesis-main\dictionaries\English.dic ..\bachelors-thesis-main\dictionaries\English2.dic --machine-readable --status --status-timer=1 --quiet