STATUS,SPEED,MILISECONDS,EXEC_RUNTIME,CURKU,PROGRESS,PROGRESS_ALL,RECHASH,RECHASH,RECSALT,RECSALT,TEMP,REJECTED,UTIL
7,304080,1000,7.712267,0,1032192,101742498841,0,1,0,1,91,0,95
7,304080,1000,7.710475,0,1032192,101742498841,0,1,0,1,91,0,95
err,hipDeviceGetCount(): 100


hashcat arguments,hashcat.exe -a 1 --runtime 15 -m 6222 ..\bachelors-thesis-main\hash-files\hashcat_sha512_serpent-aes.tc ..\bachelors-thesis-main\dictionaries\English.dic ..\bachelors-thesis-main\dictionaries\English2.dic --machine-readable --status --status-timer=1 --quiet