STATUS,SPEED,MILISECONDS,EXEC_RUNTIME,CURKU,PROGRESS,PROGRESS_ALL,RECHASH,RECHASH,RECSALT,RECSALT,TEMP,REJECTED,UTIL
3,16599543283,1000,0.129562,159486,61624592970,101742498841,0,1,0,1,58,0,32
3,15714776070,1000,0.128277,239229,77628916751,101742498841,0,1,0,1,58,0,38
3,17352222411,1000,0.129072,239229,95113466639,101742498841,0,1,0,1,57,0,35
5,17304405069,1000,0.130306,318971,101742498841,101742498841,0,1,0,1,57,0,35
err,hipDeviceGetCount(): 100


hashcat arguments,hashcat.exe -a 1 --runtime 15 -m 28501 1Jv6EonXm9x4Dw4QjEPAhGfmzFxTL7b3Zj ..\bachelors-thesis-main\dictionaries\English.dic ..\bachelors-thesis-main\dictionaries\English2.dic --machine-readable --status --status-timer=1 --quiet