STATUS,SPEED,MILISECONDS,EXEC_RUNTIME,CURKU,PROGRESS,PROGRESS_ALL,RECHASH,RECHASH,RECSALT,RECSALT,TEMP,REJECTED,UTIL
3,3565055432,1000,13.098842,0,11978932224,101742498841,0,1,0,1,86,0,92
6,3556914886,1000,13.144267,0,12935233536,101742498841,1,1,1,1,86,0,92
err,hipDeviceGetCount(): 100


hashcat arguments,hashcat.exe -a 1 --runtime 15 -m 5700 2btjjy78REtmYkkW0csHUbJZOstRXoWdX1mGrmmfeHI ..\bachelors-thesis-main\dictionaries\English.dic ..\bachelors-thesis-main\dictionaries\English2.dic --machine-readable --status --status-timer=1 --quiet