STATUS,SPEED,MILISECONDS,EXEC_RUNTIME,CURKU,PROGRESS,PROGRESS_ALL,RECHASH,RECHASH,RECSALT,RECSALT,TEMP,REJECTED,UTIL
3,204453,1000,11.941797,0,688128,101742498841,0,1,0,1,88,0,97
3,203244,1000,12.011003,0,884736,101742498841,0,1,0,1,89,0,97
3,202370,1000,12.079113,0,1081344,101742498841,0,1,0,1,88,0,97
3,202316,1000,12.005211,0,1277952,101742498841,0,1,0,1,89,0,97
3,201227,1000,12.149821,0,1474560,101742498841,0,1,0,1,87,0,97
7,200518,1000,12.215209,0,1671168,101742498841,0,1,0,1,91,0,97
7,200518,1000,12.215209,0,1671168,101742498841,0,1,0,1,91,0,97
err,hipDeviceGetCount(): 100


hashcat arguments,hashcat.exe -a 1 --runtime 15 -m 6223 ..\bachelors-thesis-main\hash-files\hashcat_sha512_aes-twofish-serpent.tc ..\bachelors-thesis-main\dictionaries\English.dic ..\bachelors-thesis-main\dictionaries\English2.dic --machine-readable --status --status-timer=1 --quiet