STATUS,SPEED,MILISECONDS,EXEC_RUNTIME,CURKU,PROGRESS,PROGRESS_ALL,RECHASH,RECHASH,RECSALT,RECSALT,TEMP,REJECTED,UTIL
3,2455188481,1000,9.556055,0,8480882688,101742498841,0,1,0,1,86,0,90
3,2434816374,1000,9.691609,0,10896801792,101742498841,0,1,0,1,87,0,90
6,2421939382,1000,9.777314,0,12910067712,101742498841,1,1,1,1,86,0,90
err,hipDeviceGetCount(): 100


hashcat arguments,hashcat.exe -a 1 --runtime 15 -m 22300 755a8ce4e0cf0baee41d714aa35c9fca803106608f718f973eab006578285007:11265 ..\bachelors-thesis-main\dictionaries\English.dic ..\bachelors-thesis-main\dictionaries\English2.dic --machine-readable --status --status-timer=1 --quiet