STATUS,SPEED,MILISECONDS,EXEC_RUNTIME,CURKU,PROGRESS,PROGRESS_ALL,RECHASH,RECHASH,RECSALT,RECSALT,TEMP,REJECTED,UTIL
3,2443369577,1000,9.534429,0,8506048512,101742498841,0,1,0,1,86,0,90
3,2431910456,1000,9.608052,0,10972299264,101742498841,0,1,0,1,87,0,90
6,2423352577,1000,9.666998,0,12910067712,101742498841,1,1,1,1,84,0,90
err,hipDeviceGetCount(): 100


hashcat arguments,hashcat.exe -a 1 --runtime 15 -m 11200 $mysqlna$1c24ab8d0ee94d70ab1f2e814d8f0948a14d10b9*437e93572f18ae44d9e779160c2505271f85821d ..\bachelors-thesis-main\dictionaries\English.dic ..\bachelors-thesis-main\dictionaries\English2.dic --machine-readable --status --status-timer=1 --quiet