STATUS,SPEED,MILISECONDS,EXEC_RUNTIME,CURKU,PROGRESS,PROGRESS_ALL,RECHASH,RECHASH,RECSALT,RECSALT,TEMP,REJECTED,UTIL
3,8401984584,1000,0.322734,79744,30590675584,101742498841,0,1,0,1,75,0,56
3,8498021689,1000,0.329571,119616,39429939136,101742498841,0,1,0,1,75,0,52
6,8563280820,1000,0.326363,119616,40772190144,101742498841,1,1,1,1,75,0,52
err,hipDeviceGetCount(): 100


hashcat arguments,hashcat.exe -a 1 --runtime 15 -m 200 7196759210defdc0 ..\bachelors-thesis-main\dictionaries\English.dic ..\bachelors-thesis-main\dictionaries\English2.dic --machine-readable --status --status-timer=1 --quiet