STATUS,SPEED,MILISECONDS,EXEC_RUNTIME,CURKU,PROGRESS,PROGRESS_ALL,RECHASH,RECHASH,RECSALT,RECSALT,TEMP,REJECTED,UTIL
3,2954,1000,0.314931,0,9968,101742498841,0,1,0,1,74,0,100
3,2984,1000,0.315078,0,19936,101742498841,0,1,0,1,83,0,91
3,2984,1000,0.314781,0,19936,101742498841,0,1,0,1,75,0,100
3,2991,1000,0.315047,0,29904,101742498841,0,1,0,1,83,0,66
3,2991,1000,0.314092,0,29904,101742498841,0,1,0,1,75,0,100
11,2994,1000,0.315624,0,39872,101742498841,0,1,0,1,75,0,100
11,2994,1000,0.315624,0,39872,101742498841,0,1,0,1,75,0,100
err,hipDeviceGetCount(): 100


hashcat arguments,hashcat.exe -a 1 --runtime 15 -m 29513 ..\bachelors-thesis-main\hash-files\hashcat_luks_sha1_twofish_xts-plain64_256.txt ..\bachelors-thesis-main\dictionaries\English.dic ..\bachelors-thesis-main\dictionaries\English2.dic --machine-readable --status --status-timer=1 --quiet