STATUS,SPEED,MILISECONDS,EXEC_RUNTIME,CURKU,PROGRESS,PROGRESS_ALL,RECHASH,RECHASH,RECSALT,RECSALT,TEMP,REJECTED,UTIL
err,hipDeviceGetCount(): 100

The plugin 2501 is deprecated and was replaced with plugin 22001. For more details, please read: https://hashcat.net/forum/thread-10253.html


hashcat arguments,hashcat.exe -a 1 --runtime 15 -m 2501 ..\bachelors-thesis-main\hash-files\hashcat-pmk.hccapx ..\bachelors-thesis-main\dictionaries\English.dic ..\bachelors-thesis-main\dictionaries\English2.dic --machine-readable --status --status-timer=1 --quiet