STATUS,SPEED,MILISECONDS,EXEC_RUNTIME,CURKU,PROGRESS,PROGRESS_ALL,RECHASH,RECHASH,RECSALT,RECSALT,TEMP,REJECTED,UTIL
3,5340762537,1000,1.053960,39872,18342196544,101742498841,0,1,0,1,69,0,53
3,5289419390,1000,1.057835,39872,23558092096,101742498841,0,1,0,1,69,0,56
3,5317396186,1000,1.109766,79744,29120834176,101742498841,0,1,0,1,71,0,54
3,5333273672,1000,1.136279,79744,34673568384,101742498841,0,1,0,1,71,0,61
3,5311666679,1000,1.095386,119616,39991336896,101742498841,0,1,0,1,72,0,59
6,5325165107,1000,1.082868,119616,40777293760,101742498841,1,1,1,1,72,0,59
err,hipDeviceGetCount(): 100


hashcat arguments,hashcat.exe -a 1 --runtime 15 -m 5500 u4-netntlm::kNS:338d08f8e26de93300000000000000000000000000000000:9526fb8c23a90751cdd619b6cea564742e1e4bf33006ba41:cb8086049ec4736c ..\bachelors-thesis-main\dictionaries\English.dic ..\bachelors-thesis-main\dictionaries\English2.dic --machine-readable --status --status-timer=1 --quiet