STATUS,SPEED,MILISECONDS,EXEC_RUNTIME,CURKU,PROGRESS,PROGRESS_ALL,RECHASH,RECHASH,RECSALT,RECSALT,TEMP,REJECTED,UTIL
err,hipDeviceGetCount(): 100

..\bachelors-thesis-main\hash-files\hashcat_luks_testfiles.7z: No such file or directory


hashcat arguments,hashcat.exe -a 1 --runtime 15 -m 14600 ..\bachelors-thesis-main\hash-files\hashcat_luks_testfiles.7z ..\bachelors-thesis-main\dictionaries\English.dic ..\bachelors-thesis-main\dictionaries\English2.dic --machine-readable --status --status-timer=1 --quiet