STATUS,SPEED,MILISECONDS,EXEC_RUNTIME,CURKU,PROGRESS,PROGRESS_ALL,RECHASH,RECHASH,RECSALT,RECSALT,TEMP,REJECTED,UTIL
3,663,1000,5.887548,0,0,101742498841,0,1,0,1,86,0,94
3,659,1000,5.957109,0,0,101742498841,0,1,0,1,87,0,94
3,655,1000,5.996980,0,0,101742498841,0,1,0,1,87,0,94
3,651,1000,6.080195,0,0,101742498841,0,1,0,1,87,0,94
3,648,1000,6.101168,0,0,101742498841,0,1,0,1,86,0,94
7,647,1000,5.977499,0,0,101742498841,0,1,0,1,91,0,94
7,647,1000,5.976572,0,0,101742498841,0,1,0,1,91,0,94
err,hipDeviceGetCount(): 100


hashcat arguments,hashcat.exe -a 1 --runtime 15 -m 13753 ..\bachelors-thesis-main\hash-files\hashcat_sha256_serpent-twofish-aes_13753.vc ..\bachelors-thesis-main\dictionaries\English.dic ..\bachelors-thesis-main\dictionaries\English2.dic --machine-readable --status --status-timer=1 --quiet