STATUS,SPEED,MILISECONDS,EXEC_RUNTIME,CURKU,PROGRESS,PROGRESS_ALL,RECHASH,RECHASH,RECSALT,RECSALT,TEMP,REJECTED,UTIL
3,10199,1000,8.365650,0,0,101742498841,0,1,0,1,86,0,95
3,10124,1000,8.401431,0,0,101742498841,0,1,0,1,88,0,95
3,10087,1000,8.310479,0,0,101742498841,0,1,0,1,88,0,95
3,10027,1000,8.512390,0,0,101742498841,0,1,0,1,88,0,95
3,9987,1000,8.477990,0,0,101742498841,0,1,0,1,87,0,95
3,9962,1000,8.475059,0,0,101742498841,0,1,0,1,87,0,95
3,9943,1000,8.464027,0,0,101742498841,0,1,0,1,88,0,95
3,9941,1000,8.448816,0,0,101742498841,0,1,0,1,73,0,100
11,2664,1000,7.839464,0,98304,101742498841,0,1,0,1,71,0,100
11,2664,1000,7.839464,0,98304,101742498841,0,1,0,1,71,0,100
err,hipDeviceGetCount(): 100


hashcat arguments,hashcat.exe -a 1 --runtime 15 -m 29533 ..\bachelors-thesis-main\hash-files\hashcat_luks_sha512_twofish_cbc-plain64_256.txt ..\bachelors-thesis-main\dictionaries\English.dic ..\bachelors-thesis-main\dictionaries\English2.dic --machine-readable --status --status-timer=1 --quiet