STATUS,SPEED,MILISECONDS,EXEC_RUNTIME,CURKU,PROGRESS,PROGRESS_ALL,RECHASH,RECHASH,RECSALT,RECSALT,TEMP,REJECTED,UTIL
3,4464436834,1000,0.312149,39872,15969015104,101742498841,0,1,0,1,75,0,52
3,4476506333,1000,0.310773,59808,20580032480,101742498841,0,1,0,1,75,0,56
3,4998257717,1000,0.310445,79744,25436023424,101742498841,0,1,0,1,74,0,51
3,4695756096,1000,0.329121,79744,30215559808,101742498841,0,1,0,1,76,0,52
3,4408463851,1000,0.306253,99680,34734712096,101742498841,0,1,0,1,77,0,51
3,4456670988,1000,0.334782,119616,39355936704,101742498841,0,1,0,1,76,0,57
6,4450755652,1000,0.334334,119616,39463112640,101742498841,1,1,1,1,76,0,57
err,hipDeviceGetCount(): 100


hashcat arguments,hashcat.exe -a 1 --runtime 15 -m 2410 02dMBMYkTdC5Ziyp:36 ..\bachelors-thesis-main\dictionaries\English.dic ..\bachelors-thesis-main\dictionaries\English2.dic --machine-readable --status --status-timer=1 --quiet