STATUS,SPEED,MILISECONDS,EXEC_RUNTIME,CURKU,PROGRESS,PROGRESS_ALL,RECHASH,RECHASH,RECSALT,RECSALT,TEMP,REJECTED,UTIL
3,2705170993,1000,8.562753,0,11803721873,101742498841,0,1,0,1,86,1460568209,88
6,2690133336,1000,8.636783,0,14370635921,101742498841,1,1,1,1,85,1460568209,88
err,hipDeviceGetCount(): 100


hashcat arguments,hashcat.exe -a 1 --runtime 15 -m 9720 $oldoffice$0*55045061647456688860411218030058*e7e24d163fbd743992d4b8892bf3f2f7*493410dbc832557d3fe1870ace8397e2:91b2e062b9 ..\bachelors-thesis-main\dictionaries\English.dic ..\bachelors-thesis-main\dictionaries\English2.dic --machine-readable --status --status-timer=1 --quiet