STATUS,SPEED,MILISECONDS,EXEC_RUNTIME,CURKU,PROGRESS,PROGRESS_ALL,RECHASH,RECHASH,RECSALT,RECSALT,TEMP,REJECTED,UTIL
3,2325873312,1000,10.565350,0,8178892800,101742498841,0,1,0,1,86,0,95
3,2315115153,1000,10.660467,0,10519314432,101742498841,0,1,0,1,87,0,95
3,2262544004,1000,10.497330,0,12658409472,101742498841,0,1,0,1,82,0,95
6,2168309791,1000,10.483782,0,12910067712,101742498841,1,1,1,1,75,0,71
err,hipDeviceGetCount(): 100


hashcat arguments,hashcat.exe -a 1 --runtime 15 -m 5000 05ac0c544060af48f993f9c3cdf2fc03937ea35b:232725102020 ..\bachelors-thesis-main\dictionaries\English.dic ..\bachelors-thesis-main\dictionaries\English2.dic --machine-readable --status --status-timer=1 --quiet