STATUS,SPEED,MILISECONDS,EXEC_RUNTIME,CURKU,PROGRESS,PROGRESS_ALL,RECHASH,RECHASH,RECSALT,RECSALT,TEMP,REJECTED,UTIL
3,7625419767,1000,0.900424,79744,26446539392,101742498841,0,1,0,1,73,0,66
3,7726670589,1000,0.897577,79744,34724604544,101742498841,0,1,0,1,75,0,72
6,7632713509,1000,0.911046,119616,40777293760,101742498841,1,1,1,1,74,0,72
err,hipDeviceGetCount(): 100


hashcat arguments,hashcat.exe -a 1 --runtime 15 -m 20 f0fda58630310a6dd91a7d8f0a4ceda2:4225637426 ..\bachelors-thesis-main\dictionaries\English.dic ..\bachelors-thesis-main\dictionaries\English2.dic --machine-readable --status --status-timer=1 --quiet