STATUS,SPEED,MILISECONDS,EXEC_RUNTIME,CURKU,PROGRESS,PROGRESS_ALL,RECHASH,RECHASH,RECSALT,RECSALT,TEMP,REJECTED,UTIL
3,3716738500,1000,13.274624,0,12683575296,101742498841,0,1,0,1,86,0,97
6,3712047520,1000,13.300163,0,12935233536,101742498841,1,1,1,1,86,0,97
err,hipDeviceGetCount(): 100


hashcat arguments,hashcat.exe -a 1 --runtime 15 -m 1400 127e6fbfe24a750e72930c220a8e138275656b8e5d8f48a98c3c92df2caba935 ..\bachelors-thesis-main\dictionaries\English.dic ..\bachelors-thesis-main\dictionaries\English2.dic --machine-readable --status --status-timer=1 --quiet