STATUS,SPEED,MILISECONDS,EXEC_RUNTIME,CURKU,PROGRESS,PROGRESS_ALL,RECHASH,RECHASH,RECSALT,RECSALT,TEMP,REJECTED,UTIL
3,5031128083,1000,0.689056,39872,17530721600,101742498841,0,1,0,1,79,0,59
3,5100365385,1000,0.693658,39872,22772135232,101742498841,0,1,0,1,80,0,64
3,4773521838,1000,0.698564,79744,27579542144,101742498841,0,1,0,1,80,0,65
3,4923007898,1000,0.684887,79744,32810748544,101742498841,0,1,0,1,82,0,59
3,5011432353,1000,0.690600,119616,38154035136,101742498841,0,1,0,1,82,0,65
6,4958189522,1000,0.685939,119616,40772190144,101742498841,1,1,1,1,82,0,64
err,hipDeviceGetCount(): 100


hashcat arguments,hashcat.exe -a 1 --runtime 15 -m 3800 2e45c4b99396c6cb2db8bda0d3df669f:1234 ..\bachelors-thesis-main\dictionaries\English.dic ..\bachelors-thesis-main\dictionaries\English2.dic --machine-readable --status --status-timer=1 --quiet