STATUS,SPEED,MILISECONDS,EXEC_RUNTIME,CURKU,PROGRESS,PROGRESS_ALL,RECHASH,RECHASH,RECSALT,RECSALT,TEMP,REJECTED,UTIL
3,6371781191,1000,1.152733,39872,21751412032,101742498841,0,1,0,1,82,0,69
3,6289017223,1000,1.162090,79744,27885759104,101742498841,0,1,0,1,82,0,76
3,6340874429,1000,1.174198,79744,34581703296,101742498841,0,1,0,1,83,0,69
3,6273301227,1000,1.178834,119616,40583356352,101742498841,0,1,0,1,83,0,76
6,6271690923,1000,1.178811,119616,40777293760,101742498841,1,1,1,1,83,0,76
err,hipDeviceGetCount(): 100


hashcat arguments,hashcat.exe -a 1 --runtime 15 -m 4800 afd09efdd6f8ca9f18ec77c5869788c3:01020304050607080910111213141516:01 ..\bachelors-thesis-main\dictionaries\English.dic ..\bachelors-thesis-main\dictionaries\English2.dic --machine-readable --status --status-timer=1 --quiet