STATUS,SPEED,MILISECONDS,EXEC_RUNTIME,CURKU,PROGRESS,PROGRESS_ALL,RECHASH,RECHASH,RECSALT,RECSALT,TEMP,REJECTED,UTIL
3,8864965626,1000,0.743516,79744,30509017728,101742498841,0,1,0,1,82,0,62
3,8776059578,1000,0.746468,119616,39236001728,101742498841,0,1,0,1,80,0,71
6,8785413614,1000,0.745634,119616,40777293760,101742498841,1,1,1,1,80,0,71
err,hipDeviceGetCount(): 100


hashcat arguments,hashcat.exe -a 1 --runtime 15 -m 900 afe04867ec7a3845145579a95f72eca7 ..\bachelors-thesis-main\dictionaries\English.dic ..\bachelors-thesis-main\dictionaries\English2.dic --machine-readable --status --status-timer=1 --quiet