STATUS,SPEED,MILISECONDS,EXEC_RUNTIME,CURKU,PROGRESS,PROGRESS_ALL,RECHASH,RECHASH,RECSALT,RECSALT,TEMP,REJECTED,UTIL
3,4774362160,1000,0.309203,39872,16530412864,101742498841,0,1,0,1,74,0,54
3,5137717790,1000,0.328451,39872,21771826496,101742498841,0,1,0,1,75,0,57
3,4908467110,1000,0.315169,79744,26778274432,101742498841,0,1,0,1,75,0,59
3,4908913008,1000,0.310464,79744,31935478400,101742498841,0,1,0,1,76,0,55
3,5012673464,1000,0.323938,79744,37003369088,101742498841,0,1,0,1,76,0,59
6,4817226209,1000,0.312138,119616,40772190144,101742498841,1,1,1,1,76,0,58
err,hipDeviceGetCount(): 100


hashcat arguments,hashcat.exe -a 1 --runtime 15 -m 1000 b4b9b02e6f09a9bd760f388b67351e2b ..\bachelors-thesis-main\dictionaries\English.dic ..\bachelors-thesis-main\dictionaries\English2.dic --machine-readable --status --status-timer=1 --quiet