STATUS,SPEED,MILISECONDS,EXEC_RUNTIME,CURKU,PROGRESS,PROGRESS_ALL,RECHASH,RECHASH,RECSALT,RECSALT,TEMP,REJECTED,UTIL
6,6566586054,1000,6.738000,0,12935233536,101742498841,1,1,1,1,81,0,88
err,hipDeviceGetCount(): 100


hashcat arguments,hashcat.exe -a 1 --runtime 15 -m 11000 810e3d12f0f10777a679d9ca1ad7a8d9:M2uZ122bSHJ4Mi54tXGY0lqcv1r28mUluSkyw37ou5oia4i239ujqw0l ..\bachelors-thesis-main\dictionaries\English.dic ..\bachelors-thesis-main\dictionaries\English2.dic --machine-readable --status --status-timer=1 --quiet