STATUS,SPEED,MILISECONDS,EXEC_RUNTIME,CURKU,PROGRESS,PROGRESS_ALL,RECHASH,RECHASH,RECSALT,RECSALT,TEMP,REJECTED,UTIL
3,1627,1000,48.297020,0,6144,101742498841,0,1,0,1,80,0,99
3,1629,1000,48.293674,0,7680,101742498841,0,1,0,1,81,0,99
3,1630,1000,48.320132,0,9216,101742498841,0,1,0,1,82,0,99
3,1630,1000,48.363511,0,10752,101742498841,0,1,0,1,82,0,99
3,1629,1000,48.390028,0,13824,101742498841,0,1,0,1,83,0,99
3,1629,1000,48.447392,0,15360,101742498841,0,1,0,1,83,0,99
3,1628,1000,48.507683,0,16896,101742498841,0,1,0,1,84,0,99
3,1627,1000,48.588563,0,18432,101742498841,0,1,0,1,83,0,99
3,1626,1000,48.698105,0,19968,101742498841,0,1,0,1,83,0,99
3,1625,1000,48.797567,0,21504,101742498841,0,1,0,1,84,0,99
11,1624,1000,48.859170,0,23040,101742498841,0,1,0,1,84,0,99
11,1624,1000,48.859366,0,23040,101742498841,0,1,0,1,84,0,99
err,hipDeviceGetCount(): 100


hashcat arguments,hashcat.exe -a 1 --runtime 15 -m 28200 EXODUS:16384:8:1:IYkXZgFETRmFp4wQXyP8XMe3LtuOw8wMdLcBVQ+9YWE=:lq0W9ekN5sC0O7Xw:UD4a6mUUhkTbQtGWitXHZUg0pQ4RHI6W/KUyYE95m3k=:ZuNQckXOtr4r21x+DT1zpQ== ..\bachelors-thesis-main\dictionaries\English.dic ..\bachelors-thesis-main\dictionaries\English2.dic --machine-readable --status --status-timer=1 --quiet