STATUS,SPEED,MILISECONDS,EXEC_RUNTIME,CURKU,PROGRESS,PROGRESS_ALL,RECHASH,RECHASH,RECSALT,RECSALT,TEMP,REJECTED,UTIL
3,302779,1000,7.731029,0,1032192,101742498841,0,1,0,1,88,0,95
7,302628,1000,7.628667,0,1327104,101742498841,0,1,0,1,91,0,94
7,302628,1000,7.627226,0,1327104,101742498841,0,1,0,1,91,0,94
err,hipDeviceGetCount(): 100


hashcat arguments,hashcat.exe -a 1 --runtime 15 -m 6222 ..\bachelors-thesis-main\hash-files\hashcat_sha512_twofish-serpent.tc ..\bachelors-thesis-main\dictionaries\English.dic ..\bachelors-thesis-main\dictionaries\English2.dic --machine-readable --status --status-timer=1 --quiet