STATUS,SPEED,MILISECONDS,EXEC_RUNTIME,CURKU,PROGRESS,PROGRESS_ALL,RECHASH,RECHASH,RECSALT,RECSALT,TEMP,REJECTED,UTIL
3,6742994418,1000,0.381113,79744,25721825920,101742498841,0,1,0,1,78,0,48
3,7386968753,1000,0.371974,79744,33703881344,101742498841,0,1,0,1,82,0,48
6,7201152486,1000,0.373997,119616,40772190144,101742498841,1,1,1,1,81,0,53
6,7201152486,1000,0.373997,119616,40772190144,101742498841,1,1,1,1,81,0,46
err,hipDeviceGetCount(): 100


hashcat arguments,hashcat.exe -a 1 --runtime 15 -m 10100 ad61d78c06037cd9:2:4:81533218127174468417660201434054 ..\bachelors-thesis-main\dictionaries\English.dic ..\bachelors-thesis-main\dictionaries\English2.dic --machine-readable --status --status-timer=1 --quiet