STATUS,SPEED,MILISECONDS,EXEC_RUNTIME,CURKU,PROGRESS,PROGRESS_ALL,RECHASH,RECHASH,RECSALT,RECSALT,TEMP,REJECTED,UTIL
3,3290881974,1000,7.391369,0,11551113216,101742498841,0,1,0,1,86,0,94
6,3282566470,1000,7.428574,0,12910067712,101742498841,1,1,1,1,86,0,94
err,hipDeviceGetCount(): 100


hashcat arguments,hashcat.exe -a 1 --runtime 15 -m 4410 bc8319c0220bff8a0d7f5d703114a725:34659348756345251 ..\bachelors-thesis-main\dictionaries\English.dic ..\bachelors-thesis-main\dictionaries\English2.dic --machine-readable --status --status-timer=1 --quiet