STATUS,SPEED,MILISECONDS,EXEC_RUNTIME,CURKU,PROGRESS,PROGRESS_ALL,RECHASH,RECHASH,RECSALT,RECSALT,TEMP,REJECTED,UTIL
3,4557879665,1000,0.280535,39872,15910323520,101742498841,0,1,0,1,76,0,45
3,4434034365,1000,0.273590,59808,20301885408,101742498841,0,1,0,1,75,0,49
3,5500082740,1000,0.274017,79744,25436023424,101742498841,0,1,0,1,74,0,45
3,4814577358,1000,0.278489,79744,30093073024,101742498841,0,1,0,1,75,0,47
3,4414829912,1000,0.281209,99680,34676020512,101742498841,0,1,0,1,76,0,46
3,4340485399,1000,0.277728,119616,39049719744,101742498841,0,1,0,1,75,0,46
6,4374536843,1000,0.276373,119616,39463112640,101742498841,1,1,1,1,75,0,46
err,hipDeviceGetCount(): 100


hashcat arguments,hashcat.exe -a 1 --runtime 15 -m 16400 {CRAM-MD5}5389b33b9725e5657cb631dc50017ff1535ce4e2a1c414009126506fc4327d0d ..\bachelors-thesis-main\dictionaries\English.dic ..\bachelors-thesis-main\dictionaries\English2.dic --machine-readable --status --status-timer=1 --quiet