STATUS,SPEED,MILISECONDS,EXEC_RUNTIME,CURKU,PROGRESS,PROGRESS_ALL,RECHASH,RECHASH,RECSALT,RECSALT,TEMP,REJECTED,UTIL
3,5853787960,1000,0.637448,39872,20490818880,101742498841,0,1,0,1,75,0,67
3,5369856186,1000,0.642099,79744,26038250112,101742498841,0,1,0,1,74,0,71
3,5661931151,1000,0.644229,79744,32086035072,101742498841,0,1,0,1,77,0,65
3,5790734682,1000,0.649080,119616,38154035136,101742498841,0,1,0,1,76,0,73
6,5656891711,1000,0.654752,119616,40772190144,101742498841,1,1,1,1,72,0,67
err,hipDeviceGetCount(): 100


hashcat arguments,hashcat.exe -a 1 --runtime 15 -m 10 01dfae6e5d4d90d9892622325959afbe:7050461 ..\bachelors-thesis-main\dictionaries\English.dic ..\bachelors-thesis-main\dictionaries\English2.dic --machine-readable --status --status-timer=1 --quiet