STATUS,SPEED,MILISECONDS,EXEC_RUNTIME,CURKU,PROGRESS,PROGRESS_ALL,RECHASH,RECHASH,RECSALT,RECSALT,TEMP,REJECTED,UTIL
3,204406,1000,11.906162,0,688128,101742498841,0,1,0,1,87,0,96
3,203124,1000,12.041609,0,884736,101742498841,0,1,0,1,88,0,97
3,202459,1000,12.204142,0,1081344,101742498841,0,1,0,1,87,0,97
3,202612,1000,12.065147,0,1277952,101742498841,0,1,0,1,88,0,97
3,201392,1000,12.167626,0,1474560,101742498841,0,1,0,1,87,0,97
3,200494,1000,12.201030,0,1671168,101742498841,0,1,0,1,90,0,97
7,200428,1000,12.049536,0,1867776,101742498841,0,1,0,1,92,0,97
7,200428,1000,12.053741,0,1867776,101742498841,0,1,0,1,92,0,97
err,hipDeviceGetCount(): 100


hashcat arguments,hashcat.exe -a 1 --runtime 15 -m 6223 ..\bachelors-thesis-main\hash-files\hashcat_sha512_serpent-twofish-aes.tc ..\bachelors-thesis-main\dictionaries\English.dic ..\bachelors-thesis-main\dictionaries\English2.dic --machine-readable --status --status-timer=1 --quiet