STATUS,SPEED,MILISECONDS,EXEC_RUNTIME,CURKU,PROGRESS,PROGRESS_ALL,RECHASH,RECHASH,RECSALT,RECSALT,TEMP,REJECTED,UTIL
3,2621707706,1000,18.396809,0,9311354880,101742498841,0,1,0,1,81,0,94
3,2643401276,1000,18.170341,0,12129927168,101742498841,0,1,0,1,82,0,94
6,2642659467,1000,18.109094,0,12935233536,101742498841,1,1,1,1,82,0,94
err,hipDeviceGetCount(): 100


hashcat arguments,hashcat.exe -a 1 --runtime 15 -m 7000 AK1AAECAwQFBgcICRARNGqgeC3is8gv2xWWRony9NJnDgE= ..\bachelors-thesis-main\dictionaries\English.dic ..\bachelors-thesis-main\dictionaries\English2.dic --machine-readable --status --status-timer=1 --quiet