STATUS,SPEED,MILISECONDS,EXEC_RUNTIME,CURKU,PROGRESS,PROGRESS_ALL,RECHASH,RECHASH,RECSALT,RECSALT,TEMP,REJECTED,UTIL
3,4671119347,1000,0.739723,39872,15866942784,101742498841,0,1,0,1,74,0,60
3,4728833998,1000,0.752448,39872,20883797312,101742498841,0,1,0,1,74,0,66
3,4462130120,1000,0.691543,79744,25476852352,101742498841,0,1,0,1,72,0,66
3,4652413120,1000,0.743835,79744,30417152640,101742498841,0,1,0,1,75,0,60
3,4712512950,1000,0.748288,79744,35286002304,101742498841,0,1,0,1,76,0,67
3,4630027324,1000,0.753411,119616,39720845248,101742498841,0,1,0,1,75,0,62
6,4650809771,1000,0.712460,119616,40772190144,101742498841,1,1,1,1,75,0,62
err,hipDeviceGetCount(): 100


hashcat arguments,hashcat.exe -a 1 --runtime 15 -m 70 2303b15bfa48c74a74758135a0df1201 ..\bachelors-thesis-main\dictionaries\English.dic ..\bachelors-thesis-main\dictionaries\English2.dic --machine-readable --status --status-timer=1 --quiet