STATUS,SPEED,MILISECONDS,EXEC_RUNTIME,CURKU,PROGRESS,PROGRESS_ALL,RECHASH,RECHASH,RECSALT,RECSALT,TEMP,REJECTED,UTIL
err,hipDeviceGetCount(): 100

The plugin 16800 is deprecated and was replaced with plugin 22000. For more details, please read: https://hashcat.net/forum/thread-10253.html


hashcat arguments,hashcat.exe -a 1 --runtime 15 -m 16800 2582a8281bf9d4308d6f5731d0e61c61*4604ba734d4e*89acf0e761f4*ed487162465a774bfba60eb603a39f3a ..\bachelors-thesis-main\dictionaries\English.dic ..\bachelors-thesis-main\dictionaries\English2.dic --machine-readable --status --status-timer=1 --quiet