STATUS,SPEED,MILISECONDS,EXEC_RUNTIME,CURKU,PROGRESS,PROGRESS_ALL,RECHASH,RECHASH,RECSALT,RECSALT,TEMP,REJECTED,UTIL
3,5121251773,1000,9.454508,0,17867735040,101742498841,0,1,0,1,86,0,95
3,5092067740,1000,9.586005,0,22951231488,101742498841,0,1,0,1,86,0,95
3,5062102668,1000,9.684906,0,28034727936,101742498841,0,1,0,1,86,0,95
3,4971758717,1000,9.694282,98304,32664748032,101742498841,0,1,0,1,88,0,95
3,4961385616,1000,9.724277,98304,37697912832,101742498841,0,1,0,1,88,0,86
6,4959691806,1000,9.728255,98304,37848907776,101742498841,1,1,1,1,88,0,86
err,hipDeviceGetCount(): 100


hashcat arguments,hashcat.exe -a 1 --runtime 15 -m 4400 288496df99b33f8f75a7ce4837d1b480 ..\bachelors-thesis-main\dictionaries\English.dic ..\bachelors-thesis-main\dictionaries\English2.dic --machine-readable --status --status-timer=1 --quiet