STATUS,SPEED,MILISECONDS,EXEC_RUNTIME,CURKU,PROGRESS,PROGRESS_ALL,RECHASH,RECHASH,RECSALT,RECSALT,TEMP,REJECTED,UTIL
3,3546400793,1000,6.844266,0,12406751232,101742498841,0,1,0,1,86,0,94
6,3539317626,1000,6.877056,0,12910067712,101742498841,1,1,1,1,86,0,94
err,hipDeviceGetCount(): 100


hashcat arguments,hashcat.exe -a 1 --runtime 15 -m 1420 eb368a2dfd38b405f014118c7d9747fcc97f4f0ee75c05963cd9da6ee65ef498:560407001617 ..\bachelors-thesis-main\dictionaries\English.dic ..\bachelors-thesis-main\dictionaries\English2.dic --machine-readable --status --status-timer=1 --quiet