STATUS,SPEED,MILISECONDS,EXEC_RUNTIME,CURKU,PROGRESS,PROGRESS_ALL,RECHASH,RECHASH,RECSALT,RECSALT,TEMP,REJECTED,UTIL
3,1268735171,1000,38.504552,0,4479516672,101742498841,0,1,0,1,79,0,97
3,1267352023,1000,38.531343,0,5788139520,101742498841,0,1,0,1,81,0,97
3,1266464996,1000,38.617609,0,7096762368,101742498841,0,1,0,1,82,0,97
3,1263416168,1000,38.776376,0,8405385216,101742498841,0,1,0,1,82,0,97
3,1262700576,1000,38.838952,0,9714008064,101742498841,0,1,0,1,83,0,97
3,1263413302,1000,38.750093,0,11022630912,101742498841,0,1,0,1,83,0,97
3,1264187914,1000,38.695912,0,12331253760,101742498841,0,1,0,1,83,0,97
6,1263535425,1000,38.726560,0,12935233536,101742498841,1,1,1,1,82,0,97
err,hipDeviceGetCount(): 100


hashcat arguments,hashcat.exe -a 1 --runtime 15 -m 27200 3999d08db95797891ec77f07223ca81bf43e1be2:5dcc47b04c49d3c8e1b9e4ec367fddeed21b7b85 ..\bachelors-thesis-main\dictionaries\English.dic ..\bachelors-thesis-main\dictionaries\English2.dic --machine-readable --status --status-timer=1 --quiet