STATUS,SPEED,MILISECONDS,EXEC_RUNTIME,CURKU,PROGRESS,PROGRESS_ALL,RECHASH,RECHASH,RECSALT,RECSALT,TEMP,REJECTED,UTIL
3,5470038225,1000,1.536134,0,18505479552,101742498841,0,1,0,1,81,0,77
3,5464586649,1000,1.537677,0,24017315712,101742498841,0,1,0,1,83,0,77
3,5363593109,1000,1.529572,79743,29079640581,101742498841,0,1,0,1,83,0,70
6,5367418996,1000,1.517287,79743,30671948805,101742498841,1,1,1,1,83,0,70
err,hipDeviceGetCount(): 100


hashcat arguments,hashcat.exe -a 1 --runtime 15 -m 120 cac35ec206d868b7d7cb0b55f31d9425b075082b:5363620024 ..\bachelors-thesis-main\dictionaries\English.dic ..\bachelors-thesis-main\dictionaries\English2.dic --machine-readable --status --status-timer=1 --quiet