STATUS,SPEED,MILISECONDS,EXEC_RUNTIME,CURKU,PROGRESS,PROGRESS_ALL,RECHASH,RECHASH,RECSALT,RECSALT,TEMP,REJECTED,UTIL
3,6749906757,1000,0.223692,39872,22848689472,101742498841,0,1,0,1,73,0,52
3,6201473438,1000,0.225410,79744,29023865472,101742498841,0,1,0,1,74,0,47
3,6711150156,1000,0.224702,79744,35801467520,101742498841,0,1,0,1,74,0,53
6,6263119733,1000,0.226097,119616,40772190144,101742498841,1,1,1,1,73,0,48
err,hipDeviceGetCount(): 100


hashcat arguments,hashcat.exe -a 1 --runtime 15 -m 99999 hashcat ..\bachelors-thesis-main\dictionaries\English.dic ..\bachelors-thesis-main\dictionaries\English2.dic --machine-readable --status --status-timer=1 --quiet