STATUS,SPEED,MILISECONDS,EXEC_RUNTIME,CURKU,PROGRESS,PROGRESS_ALL,RECHASH,RECHASH,RECSALT,RECSALT,TEMP,REJECTED,UTIL
3,1641873970,1000,6.913169,0,5762973696,101742498841,0,1,0,1,86,0,86
3,1630733254,1000,6.982905,0,7373586432,101742498841,0,1,0,1,86,0,86
3,1620886103,1000,7.035772,0,8971616256,101742498841,0,1,0,1,86,0,86
3,1614763000,1000,7.063966,0,10594811904,101742498841,0,1,0,1,85,0,86
3,1608464048,1000,7.102525,0,12192841728,101742498841,0,1,0,1,87,0,86
3,1603421784,1000,7.110616,0,13790871552,101742498841,0,1,0,1,87,0,86
3,1597670683,1000,7.182342,0,15363735552,101742498841,0,1,0,1,87,0,86
3,1593675335,1000,7.143833,0,16949182464,101742498841,0,1,0,1,87,0,86
3,1588469375,1000,7.262260,0,18509463552,101742498841,0,1,0,1,86,0,86
3,1584564834,1000,7.207270,0,20082327552,101742498841,0,1,0,1,87,0,86
3,1581640797,1000,7.183582,0,21667774464,101742498841,0,1,0,1,86,0,86
11,1578443307,1000,7.268528,0,23228055552,101742498841,0,1,0,1,87,0,86
11,1578443307,1000,7.266652,0,23228055552,101742498841,0,1,0,1,87,0,86
err,hipDeviceGetCount(): 100


hashcat arguments,hashcat.exe -a 1 --runtime 15 -m 28300 $teamspeak$3$E0aV0IQ29EDyxRfkFoQflUGJ6zo=$mRgDUkNpd0IwUEcTJQBmE0NHYwdDEhFzQ0VgMRcFJUIRYnaHBwNXRZJwk2ZUaURzdXkVYiUROERmI0hYYGFYCDiIJCeIU3N5EhRVcZFnSIRCJlkUFkY4YFMDcheYeTl4RYZEdpKGJYhxAIQJEYGYEA== ..\bachelors-thesis-main\dictionaries\English.dic ..\bachelors-thesis-main\dictionaries\English2.dic --machine-readable --status --status-timer=1 --quiet