STATUS,SPEED,MILISECONDS,EXEC_RUNTIME,CURKU,PROGRESS,PROGRESS_ALL,RECHASH,RECHASH,RECSALT,RECSALT,TEMP,REJECTED,UTIL
3,15827,1000,1.348056,0,0,101742498841,0,1,0,1,86,0,75
3,15742,1000,1.353647,0,0,101742498841,0,1,0,1,87,0,76
3,15715,1000,1.360978,0,0,101742498841,0,1,0,1,72,0,100
11,2787,1000,1.315080,0,79743,101742498841,0,1,0,1,71,0,100
11,2787,1000,1.315080,0,79743,101742498841,0,1,0,1,71,0,100
err,hipDeviceGetCount(): 100


hashcat arguments,hashcat.exe -a 1 --runtime 15 -m 29523 ..\bachelors-thesis-main\hash-files\hashcat_luks_sha256_twofish_cbc-essiv_256.txt ..\bachelors-thesis-main\dictionaries\English.dic ..\bachelors-thesis-main\dictionaries\English2.dic --machine-readable --status --status-timer=1 --quiet