STATUS,SPEED,MILISECONDS,EXEC_RUNTIME,CURKU,PROGRESS,PROGRESS_ALL,RECHASH,RECHASH,RECSALT,RECSALT,TEMP,REJECTED,UTIL
3,4600778404,1000,1.873726,0,15912875136,101742498841,0,1,0,1,80,0,80
3,4600289361,1000,1.858151,0,20557107456,101742498841,0,1,0,1,82,0,80
3,4597184512,1000,1.868231,0,25191132672,101742498841,0,1,0,1,83,0,80
3,4526067582,1000,1.875567,79743,29396060805,101742498841,0,1,0,1,83,0,73
6,4526815057,1000,1.877537,79743,30671948805,101742498841,1,1,1,1,83,0,73
err,hipDeviceGetCount(): 100


hashcat arguments,hashcat.exe -a 1 --runtime 15 -m 110 2fc5a684737ce1bf7b3b239df432416e0dd07357:2014 ..\bachelors-thesis-main\dictionaries\English.dic ..\bachelors-thesis-main\dictionaries\English2.dic --machine-readable --status --status-timer=1 --quiet