STATUS,SPEED,MILISECONDS,EXEC_RUNTIME,CURKU,PROGRESS,PROGRESS_ALL,RECHASH,RECHASH,RECSALT,RECSALT,TEMP,REJECTED,UTIL
3,736,1000,3.845035,0,0,101742498841,0,1,0,1,86,0,89
3,732,1000,3.927441,0,0,101742498841,0,1,0,1,87,0,90
3,727,1000,3.958682,0,0,101742498841,0,1,0,1,87,0,89
3,724,1000,3.894360,0,0,101742498841,0,1,0,1,87,0,89
3,721,1000,3.982063,0,0,101742498841,0,1,0,1,87,0,90
3,719,1000,3.972299,0,0,101742498841,0,1,0,1,88,0,90
7,717,1000,3.931570,0,0,101742498841,0,1,0,1,91,0,90
7,717,1000,3.928203,0,0,101742498841,0,1,0,1,91,0,90
err,hipDeviceGetCount(): 100


hashcat arguments,hashcat.exe -a 1 --runtime 15 -m 13712 ..\bachelors-thesis-main\hash-files\hashcat_ripemd160_twofish-serpent_13712.vc ..\bachelors-thesis-main\dictionaries\English.dic ..\bachelors-thesis-main\dictionaries\English2.dic --machine-readable --status --status-timer=1 --quiet