STATUS,SPEED,MILISECONDS,EXEC_RUNTIME,CURKU,PROGRESS,PROGRESS_ALL,RECHASH,RECHASH,RECSALT,RECSALT,TEMP,REJECTED,UTIL
3,2049347492,1000,11.426740,0,6921239542,101742498841,0,1,0,1,79,637942,91
3,2049688168,1000,11.374131,0,9010002934,101742498841,0,1,0,1,80,637942,91
3,2048133455,1000,11.413670,0,11098766326,101742498841,0,1,0,1,80,637942,92
6,2045867103,1000,11.475614,0,12910705654,101742498841,1,1,1,1,80,637942,91
err,hipDeviceGetCount(): 100


hashcat arguments,hashcat.exe -a 1 --runtime 15 -m 26402 2995e91b798ef51232a91579edb1d176:49869364034411376791729962721320 ..\bachelors-thesis-main\dictionaries\English.dic ..\bachelors-thesis-main\dictionaries\English2.dic --machine-readable --status --status-timer=1 --quiet