STATUS,SPEED,MILISECONDS,EXEC_RUNTIME,CURKU,PROGRESS,PROGRESS_ALL,RECHASH,RECHASH,RECSALT,RECSALT,TEMP,REJECTED,UTIL
3,1775934083,1000,14.162546,0,6266290176,101742498841,0,1,0,1,82,0,97
3,1734316546,1000,14.824433,0,7902068736,101742498841,0,1,0,1,83,0,97
3,1724606367,1000,15.031837,0,9638510592,101742498841,0,1,0,1,84,0,97
3,1740062834,1000,13.759493,0,11500781568,101742498841,0,1,0,1,84,0,97
6,1744332477,1000,13.554946,0,12910067712,101742498841,1,1,1,1,83,0,97
err,hipDeviceGetCount(): 100


hashcat arguments,hashcat.exe -a 1 --runtime 15 -m 1440 a4bd99e1e0aba51814e81388badb23ecc560312c4324b2018ea76393ea1caca9:12345678 ..\bachelors-thesis-main\dictionaries\English.dic ..\bachelors-thesis-main\dictionaries\English2.dic --machine-readable --status --status-timer=1 --quiet