STATUS,SPEED,MILISECONDS,EXEC_RUNTIME,CURKU,PROGRESS,PROGRESS_ALL,RECHASH,RECHASH,RECSALT,RECSALT,TEMP,REJECTED,UTIL
3,2248177000,1000,10.930582,0,7751073792,101742498841,0,1,0,1,85,0,96
3,2241048917,1000,10.970681,0,10041163776,101742498841,0,1,0,1,85,0,96
3,2233118470,1000,11.055962,0,12306087936,101742498841,0,1,0,1,86,0,96
6,2230563618,1000,11.069930,0,12910067712,101742498841,1,1,1,1,86,0,96
err,hipDeviceGetCount(): 100


hashcat arguments,hashcat.exe -a 1 --runtime 15 -m 4520 a0f835fdf57d36ebd8d0399cc44e6c2b86a1072b:511358214352751667201107073531735211566650747315 ..\bachelors-thesis-main\dictionaries\English.dic ..\bachelors-thesis-main\dictionaries\English2.dic --machine-readable --status --status-timer=1 --quiet