STATUS,SPEED,MILISECONDS,EXEC_RUNTIME,CURKU,PROGRESS,PROGRESS_ALL,RECHASH,RECHASH,RECSALT,RECSALT,TEMP,REJECTED,UTIL
3,1414,1000,5.548514,0,0,101742498841,0,1,0,1,86,0,94
3,1407,1000,5.586611,0,0,101742498841,0,1,0,1,88,0,93
3,1397,1000,5.678310,0,0,101742498841,0,1,0,1,86,0,93
3,1390,1000,5.690806,0,0,101742498841,0,1,0,1,87,0,93
7,1388,1000,5.542772,0,0,101742498841,0,1,0,1,91,0,93
7,1388,1000,5.539850,0,0,101742498841,0,1,0,1,91,0,93
err,hipDeviceGetCount(): 100


hashcat arguments,hashcat.exe -a 1 --runtime 15 -m 13721 ..\bachelors-thesis-main\hash-files\hashcat_sha512_serpent_13721.vc ..\bachelors-thesis-main\dictionaries\English.dic ..\bachelors-thesis-main\dictionaries\English2.dic --machine-readable --status --status-timer=1 --quiet