STATUS,SPEED,MILISECONDS,EXEC_RUNTIME,CURKU,PROGRESS,PROGRESS_ALL,RECHASH,RECHASH,RECSALT,RECSALT,TEMP,REJECTED,UTIL
3,1914,1000,4.015771,0,0,101742498841,0,1,0,1,85,0,91
3,1904,1000,4.047580,0,0,101742498841,0,1,0,1,89,0,91
3,1896,1000,4.070570,0,0,101742498841,0,1,0,1,90,0,91
3,1887,1000,4.135698,0,0,101742498841,0,1,0,1,88,0,91
3,1881,1000,3.931616,0,0,101742498841,0,1,0,1,90,0,91
3,1871,1000,4.132172,0,0,101742498841,0,1,0,1,87,0,91
3,1864,1000,4.148220,0,0,101742498841,0,1,0,1,87,0,91
3,1858,1000,4.115139,0,0,101742498841,0,1,0,1,87,0,91
3,1854,1000,4.133192,0,0,101742498841,0,1,0,1,88,0,91
7,1853,1000,4.046182,0,0,101742498841,0,1,0,1,91,0,91
7,1853,1000,4.042707,0,0,101742498841,0,1,0,1,91,0,91
err,hipDeviceGetCount(): 100


hashcat arguments,hashcat.exe -a 1 --runtime 15 -m 13751 ..\bachelors-thesis-main\hash-files\hashcat_sha256_aes_13751.vc ..\bachelors-thesis-main\dictionaries\English.dic ..\bachelors-thesis-main\dictionaries\English2.dic --machine-readable --status --status-timer=1 --quiet