STATUS,SPEED,MILISECONDS,EXEC_RUNTIME,CURKU,PROGRESS,PROGRESS_ALL,RECHASH,RECHASH,RECSALT,RECSALT,TEMP,REJECTED,UTIL
3,2758880106,1000,9.289212,0,9613344768,101742498841,0,1,0,1,84,0,95
3,2781223233,1000,8.436683,0,12507414528,101742498841,0,1,0,1,85,0,95
9e9283,633,4,7,42,3,93701155,8,5660,24,8758e7,3533e2,2,82
6,2778617753,1000,8.483089,0,12910067712,101742498841,1,1,1,1,85,0,95
err,hipDeviceGetCount(): 100


hashcat arguments,hashcat.exe -a 1 --runtime 15 -m 1470 9e9283e633f4a7a42d3abc93701155be8afe5660da24c8758e7d3533e2f2dc82 ..\bachelors-thesis-main\dictionaries\English.dic ..\bachelors-thesis-main\dictionaries\English2.dic --machine-readable --status --status-timer=1 --quiet