STATUS,SPEED,MILISECONDS,EXEC_RUNTIME,CURKU,PROGRESS,PROGRESS_ALL,RECHASH,RECHASH,RECSALT,RECSALT,TEMP,REJECTED,UTIL
3,26335,1000,1.416894,0,0,101742498841,0,1,0,1,86,0,76
3,26171,1000,1.431414,0,0,101742498841,0,1,0,1,87,0,76
3,26092,1000,1.394420,0,0,101742498841,0,1,0,1,88,0,76
3,26059,1000,1.378634,0,0,101742498841,0,1,0,1,74,0,100
11,6926,1000,1.369051,0,159486,101742498841,0,1,0,1,74,0,100
11,6926,1000,1.369051,0,159486,101742498841,0,1,0,1,74,0,100
err,hipDeviceGetCount(): 100


hashcat arguments,hashcat.exe -a 1 --runtime 15 -m 29543 ..\bachelors-thesis-main\hash-files\hashcat_luks_ripemd160_twofish_cbc-plain64_128.txt ..\bachelors-thesis-main\dictionaries\English.dic ..\bachelors-thesis-main\dictionaries\English2.dic --machine-readable --status --status-timer=1 --quiet