STATUS,SPEED,MILISECONDS,EXEC_RUNTIME,CURKU,PROGRESS,PROGRESS_ALL,RECHASH,RECHASH,RECSALT,RECSALT,TEMP,REJECTED,UTIL
3,4589977875,1000,1.363280,39872,15606658368,101742498841,0,1,0,1,81,0,54
3,4585570481,1000,1.380323,39872,20230534464,101742498841,0,1,0,1,81,0,64
3,4557143480,1000,1.374843,39872,24731923776,101742498841,0,1,0,1,82,0,59
3,4538483560,1000,1.381500,79744,29294357120,101742498841,0,1,0,1,83,0,58
3,4520221708,1000,1.369826,79744,33754917504,101742498841,0,1,0,1,84,0,61
3,4494547203,1000,1.381766,79744,38133820032,101742498841,0,1,0,1,83,0,59
6,4458832884,1000,1.364635,119616,40777293760,101742498841,1,1,1,1,82,0,59
err,hipDeviceGetCount(): 100


hashcat arguments,hashcat.exe -a 1 --runtime 15 -m 24700 66a75cb059 ..\bachelors-thesis-main\dictionaries\English.dic ..\bachelors-thesis-main\dictionaries\English2.dic --machine-readable --status --status-timer=1 --quiet