STATUS,SPEED,MILISECONDS,EXEC_RUNTIME,CURKU,PROGRESS,PROGRESS_ALL,RECHASH,RECHASH,RECSALT,RECSALT,TEMP,REJECTED,UTIL
3,1602935034,1000,7.184854,0,5561647104,101742498841,0,1,0,1,88,0,87
3,1592287383,1000,7.222387,0,7147094016,101742498841,0,1,0,1,90,0,88
3,1576583909,1000,7.419240,0,8682209280,101742498841,0,1,0,1,87,0,87
3,1563650009,1000,7.492010,0,10204741632,101742498841,0,1,0,1,86,0,87
3,1554216093,1000,7.511587,0,11739856896,101742498841,0,1,0,1,86,0,87
3,1546486094,1000,7.543179,0,13249806336,101742498841,0,1,0,1,86,0,87
7,1541191674,1000,7.461649,0,14772338688,101742498841,0,1,0,1,91,0,87
7,1541191674,1000,7.456616,0,14772338688,101742498841,0,1,0,1,91,0,87
err,hipDeviceGetCount(): 100


hashcat arguments,hashcat.exe -a 1 --runtime 15 -m 20900 100b3a4fc1dc8d60d9bf40688d8b740a ..\bachelors-thesis-main\dictionaries\English.dic ..\bachelors-thesis-main\dictionaries\English2.dic --machine-readable --status --status-timer=1 --quiet