STATUS,SPEED,MILISECONDS,EXEC_RUNTIME,CURKU,PROGRESS,PROGRESS_ALL,RECHASH,RECHASH,RECSALT,RECSALT,TEMP,REJECTED,UTIL
3,2439574153,1000,6.127659,0,67885343348,101742498841,0,1,0,1,84,59577403380,84
6,2440065603,1000,6.114284,0,68257593204,101742498841,1,1,1,1,84,59577403380,85
err,hipDeviceGetCount(): 100


hashcat arguments,hashcat.exe -a 1 --runtime 15 -m 8500 $racf$*USER*FC2577C6EBE6265B ..\bachelors-thesis-main\dictionaries\English.dic ..\bachelors-thesis-main\dictionaries\English2.dic --machine-readable --status --status-timer=1 --quiet