STATUS,SPEED,MILISECONDS,EXEC_RUNTIME,CURKU,PROGRESS,PROGRESS_ALL,RECHASH,RECHASH,RECSALT,RECSALT,TEMP,REJECTED,UTIL
3,230,1000,0.497765,0,700,1000,0,1,0,1,59,0,71
5,231,1000,0.494748,100,1000,1000,0,1,0,1,59,0,73
err,hipDeviceGetCount(): 100


hashcat arguments,hashcat.exe -a 0 --runtime 20 -m 8200 ..\bachelors-thesis-main\hash-files\hashcat.cloudkeychain ..\bachelors-thesis-main\dictionaries-dict\test-dic1.dic -r ..\bachelors-thesis-main\rules\ruleset1.rule --machine-readable --status --status-timer=1 --quiet