STATUS,SPEED,MILISECONDS,EXEC_RUNTIME,CURKU,PROGRESS,PROGRESS_ALL,RECHASH,RECHASH,RECSALT,RECSALT,TEMP,REJECTED,UTIL
3,5172026250,1000,7.996544,0,18377342976,101742498841,0,1,0,1,77,0,84
3,5149067015,1000,8.026363,0,23586668544,101742498841,0,1,0,1,77,0,84
3,5136493910,1000,8.032191,0,28747759616,101742498841,0,1,0,1,78,0,83
3,5067374450,1000,8.017953,94208,33570738176,101742498841,0,1,0,1,78,0,84
6,5071661028,1000,7.995547,94208,36271869952,101742498841,1,1,1,1,77,0,84
err,hipFuncGetAttribute is missing from HIP shared library.


hashcat arguments,hashcat.exe -a 1 --runtime 15 -m 21200 e69b7a7fe1bf2ad9ef116f79551ee919:baa038987e582431a6d ..\bachelors-thesis-main\dictionaries\English.dic ..\bachelors-thesis-main\dictionaries\English2.dic --machine-readable --status --status-timer=1 --quiet