STATUS,SPEED,MILISECONDS,EXEC_RUNTIME,CURKU,PROGRESS,PROGRESS_ALL,RECHASH,RECHASH,RECSALT,RECSALT,TEMP,REJECTED,UTIL
3,30,1000,3.593445,0,0,101742498841,0,1,0,1,66,0,90
3,30,1000,3.593255,0,0,101742498841,0,1,0,1,66,0,90
3,30,1000,3.594504,0,0,101742498841,0,1,0,1,66,0,90
3,30,1000,3.595994,0,0,101742498841,0,1,0,1,66,0,90
3,30,1000,3.595003,0,0,101742498841,0,1,0,1,67,0,90
3,30,1000,3.607446,0,0,101742498841,0,1,0,1,67,0,90
3,30,1000,3.606362,0,0,101742498841,0,1,0,1,67,0,90
3,30,1000,3.606589,0,0,101742498841,0,1,0,1,68,0,90
3,30,1000,3.607731,0,0,101742498841,0,1,0,1,68,0,90
3,30,1000,3.609648,0,0,101742498841,0,1,0,1,68,0,90
3,30,1000,3.606904,0,0,101742498841,0,1,0,1,68,0,90
11,30,1000,3.608018,0,0,101742498841,0,1,0,1,69,0,90
11,30,1000,3.608018,0,0,101742498841,0,1,0,1,69,0,90
err,hipFuncGetAttribute is missing from HIP shared library.


hashcat arguments,hashcat.exe -a 1 --runtime 15 -m 13772 ..\bachelors-thesis-main\hash-files\hashcat_streebog512_aes-twofish_13772.vc ..\bachelors-thesis-main\dictionaries\English.dic ..\bachelors-thesis-main\dictionaries\English2.dic --machine-readable --status --status-timer=1 --quiet