STATUS,SPEED,MILISECONDS,EXEC_RUNTIME,CURKU,PROGRESS,PROGRESS_ALL,RECHASH,RECHASH,RECSALT,RECSALT,TEMP,REJECTED,UTIL
3,4246247106,1000,0.724126,39872,14943188288,101742498841,0,1,0,1,69,0,66
3,4223898793,1000,0.721961,59808,19077017568,101742498841,0,1,0,1,68,0,47
3,4566509794,1000,0.737534,59808,22858797024,101742498841,0,1,0,1,69,0,67
3,3917260545,1000,0.731651,79744,26579233408,101742498841,0,1,0,1,69,0,41
3,4150940667,1000,0.727626,79744,31116348032,101742498841,0,1,0,1,70,0,64
3,4132188327,1000,0.738687,99680,35306317088,101742498841,0,1,0,1,70,0,66
3,4052431323,1000,0.723796,119616,39159447488,101742498841,0,1,0,1,70,0,65
6,4021510320,1000,0.728493,119616,39465664448,101742498841,1,1,1,1,70,0,65
err,hipFuncGetAttribute is missing from HIP shared library.


hashcat arguments,hashcat.exe -a 1 --runtime 15 -m 3800 2e45c4b99396c6cb2db8bda0d3df669f:1234 ..\bachelors-thesis-main\dictionaries\English.dic ..\bachelors-thesis-main\dictionaries\English2.dic --machine-readable --status --status-timer=1 --quiet