STATUS,SPEED,MILISECONDS,EXEC_RUNTIME,CURKU,PROGRESS,PROGRESS_ALL,RECHASH,RECHASH,RECSALT,RECSALT,TEMP,REJECTED,UTIL
3,4704,1000,4.081165,0,0,101742498841,0,1,0,1,78,0,91
3,4701,1000,4.081118,0,0,101742498841,0,1,0,1,79,0,91
3,4699,1000,4.080075,0,0,101742498841,0,1,0,1,79,0,91
3,4698,1000,4.081037,0,0,101742498841,0,1,0,1,79,0,91
3,4697,1000,4.083415,0,0,101742498841,0,1,0,1,79,0,91
3,4697,1000,4.084644,0,0,101742498841,0,1,0,1,80,0,91
3,4696,1000,4.084288,0,0,101742498841,0,1,0,1,80,0,91
3,4695,1000,4.083967,0,0,101742498841,0,1,0,1,80,0,91
3,4695,1000,4.084017,0,0,101742498841,0,1,0,1,80,0,91
3,4695,1000,4.083170,0,0,101742498841,0,1,0,1,81,0,91
3,4688,1000,4.052847,0,65536,101742498841,0,1,0,1,80,0,91
11,4688,1000,4.087235,0,65536,101742498841,0,1,0,1,81,0,91
11,4688,1000,4.087115,0,65536,101742498841,0,1,0,1,81,0,91
err,hipFuncGetAttribute is missing from HIP shared library.


hashcat arguments,hashcat.exe -a 1 --runtime 15 -m 13761 ..\bachelors-thesis-main\hash-files\hashcat_sha256_twofish_boot.vc ..\bachelors-thesis-main\dictionaries\English.dic ..\bachelors-thesis-main\dictionaries\English2.dic --machine-readable --status --status-timer=1 --quiet