STATUS,SPEED,MILISECONDS,EXEC_RUNTIME,CURKU,PROGRESS,PROGRESS_ALL,RECHASH,RECHASH,RECSALT,RECSALT,TEMP,REJECTED,UTIL
3,54,1000,2.881212,0,0,101742498841,0,1,0,1,67,0,96
3,54,1000,2.889248,0,0,101742498841,0,1,0,1,67,0,95
3,54,1000,2.890596,0,0,101742498841,0,1,0,1,67,0,95
3,54,1000,2.891017,0,0,101742498841,0,1,0,1,68,0,95
3,53,1000,2.892328,0,0,101742498841,0,1,0,1,68,0,93
3,53,1000,2.898117,0,0,101742498841,0,1,0,1,68,0,88
3,53,1000,2.896865,0,0,101742498841,0,1,0,1,68,0,88
3,52,1000,2.897115,0,0,101742498841,0,1,0,1,68,0,88
3,52,1000,2.897377,0,0,101742498841,0,1,0,1,69,0,88
3,52,1000,2.892640,0,0,101742498841,0,1,0,1,69,0,95
3,52,1000,2.892873,0,0,101742498841,0,1,0,1,69,0,95
11,52,1000,2.891406,0,0,101742498841,0,1,0,1,70,0,95
11,52,1000,2.891630,0,0,101742498841,0,1,0,1,70,0,95
err,hipFuncGetAttribute is missing from HIP shared library.


hashcat arguments,hashcat.exe -a 1 --runtime 15 -m 13783 ..\bachelors-thesis-main\hash-files\hashcat_streebog512_serpent-twofish-aes_boot_13783.vc ..\bachelors-thesis-main\dictionaries\English.dic ..\bachelors-thesis-main\dictionaries\English2.dic --machine-readable --status --status-timer=1 --quiet