STATUS,SPEED,MILISECONDS,EXEC_RUNTIME,CURKU,PROGRESS,PROGRESS_ALL,RECHASH,RECHASH,RECSALT,RECSALT,TEMP,REJECTED,UTIL
6,8993678261,1000,8.044882,0,20985740032,101742498841,1,1,1,1,65,0,87
err,hipFuncGetAttribute is missing from HIP shared library.


hashcat arguments,hashcat.exe -a 1 --runtime 15 -m 17225 $pkzip2$3*1*1*0*0*24*3e2c*3ef8*0619e9d17ff3f994065b99b1fa8aef41c056edf9fa4540919c109742dcb32f797fc90ce0*1*0*8*24*431a*3f26*18e2461c0dbad89bd9cc763067a020c89b5e16195b1ac5fa7fb13bd246d000b6833a2988*2*0*23*17*1e3c1a16*2e4*2f*0*23*1e3c*3f2d*54ea4dbc711026561485bbd191bf300ae24fa0997f3779b688cdad323985f8d3bb8b0c*$/pkzip2$ ..\bachelors-thesis-main\dictionaries\English.dic ..\bachelors-thesis-main\dictionaries\English2.dic --machine-readable --status --status-timer=1 --quiet