STATUS,SPEED,MILISECONDS,EXEC_RUNTIME,CURKU,PROGRESS,PROGRESS_ALL,RECHASH,RECHASH,RECSALT,RECSALT,TEMP,REJECTED,UTIL
3,453,1000,4.104289,0,0,101742498841,0,1,0,1,76,0,91
3,453,1000,4.106300,0,0,101742498841,0,1,0,1,76,0,91
3,452,1000,4.108460,0,0,101742498841,0,1,0,1,77,0,91
3,452,1000,4.103874,0,0,101742498841,0,1,0,1,77,0,91
3,452,1000,4.103413,0,0,101742498841,0,1,0,1,77,0,91
3,452,1000,4.110069,0,0,101742498841,0,1,0,1,78,0,91
3,452,1000,4.107636,0,0,101742498841,0,1,0,1,78,0,91
3,452,1000,4.106731,0,0,101742498841,0,1,0,1,79,0,91
3,452,1000,4.105638,0,0,101742498841,0,1,0,1,79,0,91
3,452,1000,4.103933,0,0,101742498841,0,1,0,1,79,0,91
3,452,1000,4.118536,0,0,101742498841,0,1,0,1,80,0,91
11,452,1000,4.119894,0,0,101742498841,0,1,0,1,80,0,91
11,452,1000,4.120094,0,0,101742498841,0,1,0,1,80,0,91
err,hipFuncGetAttribute is missing from HIP shared library.


hashcat arguments,hashcat.exe -a 1 --runtime 15 -m 13723 ..\bachelors-thesis-main\hash-files\hashcat_sha512_serpent-twofish-aes_13723.vc ..\bachelors-thesis-main\dictionaries\English.dic ..\bachelors-thesis-main\dictionaries\English2.dic --machine-readable --status --status-timer=1 --quiet