STATUS,SPEED,MILISECONDS,EXEC_RUNTIME,CURKU,PROGRESS,PROGRESS_ALL,RECHASH,RECHASH,RECSALT,RECSALT,TEMP,REJECTED,UTIL
3,650,1000,2.750925,0,0,101742498841,0,1,0,1,77,0,87
3,650,1000,2.752950,0,0,101742498841,0,1,0,1,77,0,87
3,649,1000,2.751217,0,0,101742498841,0,1,0,1,78,0,87
3,649,1000,2.750104,0,0,101742498841,0,1,0,1,78,0,87
3,649,1000,2.752858,0,0,101742498841,0,1,0,1,78,0,87
3,649,1000,2.751261,0,0,101742498841,0,1,0,1,79,0,87
3,649,1000,2.751864,0,0,101742498841,0,1,0,1,79,0,87
3,649,1000,2.754784,0,0,101742498841,0,1,0,1,79,0,87
3,649,1000,2.751535,0,0,101742498841,0,1,0,1,80,0,87
3,649,1000,2.752398,0,0,101742498841,0,1,0,1,80,0,87
3,649,1000,2.752544,0,0,101742498841,0,1,0,1,80,0,87
11,648,1000,2.753738,0,0,101742498841,0,1,0,1,81,0,87
11,648,1000,2.753722,0,0,101742498841,0,1,0,1,81,0,87
err,hipFuncGetAttribute is missing from HIP shared library.


hashcat arguments,hashcat.exe -a 1 --runtime 15 -m 13722 ..\bachelors-thesis-main\hash-files\hashcat_sha512_aes-twofish_13722.vc ..\bachelors-thesis-main\dictionaries\English.dic ..\bachelors-thesis-main\dictionaries\English2.dic --machine-readable --status --status-timer=1 --quiet