STATUS,SPEED,MILISECONDS,EXEC_RUNTIME,CURKU,PROGRESS,PROGRESS_ALL,RECHASH,RECHASH,RECSALT,RECSALT,TEMP,REJECTED,UTIL
3,29857,1000,7.604894,0,94208,101742498841,0,1,0,1,80,0,93
3,29857,1000,7.646307,0,94208,101742498841,0,1,0,1,80,0,94
3,29837,1000,7.620882,0,141312,101742498841,0,1,0,1,81,0,94
3,29806,1000,7.622916,0,188416,101742498841,0,1,0,1,81,0,94
3,29806,1000,7.682565,0,188416,101742498841,0,1,0,1,81,0,94
3,29774,1000,7.643619,0,235520,101742498841,0,1,0,1,82,0,94
3,29747,1000,7.642764,0,282624,101742498841,0,1,0,1,82,0,94
3,29747,1000,7.686227,0,282624,101742498841,0,1,0,1,82,0,94
3,29727,1000,7.646445,0,329728,101742498841,0,1,0,1,82,0,94
3,29706,1000,7.660636,0,376832,101742498841,0,1,0,1,83,0,94
3,29706,1000,7.818722,0,376832,101742498841,0,1,0,1,83,0,94
11,29641,1000,7.783589,0,423936,101742498841,0,1,0,1,83,0,94
11,29641,1000,7.783069,0,423936,101742498841,0,1,0,1,83,0,94
err,hipFuncGetAttribute is missing from HIP shared library.


hashcat arguments,hashcat.exe -a 1 --runtime 15 -m 20200 $pbkdf2-sha512$25000$LyWE0HrP2RsjZCxlDGFMKQ$1vC5Ohk2mCS9b6akqsEfgeb4l74SF8XjH.SljXf3dMLHdlY1GK9ojcCKts6/asR4aPqBmk74nCDddU3tvSCJvw ..\bachelors-thesis-main\dictionaries\English.dic ..\bachelors-thesis-main\dictionaries\English2.dic --machine-readable --status --status-timer=1 --quiet