STATUS,SPEED,MILISECONDS,EXEC_RUNTIME,CURKU,PROGRESS,PROGRESS_ALL,RECHASH,RECHASH,RECSALT,RECSALT,TEMP,REJECTED,UTIL
3,1676,1000,44.663164,0,5888,101742498841,0,1,0,1,70,0,99
3,1679,1000,44.625240,0,8832,101742498841,0,1,0,1,70,0,99
3,1680,1000,44.627422,0,10304,101742498841,0,1,0,1,71,0,99
3,1680,1000,44.574804,0,11776,101742498841,0,1,0,1,71,0,99
3,1680,1000,44.609192,0,13248,101742498841,0,1,0,1,71,0,99
3,1679,1000,44.639267,0,16192,101742498841,0,1,0,1,71,0,99
3,1679,1000,44.671784,0,17664,101742498841,0,1,0,1,72,0,100
3,1679,1000,44.692055,0,19136,101742498841,0,1,0,1,72,0,99
3,1679,1000,44.736469,0,20608,101742498841,0,1,0,1,72,0,99
3,1678,1000,44.768921,0,23552,101742498841,0,1,0,1,72,0,99
11,1678,1000,44.773364,0,25024,101742498841,0,1,0,1,73,0,100
11,1678,1000,44.776556,0,25024,101742498841,0,1,0,1,73,0,100
err,hipFuncGetAttribute is missing from HIP shared library.


hashcat arguments,hashcat.exe -a 1 --runtime 15 -m 28200 EXODUS:16384:8:1:IYkXZgFETRmFp4wQXyP8XMe3LtuOw8wMdLcBVQ+9YWE=:lq0W9ekN5sC0O7Xw:UD4a6mUUhkTbQtGWitXHZUg0pQ4RHI6W/KUyYE95m3k=:ZuNQckXOtr4r21x+DT1zpQ== ..\bachelors-thesis-main\dictionaries\English.dic ..\bachelors-thesis-main\dictionaries\English2.dic --machine-readable --status --status-timer=1 --quiet