STATUS,SPEED,MILISECONDS,EXEC_RUNTIME,CURKU,PROGRESS,PROGRESS_ALL,RECHASH,RECHASH,RECSALT,RECSALT,TEMP,REJECTED,UTIL
3,764,1000,3.677096,0,0,101742498841,0,1,0,1,76,0,90
3,764,1000,3.678152,0,0,101742498841,0,1,0,1,77,0,90
3,764,1000,3.684778,0,0,101742498841,0,1,0,1,77,0,90
3,764,1000,3.691249,0,0,101742498841,0,1,0,1,78,0,90
3,764,1000,3.690128,0,0,101742498841,0,1,0,1,78,0,90
3,764,1000,3.686925,0,0,101742498841,0,1,0,1,78,0,90
3,764,1000,3.689462,0,0,101742498841,0,1,0,1,79,0,90
3,763,1000,3.687168,0,0,101742498841,0,1,0,1,79,0,90
3,763,1000,3.694851,0,0,101742498841,0,1,0,1,80,0,90
3,763,1000,3.703582,0,0,101742498841,0,1,0,1,80,0,90
3,762,1000,3.703277,0,0,101742498841,0,1,0,1,80,0,90
11,762,1000,3.704550,0,0,101742498841,0,1,0,1,81,0,90
11,762,1000,3.704480,0,0,101742498841,0,1,0,1,81,0,91
err,hipFuncGetAttribute is missing from HIP shared library.


hashcat arguments,hashcat.exe -a 1 --runtime 15 -m 13712 ..\bachelors-thesis-main\hash-files\hashcat_ripemd160_serpent-aes_13712.vc ..\bachelors-thesis-main\dictionaries\English.dic ..\bachelors-thesis-main\dictionaries\English2.dic --machine-readable --status --status-timer=1 --quiet