STATUS,SPEED,MILISECONDS,EXEC_RUNTIME,CURKU,PROGRESS,PROGRESS_ALL,RECHASH,RECHASH,RECSALT,RECSALT,TEMP,REJECTED,UTIL
3,5035141712,1000,0.567244,39872,17877767488,101742498841,0,1,0,1,72,0,61
3,5178176199,1000,0.568612,59808,22807760864,101742498841,0,1,0,1,72,0,58
3,4935519596,1000,0.578590,79744,27722443392,101742498841,0,1,0,1,72,0,59
3,4908082652,1000,0.571336,99680,32698369312,101742498841,0,1,0,1,72,0,34
3,5007304171,1000,0.572052,99680,38006129952,101742498841,0,1,0,1,72,0,62
6,4928714858,1000,0.558300,119616,39465664448,101742498841,1,1,1,1,72,0,61
err,hipFuncGetAttribute is missing from HIP shared library.


hashcat arguments,hashcat.exe -a 1 --runtime 15 -m 5100 8743b52063cd8409 ..\bachelors-thesis-main\dictionaries\English.dic ..\bachelors-thesis-main\dictionaries\English2.dic --machine-readable --status --status-timer=1 --quiet