STATUS,SPEED,MILISECONDS,EXEC_RUNTIME,CURKU,PROGRESS,PROGRESS_ALL,RECHASH,RECHASH,RECSALT,RECSALT,TEMP,REJECTED,UTIL
3,3471608503,1000,0.363354,39872,13190096192,101742498841,0,1,0,1,71,0,29
3,3756986689,1000,0.362837,39872,17219401024,101742498841,0,1,0,1,71,0,54
3,4482006516,1000,0.370733,59808,20952596448,101742498841,0,1,0,1,71,0,56
3,4048174852,1000,0.370144,59808,25035489248,101742498841,0,1,0,1,71,0,57
3,3835782634,1000,0.366125,79744,28740614784,101742498841,0,1,0,1,71,0,55
3,2800090156,1000,0.371794,99680,32351323424,101742498841,0,1,0,1,71,0,29
3,3612841085,1000,0.370645,99680,36296418592,101742498841,0,1,0,1,71,0,55
6,3584021951,1000,0.363428,119616,39463112640,101742498841,1,1,1,1,71,0,55
err,hipFuncGetAttribute is missing from HIP shared library.


hashcat arguments,hashcat.exe -a 1 --runtime 15 -m 16100 $tacacs-plus$0$5fde8e68$4e13e8fb33df$c006 ..\bachelors-thesis-main\dictionaries\English.dic ..\bachelors-thesis-main\dictionaries\English2.dic --machine-readable --status --status-timer=1 --quiet