STATUS,SPEED,MILISECONDS,EXEC_RUNTIME,CURKU,PROGRESS,PROGRESS_ALL,RECHASH,RECHASH,RECSALT,RECSALT,TEMP,REJECTED,UTIL
3,2581311809,1000,8.483798,0,9140436992,101742498841,0,1,0,1,75,0,88
3,2578220183,1000,8.490658,0,11745099776,101742498841,0,1,0,1,75,0,88
6,2576945966,1000,8.491326,0,12372148224,101742498841,1,1,1,1,75,0,88
err,hipFuncGetAttribute is missing from HIP shared library.


hashcat arguments,hashcat.exe -a 1 --runtime 15 -m 22300 755a8ce4e0cf0baee41d714aa35c9fca803106608f718f973eab006578285007:11265 ..\bachelors-thesis-main\dictionaries\English.dic ..\bachelors-thesis-main\dictionaries\English2.dic --machine-readable --status --status-timer=1 --quiet