STATUS,SPEED,MILISECONDS,EXEC_RUNTIME,CURKU,PROGRESS,PROGRESS_ALL,RECHASH,RECHASH,RECSALT,RECSALT,TEMP,REJECTED,UTIL
3,8030813252,1000,0.396063,79744,25436023424,101742498841,0,1,0,1,70,0,61
3,7443880794,1000,0.397441,79744,32907717248,101742498841,0,1,0,1,70,0,57
3,7247091004,1000,0.401365,119616,39996440512,101742498841,0,1,0,1,70,0,36
6,7253619378,1000,0.402137,119616,40772190144,101742498841,1,1,1,1,70,0,58
err,hipFuncGetAttribute is missing from HIP shared library.


hashcat arguments,hashcat.exe -a 1 --runtime 15 -m 99999 hashcat ..\bachelors-thesis-main\dictionaries\English.dic ..\bachelors-thesis-main\dictionaries\English2.dic --machine-readable --status --status-timer=1 --quiet