STATUS,SPEED,MILISECONDS,EXEC_RUNTIME,CURKU,PROGRESS,PROGRESS_ALL,RECHASH,RECHASH,RECSALT,RECSALT,TEMP,REJECTED,UTIL
3,4984470044,1000,8.318995,0,17653825536,101742498841,0,1,0,1,74,0,87
3,4962587866,1000,8.366553,0,22621978624,101742498841,0,1,0,1,75,0,86
3,4951069862,1000,8.370747,0,27638366208,101742498841,0,1,0,1,75,0,86
3,4877120117,1000,8.370363,94208,32220172288,101742498841,0,1,0,1,76,0,86
6,4882067336,1000,8.371673,94208,36271869952,101742498841,1,1,1,1,76,0,85
err,hipFuncGetAttribute is missing from HIP shared library.


hashcat arguments,hashcat.exe -a 1 --runtime 15 -m 6000 012cb9b334ec1aeb71a9c8ce85586082467f7eb6 ..\bachelors-thesis-main\dictionaries\English.dic ..\bachelors-thesis-main\dictionaries\English2.dic --machine-readable --status --status-timer=1 --quiet