STATUS,SPEED,MILISECONDS,EXEC_RUNTIME,CURKU,PROGRESS,PROGRESS_ALL,RECHASH,RECHASH,RECSALT,RECSALT,TEMP,REJECTED,UTIL
3,155,1000,3.835889,0,0,101742498841,0,1,0,1,66,0,90
3,155,1000,3.834915,0,0,101742498841,0,1,0,1,67,0,90
3,155,1000,3.847558,0,0,101742498841,0,1,0,1,67,0,91
3,155,1000,3.847895,0,0,101742498841,0,1,0,1,67,0,90
3,155,1000,3.847414,0,0,101742498841,0,1,0,1,68,0,92
3,155,1000,3.847716,0,0,101742498841,0,1,0,1,68,0,91
3,155,1000,3.847757,0,0,101742498841,0,1,0,1,68,0,91
3,155,1000,3.847927,0,0,101742498841,0,1,0,1,68,0,91
3,155,1000,3.848566,0,0,101742498841,0,1,0,1,69,0,90
3,155,1000,3.848356,0,0,101742498841,0,1,0,1,69,0,90
3,155,1000,3.849137,0,0,101742498841,0,1,0,1,69,0,90
11,155,1000,3.848706,0,0,101742498841,0,1,0,1,69,0,91
11,155,1000,3.848618,0,0,101742498841,0,1,0,1,69,0,91
err,hipFuncGetAttribute is missing from HIP shared library.


hashcat arguments,hashcat.exe -a 1 --runtime 15 -m 13781 ..\bachelors-thesis-main\hash-files\hashcat_streebog512_aes_boot_13781.vc ..\bachelors-thesis-main\dictionaries\English.dic ..\bachelors-thesis-main\dictionaries\English2.dic --machine-readable --status --status-timer=1 --quiet