STATUS,SPEED,MILISECONDS,EXEC_RUNTIME,CURKU,PROGRESS,PROGRESS_ALL,RECHASH,RECHASH,RECSALT,RECSALT,TEMP,REJECTED,UTIL
3,766,1000,3.679066,0,0,101742498841,0,1,0,1,76,0,90
3,766,1000,3.674531,0,0,101742498841,0,1,0,1,77,0,90
3,765,1000,3.678726,0,0,101742498841,0,1,0,1,77,0,90
3,765,1000,3.684726,0,0,101742498841,0,1,0,1,78,0,90
3,764,1000,3.685693,0,0,101742498841,0,1,0,1,78,0,90
3,764,1000,3.687601,0,0,101742498841,0,1,0,1,78,0,90
3,764,1000,3.689611,0,0,101742498841,0,1,0,1,79,0,90
3,764,1000,3.691599,0,0,101742498841,0,1,0,1,79,0,90
3,764,1000,3.691317,0,0,101742498841,0,1,0,1,79,0,90
3,763,1000,3.703057,0,0,101742498841,0,1,0,1,80,0,90
11,763,1000,3.704524,0,0,101742498841,0,1,0,1,80,0,90
11,763,1000,3.704197,0,0,101742498841,0,1,0,1,80,0,90
err,hipFuncGetAttribute is missing from HIP shared library.


hashcat arguments,hashcat.exe -a 1 --runtime 15 -m 13712 ..\bachelors-thesis-main\hash-files\hashcat_ripemd160_aes-twofish_13712.vc ..\bachelors-thesis-main\dictionaries\English.dic ..\bachelors-thesis-main\dictionaries\English2.dic --machine-readable --status --status-timer=1 --quiet