STATUS,SPEED,MILISECONDS,EXEC_RUNTIME,CURKU,PROGRESS,PROGRESS_ALL,RECHASH,RECHASH,RECSALT,RECSALT,TEMP,REJECTED,UTIL
3,66,1000,3.426870,0,0,101742498841,0,1,0,1,66,0,89
3,66,1000,3.425089,0,0,101742498841,0,1,0,1,66,0,91
3,66,1000,3.427491,0,0,101742498841,0,1,0,1,67,0,89
3,66,1000,3.427611,0,0,101742498841,0,1,0,1,67,0,89
3,66,1000,3.428090,0,0,101742498841,0,1,0,1,67,0,89
3,66,1000,3.426193,0,0,101742498841,0,1,0,1,67,0,90
3,66,1000,3.425330,0,0,101742498841,0,1,0,1,67,0,89
3,66,1000,3.427704,0,0,101742498841,0,1,0,1,68,0,89
3,66,1000,3.425293,0,0,101742498841,0,1,0,1,68,0,89
3,66,1000,3.426753,0,0,101742498841,0,1,0,1,68,0,89
3,66,1000,3.430394,0,0,101742498841,0,1,0,1,68,0,89
11,66,1000,3.425286,0,0,101742498841,0,1,0,1,69,0,89
11,66,1000,3.425630,0,0,101742498841,0,1,0,1,69,0,89
err,hipFuncGetAttribute is missing from HIP shared library.


hashcat arguments,hashcat.exe -a 1 --runtime 15 -m 13732 ..\bachelors-thesis-main\hash-files\hashcat_whirlpool_aes-twofish_13732.vc ..\bachelors-thesis-main\dictionaries\English.dic ..\bachelors-thesis-main\dictionaries\English2.dic --machine-readable --status --status-timer=1 --quiet