STATUS,SPEED,MILISECONDS,EXEC_RUNTIME,CURKU,PROGRESS,PROGRESS_ALL,RECHASH,RECHASH,RECSALT,RECSALT,TEMP,REJECTED,UTIL
3,649,1000,2.746592,0,0,101742498841,0,1,0,1,77,0,87
3,649,1000,2.747279,0,0,101742498841,0,1,0,1,77,0,87
3,649,1000,2.747553,0,0,101742498841,0,1,0,1,77,0,87
3,649,1000,2.748609,0,0,101742498841,0,1,0,1,78,0,87
3,649,1000,2.748118,0,0,101742498841,0,1,0,1,78,0,87
3,649,1000,2.749406,0,0,101742498841,0,1,0,1,78,0,87
3,649,1000,2.750845,0,0,101742498841,0,1,0,1,79,0,87
3,649,1000,2.751591,0,0,101742498841,0,1,0,1,79,0,87
3,649,1000,2.752571,0,0,101742498841,0,1,0,1,79,0,87
3,648,1000,2.753191,0,0,101742498841,0,1,0,1,80,0,87
3,648,1000,2.752186,0,0,101742498841,0,1,0,1,80,0,87
11,648,1000,2.752810,0,0,101742498841,0,1,0,1,80,0,87
11,648,1000,2.752810,0,0,101742498841,0,1,0,1,80,0,87
err,hipFuncGetAttribute is missing from HIP shared library.


hashcat arguments,hashcat.exe -a 1 --runtime 15 -m 13722 ..\bachelors-thesis-main\hash-files\hashcat_sha512_twofish-serpent_13722.vc ..\bachelors-thesis-main\dictionaries\English.dic ..\bachelors-thesis-main\dictionaries\English2.dic --machine-readable --status --status-timer=1 --quiet