STATUS,SPEED,MILISECONDS,EXEC_RUNTIME,CURKU,PROGRESS,PROGRESS_ALL,RECHASH,RECHASH,RECSALT,RECSALT,TEMP,REJECTED,UTIL
3,1362,1000,4.144686,0,0,101742498841,0,1,0,1,77,0,90
3,1361,1000,4.156751,0,0,101742498841,0,1,0,1,78,0,90
3,1360,1000,4.148695,0,0,101742498841,0,1,0,1,78,0,90
3,1360,1000,4.149671,0,0,101742498841,0,1,0,1,78,0,91
3,1359,1000,4.150944,0,0,101742498841,0,1,0,1,79,0,91
3,1359,1000,4.151925,0,0,101742498841,0,1,0,1,79,0,90
3,1359,1000,4.155200,0,0,101742498841,0,1,0,1,80,0,91
3,1358,1000,4.175918,0,0,101742498841,0,1,0,1,80,0,90
3,1357,1000,4.176317,0,0,101742498841,0,1,0,1,80,0,90
3,1356,1000,4.177162,0,0,101742498841,0,1,0,1,80,0,90
11,1356,1000,4.178300,0,0,101742498841,0,1,0,1,81,0,91
11,1356,1000,4.178676,0,0,101742498841,0,1,0,1,81,0,91
err,hipFuncGetAttribute is missing from HIP shared library.


hashcat arguments,hashcat.exe -a 1 --runtime 15 -m 13711 ..\bachelors-thesis-main\hash-files\hashcat_ripemd160_twofish_13711.vc ..\bachelors-thesis-main\dictionaries\English.dic ..\bachelors-thesis-main\dictionaries\English2.dic --machine-readable --status --status-timer=1 --quiet