STATUS,SPEED,MILISECONDS,EXEC_RUNTIME,CURKU,PROGRESS,PROGRESS_ALL,RECHASH,RECHASH,RECSALT,RECSALT,TEMP,REJECTED,UTIL
3,2079586572,1000,10.755843,0,7331643392,101742498841,0,1,0,1,77,0,90
3,2075998824,1000,10.775744,0,9453961216,101742498841,0,1,0,1,77,0,90
3,2072875844,1000,10.782994,0,11576279040,101742498841,0,1,0,1,78,0,90
6,2072494879,1000,10.789770,0,12372148224,101742498841,1,1,1,1,78,0,93
err,hipFuncGetAttribute is missing from HIP shared library.


hashcat arguments,hashcat.exe -a 1 --runtime 15 -m 20900 100b3a4fc1dc8d60d9bf40688d8b740a ..\bachelors-thesis-main\dictionaries\English.dic ..\bachelors-thesis-main\dictionaries\English2.dic --machine-readable --status --status-timer=1 --quiet