STATUS,SPEED,MILISECONDS,EXEC_RUNTIME,CURKU,PROGRESS,PROGRESS_ALL,RECHASH,RECHASH,RECSALT,RECSALT,TEMP,REJECTED,UTIL
3,5252758227,1000,0.527426,39872,18582066496,101742498841,0,1,0,1,70,0,56
3,3836762083,1000,0.532454,59808,22511751136,101742498841,0,1,0,1,69,0,40
3,4686335269,1000,0.530531,79744,27625474688,101742498841,0,1,0,1,70,0,56
3,4876395720,1000,0.539090,99680,32871892256,101742498841,0,1,0,1,70,0,33
3,5050620554,1000,0.537560,119616,38154035136,101742498841,0,1,0,1,70,0,58
6,4964492936,1000,0.521653,119616,39465664448,101742498841,1,1,1,1,70,0,58
err,hipFuncGetAttribute is missing from HIP shared library.


hashcat arguments,hashcat.exe -a 1 --runtime 15 -m 24900 GRuHbyVp ..\bachelors-thesis-main\dictionaries\English.dic ..\bachelors-thesis-main\dictionaries\English2.dic --machine-readable --status --status-timer=1 --quiet