STATUS,SPEED,MILISECONDS,EXEC_RUNTIME,CURKU,PROGRESS,PROGRESS_ALL,RECHASH,RECHASH,RECSALT,RECSALT,TEMP,REJECTED,UTIL
3,649,1000,2.747737,0,0,101742498841,0,1,0,1,77,0,87
3,649,1000,2.748285,0,0,101742498841,0,1,0,1,77,0,87
3,648,1000,2.748616,0,0,101742498841,0,1,0,1,78,0,87
3,648,1000,2.749856,0,0,101742498841,0,1,0,1,78,0,87
3,648,1000,2.749578,0,0,101742498841,0,1,0,1,78,0,87
3,648,1000,2.750419,0,0,101742498841,0,1,0,1,79,0,87
3,648,1000,2.751916,0,0,101742498841,0,1,0,1,79,0,87
3,648,1000,2.750843,0,0,101742498841,0,1,0,1,79,0,87
3,648,1000,2.754482,0,0,101742498841,0,1,0,1,80,0,87
3,648,1000,2.754004,0,0,101742498841,0,1,0,1,80,0,87
3,648,1000,2.754070,0,0,101742498841,0,1,0,1,80,0,87
11,648,1000,2.753843,0,0,101742498841,0,1,0,1,80,0,90
11,648,1000,2.753857,0,0,101742498841,0,1,0,1,80,0,90
err,hipFuncGetAttribute is missing from HIP shared library.


hashcat arguments,hashcat.exe -a 1 --runtime 15 -m 13722 ..\bachelors-thesis-main\hash-files\hashcat_sha512_serpent-aes_13722.vc ..\bachelors-thesis-main\dictionaries\English.dic ..\bachelors-thesis-main\dictionaries\English2.dic --machine-readable --status --status-timer=1 --quiet