STATUS,SPEED,MILISECONDS,EXEC_RUNTIME,CURKU,PROGRESS,PROGRESS_ALL,RECHASH,RECHASH,RECSALT,RECSALT,TEMP,REJECTED,UTIL
3,5375829979,1000,0.609832,39872,18765796672,101742498841,0,1,0,1,71,0,63
3,5459108391,1000,0.608104,39872,24425706816,101742498841,0,1,0,1,71,0,62
3,5194507924,1000,0.596925,79744,29549537920,101742498841,0,1,0,1,71,0,61
3,5038218787,1000,0.616322,79744,34382662272,101742498841,0,1,0,1,71,0,63
3,5051068602,1000,0.581102,119616,39588151232,101742498841,0,1,0,1,71,0,32
6,5083193674,1000,0.574277,119616,40772190144,101742498841,1,1,1,1,71,0,63
err,hipFuncGetAttribute is missing from HIP shared library.


hashcat arguments,hashcat.exe -a 1 --runtime 15 -m 1000 b4b9b02e6f09a9bd760f388b67351e2b ..\bachelors-thesis-main\dictionaries\English.dic ..\bachelors-thesis-main\dictionaries\English2.dic --machine-readable --status --status-timer=1 --quiet