STATUS,SPEED,MILISECONDS,EXEC_RUNTIME,CURKU,PROGRESS,PROGRESS_ALL,RECHASH,RECHASH,RECSALT,RECSALT,TEMP,REJECTED,UTIL
3,4574168769,1000,9.126006,0,16110321664,101742498841,0,1,0,1,73,0,86
3,4566174410,1000,9.127779,0,20692598784,101742498841,0,1,0,1,74,0,85
3,4565567347,1000,9.132246,0,25371344896,101742498841,0,1,0,1,75,0,88
3,4558412157,1000,9.129859,0,30001856512,101742498841,0,1,0,1,75,0,85
3,4506427375,1000,9.151162,94208,34294255616,101742498841,0,1,0,1,76,0,89
6,4512383133,1000,9.155685,94208,36271869952,101742498841,1,1,1,1,76,0,86
err,hipFuncGetAttribute is missing from HIP shared library.


hashcat arguments,hashcat.exe -a 1 --runtime 15 -m 4400 288496df99b33f8f75a7ce4837d1b480 ..\bachelors-thesis-main\dictionaries\English.dic ..\bachelors-thesis-main\dictionaries\English2.dic --machine-readable --status --status-timer=1 --quiet