STATUS,SPEED,MILISECONDS,EXEC_RUNTIME,CURKU,PROGRESS,PROGRESS_ALL,RECHASH,RECHASH,RECSALT,RECSALT,TEMP,REJECTED,UTIL
3,7675751367,1000,0.804900,79744,26456746624,101742498841,0,1,0,1,75,0,36
3,7413482553,1000,0.805086,79744,33050618496,101742498841,0,1,0,1,76,0,69
3,7293271716,1000,0.807519,119616,39970922432,101742498841,0,1,0,1,75,0,48
6,7307950657,1000,0.807505,119616,40777293760,101742498841,1,1,1,1,75,0,48
err,hipFuncGetAttribute is missing from HIP shared library.


hashcat arguments,hashcat.exe -a 1 --runtime 15 -m 2400 dRRVnUmUHXOTt9nk ..\bachelors-thesis-main\dictionaries\English.dic ..\bachelors-thesis-main\dictionaries\English2.dic --machine-readable --status --status-timer=1 --quiet