STATUS,SPEED,MILISECONDS,EXEC_RUNTIME,CURKU,PROGRESS,PROGRESS_ALL,RECHASH,RECHASH,RECSALT,RECSALT,TEMP,REJECTED,UTIL
3,5347719226,1000,7.663793,0,19004391424,101742498841,0,1,0,1,76,0,83
3,5331913141,1000,7.666589,0,24454889472,101742498841,0,1,0,1,76,0,86
3,5321294622,1000,7.667377,0,29857153024,101742498841,0,1,0,1,77,0,86
3,5246244712,1000,7.570064,94208,34873069568,101742498841,0,1,0,1,77,0,83
6,5252178222,1000,7.548439,94208,36271869952,101742498841,1,1,1,1,77,0,85
err,hipFuncGetAttribute is missing from HIP shared library.


hashcat arguments,hashcat.exe -a 1 --runtime 15 -m 9900 22527bee5c29ce95373c4e0f359f079b ..\bachelors-thesis-main\dictionaries\English.dic ..\bachelors-thesis-main\dictionaries\English2.dic --machine-readable --status --status-timer=1 --quiet