STATUS,SPEED,MILISECONDS,EXEC_RUNTIME,CURKU,PROGRESS,PROGRESS_ALL,RECHASH,RECHASH,RECSALT,RECSALT,TEMP,REJECTED,UTIL
3,1538,1000,3.782706,0,0,101742498841,0,1,0,1,75,0,90
3,1537,1000,3.783756,0,0,101742498841,0,1,0,1,75,0,90
3,1536,1000,3.786150,0,0,101742498841,0,1,0,1,76,0,90
3,1537,1000,3.787436,0,0,101742498841,0,1,0,1,76,0,92
3,1537,1000,3.782456,0,0,101742498841,0,1,0,1,76,0,90
3,1537,1000,3.781900,0,0,101742498841,0,1,0,1,77,0,91
3,1537,1000,3.782930,0,0,101742498841,0,1,0,1,77,0,90
3,1536,1000,3.806987,0,0,101742498841,0,1,0,1,77,0,91
3,1535,1000,3.804401,0,0,101742498841,0,1,0,1,77,0,90
3,1535,1000,3.811066,0,0,101742498841,0,1,0,1,78,0,90
3,1534,1000,3.810009,0,0,101742498841,0,1,0,1,78,0,90
11,1534,1000,3.813537,0,0,101742498841,0,1,0,1,79,0,90
11,1534,1000,3.813641,0,0,101742498841,0,1,0,1,79,0,90
err,hipFuncGetAttribute is missing from HIP shared library.


hashcat arguments,hashcat.exe -a 1 --runtime 15 -m 13742 ..\bachelors-thesis-main\hash-files\hashcat_ripemd160_aes-twofish_boot.vc ..\bachelors-thesis-main\dictionaries\English.dic ..\bachelors-thesis-main\dictionaries\English2.dic --machine-readable --status --status-timer=1 --quiet