STATUS,SPEED,MILISECONDS,EXEC_RUNTIME,CURKU,PROGRESS,PROGRESS_ALL,RECHASH,RECHASH,RECSALT,RECSALT,TEMP,REJECTED,UTIL
3,3269830852,1000,6.526210,0,11624513536,101742498841,0,1,0,1,77,0,85
6,3273447553,1000,6.522038,0,12372148224,101742498841,1,1,1,1,77,0,89
err,hipFuncGetAttribute is missing from HIP shared library.


hashcat arguments,hashcat.exe -a 1 --runtime 15 -m 5700 2btjjy78REtmYkkW0csHUbJZOstRXoWdX1mGrmmfeHI ..\bachelors-thesis-main\dictionaries\English.dic ..\bachelors-thesis-main\dictionaries\English2.dic --machine-readable --status --status-timer=1 --quiet