STATUS,SPEED,MILISECONDS,EXEC_RUNTIME,CURKU,PROGRESS,PROGRESS_ALL,RECHASH,RECHASH,RECSALT,RECSALT,TEMP,REJECTED,UTIL
3,8257651659,1000,1.501362,79743,28273279365,101742498841,0,1,0,1,75,0,68
6,8257239742,1000,1.503647,79743,30682155909,101742498841,1,1,1,1,75,0,67
err,hipFuncGetAttribute is missing from HIP shared library.


hashcat arguments,hashcat.exe -a 1 --runtime 15 -m 16400 {CRAM-MD5}5389b33b9725e5657cb631dc50017ff1535ce4e2a1c414009126506fc4327d0d ..\bachelors-thesis-main\dictionaries\English.dic ..\bachelors-thesis-main\dictionaries\English2.dic --machine-readable --status --status-timer=1 --quiet