STATUS,SPEED,MILISECONDS,EXEC_RUNTIME,CURKU,PROGRESS,PROGRESS_ALL,RECHASH,RECHASH,RECSALT,RECSALT,TEMP,REJECTED,UTIL
3,66,1000,3.414298,0,0,101742498841,0,1,0,1,64,0,89
3,66,1000,3.408223,0,0,101742498841,0,1,0,1,65,0,89
3,66,1000,3.412932,0,0,101742498841,0,1,0,1,65,0,89
3,66,1000,3.410457,0,0,101742498841,0,1,0,1,65,0,89
3,66,1000,3.417235,0,0,101742498841,0,1,0,1,66,0,89
3,66,1000,3.410387,0,0,101742498841,0,1,0,1,66,0,89
3,66,1000,3.409166,0,0,101742498841,0,1,0,1,66,0,89
3,66,1000,3.430881,0,0,101742498841,0,1,0,1,66,0,90
3,66,1000,3.429517,0,0,101742498841,0,1,0,1,67,0,90
3,66,1000,3.430332,0,0,101742498841,0,1,0,1,67,0,89
3,66,1000,3.433191,0,0,101742498841,0,1,0,1,67,0,90
11,66,1000,3.427070,0,0,101742498841,0,1,0,1,67,0,89
11,66,1000,3.427134,0,0,101742498841,0,1,0,1,67,0,89
err,hipFuncGetAttribute is missing from HIP shared library.


hashcat arguments,hashcat.exe -a 1 --runtime 15 -m 13732 ..\bachelors-thesis-main\hash-files\hashcat_whirlpool_twofish-serpent_13732.vc ..\bachelors-thesis-main\dictionaries\English.dic ..\bachelors-thesis-main\dictionaries\English2.dic --machine-readable --status --status-timer=1 --quiet