STATUS,SPEED,MILISECONDS,EXEC_RUNTIME,CURKU,PROGRESS,PROGRESS_ALL,RECHASH,RECHASH,RECSALT,RECSALT,TEMP,REJECTED,UTIL
3,5424094707,1000,0.616612,39872,19015873856,101742498841,0,1,0,1,69,0,63
3,5570884094,1000,0.626212,39872,24665576768,101742498841,0,1,0,1,69,0,63
3,5302099230,1000,0.601561,79744,29942516352,101742498841,0,1,0,1,69,0,64
3,5121875683,1000,0.612131,79744,34806262400,101742498841,0,1,0,1,69,0,55
3,5095906945,1000,0.613287,119616,39935197120,101742498841,0,1,0,1,69,0,47
6,5123287732,1000,0.571881,119616,40772190144,101742498841,1,1,1,1,69,0,59
err,hipFuncGetAttribute is missing from HIP shared library.


hashcat arguments,hashcat.exe -a 1 --runtime 15 -m 5500 u4-netntlm::kNS:338d08f8e26de93300000000000000000000000000000000:9526fb8c23a90751cdd619b6cea564742e1e4bf33006ba41:cb8086049ec4736c ..\bachelors-thesis-main\dictionaries\English.dic ..\bachelors-thesis-main\dictionaries\English2.dic --machine-readable --status --status-timer=1 --quiet