STATUS,SPEED,MILISECONDS,EXEC_RUNTIME,CURKU,PROGRESS,PROGRESS_ALL,RECHASH,RECHASH,RECSALT,RECSALT,TEMP,REJECTED,UTIL
3,3334026142,1000,13.513458,0,11865686016,101742498841,0,1,0,1,73,0,93
6,3331449191,1000,13.520412,0,12396265472,101742498841,1,1,1,1,73,0,92
err,hipFuncGetAttribute is missing from HIP shared library.


hashcat arguments,hashcat.exe -a 1 --runtime 15 -m 7000 AK1AAECAwQFBgcICRARNGqgeC3is8gv2xWWRony9NJnDgE= ..\bachelors-thesis-main\dictionaries\English.dic ..\bachelors-thesis-main\dictionaries\English2.dic --machine-readable --status --status-timer=1 --quiet