STATUS,SPEED,MILISECONDS,EXEC_RUNTIME,CURKU,PROGRESS,PROGRESS_ALL,RECHASH,RECHASH,RECSALT,RECSALT,TEMP,REJECTED,UTIL
3,937,1000,3.961251,0,0,101742498841,0,1,0,1,78,0,91
3,937,1000,3.963506,0,0,101742498841,0,1,0,1,79,0,91
3,937,1000,3.962757,0,0,101742498841,0,1,0,1,79,0,91
3,936,1000,3.962458,0,0,101742498841,0,1,0,1,79,0,91
3,936,1000,3.964604,0,0,101742498841,0,1,0,1,80,0,91
3,936,1000,3.971822,0,0,101742498841,0,1,0,1,80,0,91
3,936,1000,3.975871,0,0,101742498841,0,1,0,1,80,0,91
3,935,1000,3.974042,0,0,101742498841,0,1,0,1,80,0,91
3,935,1000,3.972425,0,0,101742498841,0,1,0,1,81,0,91
3,935,1000,3.971304,0,0,101742498841,0,1,0,1,81,0,91
3,935,1000,3.974759,0,0,101742498841,0,1,0,1,81,0,91
11,934,1000,3.975174,0,0,101742498841,0,1,0,1,81,0,91
11,934,1000,3.975208,0,0,101742498841,0,1,0,1,81,0,91
err,hipFuncGetAttribute is missing from HIP shared library.


hashcat arguments,hashcat.exe -a 1 --runtime 15 -m 13752 ..\bachelors-thesis-main\hash-files\hashcat_sha256_twofish-serpent_13752.vc ..\bachelors-thesis-main\dictionaries\English.dic ..\bachelors-thesis-main\dictionaries\English2.dic --machine-readable --status --status-timer=1 --quiet