STATUS,SPEED,MILISECONDS,EXEC_RUNTIME,CURKU,PROGRESS,PROGRESS_ALL,RECHASH,RECHASH,RECSALT,RECSALT,TEMP,REJECTED,UTIL
3,2511638533,1000,0.091476,62203,25036038090,101742498841,0,1,0,1,65,15223209946,20
3,2800312665,1000,0.073996,62203,27860889546,101742498841,0,1,0,1,64,15223209946,34
3,2594049629,1000,0.084953,87598,35369454266,101742498841,0,1,0,1,64,20357367162,37
3,2203061513,1000,0.081608,113662,40515400159,101742498841,0,1,0,1,63,23169096527,36
6,1985204546,1000,0.124297,132445,47542947311,101742498841,1,1,1,1,63,28415531535,36
err,hipFuncGetAttribute is missing from HIP shared library.


hashcat arguments,hashcat.exe -a 1 --runtime 15 -m 7700 USER$C8B48F26B87B7EA7 ..\bachelors-thesis-main\dictionaries\English.dic ..\bachelors-thesis-main\dictionaries\English2.dic --machine-readable --status --status-timer=1 --quiet