STATUS,SPEED,MILISECONDS,EXEC_RUNTIME,CURKU,PROGRESS,PROGRESS_ALL,RECHASH,RECHASH,RECSALT,RECSALT,TEMP,REJECTED,UTIL
3,765,1000,3.675765,0,0,101742498841,0,1,0,1,77,0,90
3,765,1000,3.680840,0,0,101742498841,0,1,0,1,77,0,90
3,764,1000,3.674534,0,0,101742498841,0,1,0,1,77,0,90
3,764,1000,3.675625,0,0,101742498841,0,1,0,1,78,0,90
3,764,1000,3.691028,0,0,101742498841,0,1,0,1,78,0,90
3,764,1000,3.689514,0,0,101742498841,0,1,0,1,78,0,90
3,763,1000,3.691547,0,0,101742498841,0,1,0,1,79,0,90
3,763,1000,3.691607,0,0,101742498841,0,1,0,1,79,0,90
3,763,1000,3.690900,0,0,101742498841,0,1,0,1,79,0,90
3,763,1000,3.699467,0,0,101742498841,0,1,0,1,80,0,90
3,762,1000,3.701322,0,0,101742498841,0,1,0,1,80,0,90
11,762,1000,3.702672,0,0,101742498841,0,1,0,1,80,0,94
11,762,1000,3.702672,0,0,101742498841,0,1,0,1,80,0,94
err,hipFuncGetAttribute is missing from HIP shared library.


hashcat arguments,hashcat.exe -a 1 --runtime 15 -m 13712 ..\bachelors-thesis-main\hash-files\hashcat_ripemd160_twofish-serpent_13712.vc ..\bachelors-thesis-main\dictionaries\English.dic ..\bachelors-thesis-main\dictionaries\English2.dic --machine-readable --status --status-timer=1 --quiet