STATUS,SPEED,MILISECONDS,EXEC_RUNTIME,CURKU,PROGRESS,PROGRESS_ALL,RECHASH,RECHASH,RECSALT,RECSALT,TEMP,REJECTED,UTIL
3,66,1000,3.426975,0,0,101742498841,0,1,0,1,66,0,89
3,66,1000,3.426857,0,0,101742498841,0,1,0,1,66,0,89
3,66,1000,3.422375,0,0,101742498841,0,1,0,1,66,0,89
3,66,1000,3.425920,0,0,101742498841,0,1,0,1,67,0,90
3,66,1000,3.425311,0,0,101742498841,0,1,0,1,67,0,89
3,66,1000,3.426432,0,0,101742498841,0,1,0,1,67,0,89
3,66,1000,3.426731,0,0,101742498841,0,1,0,1,67,0,89
3,66,1000,3.429903,0,0,101742498841,0,1,0,1,68,0,89
3,66,1000,3.428140,0,0,101742498841,0,1,0,1,68,0,89
3,66,1000,3.423564,0,0,101742498841,0,1,0,1,68,0,90
3,66,1000,3.423066,0,0,101742498841,0,1,0,1,68,0,90
11,66,1000,3.427823,0,0,101742498841,0,1,0,1,68,0,89
11,66,1000,3.427977,0,0,101742498841,0,1,0,1,68,0,89
err,hipFuncGetAttribute is missing from HIP shared library.


hashcat arguments,hashcat.exe -a 1 --runtime 15 -m 13732 ..\bachelors-thesis-main\hash-files\hashcat_whirlpool_serpent-aes_13732.vc ..\bachelors-thesis-main\dictionaries\English.dic ..\bachelors-thesis-main\dictionaries\English2.dic --machine-readable --status --status-timer=1 --quiet