STATUS,SPEED,MILISECONDS,EXEC_RUNTIME,CURKU,PROGRESS,PROGRESS_ALL,RECHASH,RECHASH,RECSALT,RECSALT,TEMP,REJECTED,UTIL
3,35692,1000,4.883624,0,0,101742498841,0,1,0,1,64,0,91
3,35662,1000,4.858649,0,0,101742498841,0,1,0,1,59,0,100
11,7113,1000,4.899889,0,159486,101742498841,0,1,0,1,67,0,91
11,7113,1000,4.900189,0,159486,101742498841,0,1,0,1,62,0,100
11,7113,1000,4.900189,0,159486,101742498841,0,1,0,1,62,0,100
err,hipFuncGetAttribute is missing from HIP shared library.


hashcat arguments,hashcat.exe -a 1 --runtime 15 -m 29543 ..\bachelors-thesis-main\hash-files\hashcat_luks_ripemd160_twofish_cbc-plain64_128.txt ..\bachelors-thesis-main\dictionaries\English.dic ..\bachelors-thesis-main\dictionaries\English2.dic --machine-readable --status --status-timer=1 --quiet