STATUS,SPEED,MILISECONDS,EXEC_RUNTIME,CURKU,PROGRESS,PROGRESS_ALL,RECHASH,RECHASH,RECSALT,RECSALT,TEMP,REJECTED,UTIL
3,15795,1000,7.220572,0,0,101742498841,0,1,0,1,75,0,94
3,15777,1000,7.226310,0,0,101742498841,0,1,0,1,76,0,94
3,15763,1000,7.235373,0,0,101742498841,0,1,0,1,76,0,94
3,15767,1000,7.188108,0,94208,101742498841,0,1,0,1,77,0,94
3,15767,1000,7.238908,0,94208,101742498841,0,1,0,1,78,0,94
3,15767,1000,7.241590,0,94208,101742498841,0,1,0,1,78,0,94
3,15767,1000,7.240728,0,94208,101742498841,0,1,0,1,78,0,94
3,15767,1000,7.241773,0,94208,101742498841,0,1,0,1,79,0,94
3,15767,1000,7.236409,0,94208,101742498841,0,1,0,1,79,0,94
3,15723,1000,7.197097,0,188416,101742498841,0,1,0,1,80,0,94
3,15723,1000,7.275327,0,188416,101742498841,0,1,0,1,80,0,94
11,15723,1000,7.290648,0,188416,101742498841,0,1,0,1,80,0,94
11,15723,1000,7.290730,0,188416,101742498841,0,1,0,1,80,0,94
err,hipFuncGetAttribute is missing from HIP shared library.


hashcat arguments,hashcat.exe -a 1 --runtime 15 -m 25300 $office$2016$0$100000$876MLoKTq42+/DLp415iZQ==$TNDvpvYyvlSUy97UOLKNhXynhUDDA7H8kLql0ISH5SxcP6hbthdjaTo4Z3/MU0dcR2SAd+AduYb3TB5CLZ8+ow== ..\bachelors-thesis-main\dictionaries\English.dic ..\bachelors-thesis-main\dictionaries\English2.dic --machine-readable --status --status-timer=1 --quiet