STATUS,SPEED,MILISECONDS,EXEC_RUNTIME,CURKU,PROGRESS,PROGRESS_ALL,RECHASH,RECHASH,RECSALT,RECSALT,TEMP,REJECTED,UTIL
3,61,1000,3.729729,0,0,101742498841,0,1,0,1,68,0,90
3,61,1000,3.728545,0,0,101742498841,0,1,0,1,68,0,90
3,61,1000,3.727924,0,0,101742498841,0,1,0,1,68,0,90
3,61,1000,3.727687,0,0,101742498841,0,1,0,1,68,0,90
3,61,1000,3.727369,0,0,101742498841,0,1,0,1,69,0,90
3,61,1000,3.728343,0,0,101742498841,0,1,0,1,69,0,90
3,61,1000,3.728349,0,0,101742498841,0,1,0,1,69,0,90
3,61,1000,3.728205,0,0,101742498841,0,1,0,1,69,0,90
3,61,1000,3.728628,0,0,101742498841,0,1,0,1,70,0,90
3,61,1000,3.728518,0,0,101742498841,0,1,0,1,70,0,90
3,61,1000,3.729827,0,0,101742498841,0,1,0,1,70,0,90
11,61,1000,3.730248,0,0,101742498841,0,1,0,1,70,0,90
11,61,1000,3.730192,0,0,101742498841,0,1,0,1,70,0,90
err,hipFuncGetAttribute is missing from HIP shared library.


hashcat arguments,hashcat.exe -a 1 --runtime 15 -m 13771 ..\bachelors-thesis-main\hash-files\hashcat_streebog512_aes_13771.vc ..\bachelors-thesis-main\dictionaries\English.dic ..\bachelors-thesis-main\dictionaries\English2.dic --machine-readable --status --status-timer=1 --quiet