STATUS,SPEED,MILISECONDS,EXEC_RUNTIME,CURKU,PROGRESS,PROGRESS_ALL,RECHASH,RECHASH,RECSALT,RECSALT,TEMP,REJECTED,UTIL
3,2192167755,1000,10.145501,0,7645167616,101742498841,0,1,0,1,77,0,90
3,2187948829,1000,10.173795,0,9863954432,101742498841,0,1,0,1,77,0,90
3,2185058478,1000,10.194955,0,12082741248,101742498841,0,1,0,1,78,0,90
6,2185348278,1000,10.193738,0,12372148224,101742498841,1,1,1,1,78,0,91
err,hipFuncGetAttribute is missing from HIP shared library.


hashcat arguments,hashcat.exe -a 1 --runtime 15 -m 13900 6e36dcfc6151272c797165fce21e68e7c7737e40:472433673 ..\bachelors-thesis-main\dictionaries\English.dic ..\bachelors-thesis-main\dictionaries\English2.dic --machine-readable --status --status-timer=1 --quiet