STATUS,SPEED,MILISECONDS,EXEC_RUNTIME,CURKU,PROGRESS,PROGRESS_ALL,RECHASH,RECHASH,RECSALT,RECSALT,TEMP,REJECTED,UTIL
3,552,1000,5.219042,0,0,101742498841,0,1,0,1,75,0,92
3,551,1000,5.225374,0,0,101742498841,0,1,0,1,76,0,92
3,551,1000,5.228456,0,0,101742498841,0,1,0,1,76,0,93
3,550,1000,5.229788,0,0,101742498841,0,1,0,1,77,0,92
3,550,1000,5.235691,0,0,101742498841,0,1,0,1,77,0,92
3,550,1000,5.239245,0,0,101742498841,0,1,0,1,77,0,92
3,550,1000,5.240290,0,0,101742498841,0,1,0,1,78,0,93
3,550,1000,5.244485,0,0,101742498841,0,1,0,1,78,0,94
3,549,1000,5.247504,0,0,101742498841,0,1,0,1,79,0,93
3,549,1000,5.246787,0,0,101742498841,0,1,0,1,79,0,93
3,549,1000,5.246865,0,0,101742498841,0,1,0,1,79,0,92
11,549,1000,5.249097,0,0,101742498841,0,1,0,1,80,0,92
11,549,1000,5.249873,0,0,101742498841,0,1,0,1,80,0,98
err,hipFuncGetAttribute is missing from HIP shared library.


hashcat arguments,hashcat.exe -a 1 --runtime 15 -m 13713 ..\bachelors-thesis-main\hash-files\hashcat_ripemd160_serpent-twofish-aes_13713.vc ..\bachelors-thesis-main\dictionaries\English.dic ..\bachelors-thesis-main\dictionaries\English2.dic --machine-readable --status --status-timer=1 --quiet