STATUS,SPEED,MILISECONDS,EXEC_RUNTIME,CURKU,PROGRESS,PROGRESS_ALL,RECHASH,RECHASH,RECSALT,RECSALT,TEMP,REJECTED,UTIL
3,4156544987,1000,8.679523,0,18457321406,101742498841,0,1,0,1,77,2437576382,88
3,4150348842,1000,8.718462,0,22681433278,101742498841,0,1,0,1,78,2437576382,88
6,4151061593,1000,8.716158,0,22880683838,101742498841,1,1,1,1,78,2437576382,88
err,hipFuncGetAttribute is missing from HIP shared library.


hashcat arguments,hashcat.exe -a 1 --runtime 15 -m 9820 $oldoffice$3*83328705222323020515404251156288*2855956a165ff6511bc7f4cd77b9e101*941861655e73a09c40f7b1e9dfd0c256ed285acd:b8f63619ca ..\bachelors-thesis-main\dictionaries\English.dic ..\bachelors-thesis-main\dictionaries\English2.dic --machine-readable --status --status-timer=1 --quiet