STATUS,SPEED,MILISECONDS,EXEC_RUNTIME,CURKU,PROGRESS,PROGRESS_ALL,RECHASH,RECHASH,RECSALT,RECSALT,TEMP,REJECTED,UTIL
3,936,1000,3.959873,0,0,101742498841,0,1,0,1,78,0,91
3,936,1000,3.966256,0,0,101742498841,0,1,0,1,79,0,91
3,936,1000,3.965215,0,0,101742498841,0,1,0,1,79,0,91
3,935,1000,3.970681,0,0,101742498841,0,1,0,1,80,0,91
3,935,1000,3.971038,0,0,101742498841,0,1,0,1,80,0,91
3,935,1000,3.972504,0,0,101742498841,0,1,0,1,80,0,91
3,935,1000,3.970094,0,0,101742498841,0,1,0,1,80,0,91
3,935,1000,3.969499,0,0,101742498841,0,1,0,1,81,0,91
3,934,1000,3.971014,0,0,101742498841,0,1,0,1,81,0,91
3,934,1000,3.971107,0,0,101742498841,0,1,0,1,81,0,90
3,934,1000,3.970746,0,0,101742498841,0,1,0,1,82,0,91
11,934,1000,3.971738,0,0,101742498841,0,1,0,1,82,0,91
11,934,1000,3.971712,0,0,101742498841,0,1,0,1,82,0,92
err,hipFuncGetAttribute is missing from HIP shared library.


hashcat arguments,hashcat.exe -a 1 --runtime 15 -m 13752 ..\bachelors-thesis-main\hash-files\hashcat_sha256_serpent-aes_13752.vc ..\bachelors-thesis-main\dictionaries\English.dic ..\bachelors-thesis-main\dictionaries\English2.dic --machine-readable --status --status-timer=1 --quiet