STATUS,SPEED,MILISECONDS,EXEC_RUNTIME,CURKU,PROGRESS,PROGRESS_ALL,RECHASH,RECHASH,RECSALT,RECSALT,TEMP,REJECTED,UTIL
3,5593875206,1000,0.570010,39872,19689551168,101742498841,0,1,0,1,64,0,61
3,5873343317,1000,0.545241,79744,25436023424,101742498841,0,1,0,1,65,0,65
3,5598312521,1000,0.550219,79744,30978550400,101742498841,0,1,0,1,65,0,64
3,5647606412,1000,0.577252,79744,36781361792,101742498841,0,1,0,1,65,0,62
6,5489600570,1000,0.554387,119616,40772190144,101742498841,1,1,1,1,65,0,60
err,hipFuncGetAttribute is missing from HIP shared library.


hashcat arguments,hashcat.exe -a 1 --runtime 15 -m 17230 $pkzip2$8*1*1*0*8*24*a425*8827*3bd479d541019c2f32395046b8fbca7e1dca218b9b5414975be49942c3536298e9cc939e*1*0*8*24*2a74*882a*537af57c30fd9fd4b3eefa9ce55b6bff3bbfada237a7c1dace8ebf3bb0de107426211da3*1*0*8*24*2a74*882a*5f406b4858d3489fd4a6a6788798ac9b924b5d0ca8b8e5a6371739c9edcfd28c82f75316*1*0*8*24*2a74*882a*1843aca546b2ea68bd844d1e99d4f74d86417248eb48dd5e956270e42a331c18ea13f5ed*1*0*8*24*2a74*882a*aca3d16543bbfb2e5d2659f63802e0fa5b33e0a1f8ae47334019b4f0b6045d3d8eda3af1*1*0*8*24*2a74*882a*fbe0efc9e10ae1fc9b169bd060470bf3e39f09f8d83bebecd5216de02b81e35fe7e7b2f2*1*0*8*24*2a74*882a*537886dbabffbb7cac77deb01dc84760894524e6966183b4478a4ef56f0c657375a235a1*1*0*8*24*eda7*5096*40eb30ef1ddd9b77b894ed46abf199b480f1e5614fde510855f92ae7b8026a11f80e4d5f*$/pkzip2$ ..\bachelors-thesis-main\dictionaries\English.dic ..\bachelors-thesis-main\dictionaries\English2.dic --machine-readable --status --status-timer=1 --quiet