STATUS,SPEED,MILISECONDS,EXEC_RUNTIME,CURKU,PROGRESS,PROGRESS_ALL,RECHASH,RECHASH,RECSALT,RECSALT,TEMP,REJECTED,UTIL
3,458981,1000,4.976631,0,1435374,101742498841,0,1,0,1,75,0,91
3,458022,1000,4.998174,0,1913832,101742498841,0,1,0,1,76,0,91
3,457264,1000,4.998766,0,2392290,101742498841,0,1,0,1,76,0,91
3,456727,1000,5.002152,0,2870748,101742498841,0,1,0,1,76,0,91
3,456177,1000,4.997463,0,3349206,101742498841,0,1,0,1,77,0,91
3,455804,1000,5.002143,0,3827664,101742498841,0,1,0,1,78,0,91
3,455515,1000,5.002747,0,4306122,101742498841,0,1,0,1,78,0,91
3,455258,1000,5.003183,0,4784580,101742498841,0,1,0,1,78,0,91
3,455046,1000,5.001950,0,5263038,101742498841,0,1,0,1,79,0,91
3,454887,1000,5.006002,0,5741496,101742498841,0,1,0,1,79,0,91
3,454802,1000,5.001866,0,6060468,101742498841,0,1,0,1,80,0,91
11,454696,1000,5.001270,0,6538926,101742498841,0,1,0,1,80,0,91
11,454696,1000,5.000230,0,6538926,101742498841,0,1,0,1,80,0,91
err,hipFuncGetAttribute is missing from HIP shared library.


hashcat arguments,hashcat.exe -a 1 --runtime 15 -m 25500 $stellar$YAlIJziURRcBEWUwRSRDWA==$EutMmmcV5Hbf3p1I$rfSAF349RvGKG4R4Z2VCrH9WjNEKjbJa9hpOja9Yn8MwXruuFEMtw47HPn9CYj+JJ5Rb4Z87Wejj1c4fqpbMZHFOnqtQsVAr ..\bachelors-thesis-main\dictionaries\English.dic ..\bachelors-thesis-main\dictionaries\English2.dic --machine-readable --status --status-timer=1 --quiet