STATUS,SPEED,MILISECONDS,EXEC_RUNTIME,CURKU,PROGRESS,PROGRESS_ALL,RECHASH,RECHASH,RECSALT,RECSALT,TEMP,REJECTED,UTIL
3,1106,1000,5.373548,0,0,101742498841,0,1,0,1,75,0,93
3,1106,1000,5.373822,0,0,101742498841,0,1,0,1,76,0,92
3,1106,1000,5.378274,0,0,101742498841,0,1,0,1,76,0,92
3,1105,1000,5.379186,0,0,101742498841,0,1,0,1,76,0,92
3,1105,1000,5.381640,0,0,101742498841,0,1,0,1,77,0,93
3,1105,1000,5.383741,0,0,101742498841,0,1,0,1,77,0,92
3,1105,1000,5.392423,0,0,101742498841,0,1,0,1,77,0,93
3,1104,1000,5.410090,0,0,101742498841,0,1,0,1,78,0,92
3,1104,1000,5.410350,0,0,101742498841,0,1,0,1,78,0,92
3,1104,1000,5.415714,0,0,101742498841,0,1,0,1,78,0,93
3,1103,1000,5.415743,0,0,101742498841,0,1,0,1,79,0,92
11,1103,1000,5.417138,0,0,101742498841,0,1,0,1,79,0,96
11,1103,1000,5.417090,0,0,101742498841,0,1,0,1,79,0,96
err,hipFuncGetAttribute is missing from HIP shared library.


hashcat arguments,hashcat.exe -a 1 --runtime 15 -m 13743 ..\bachelors-thesis-main\hash-files\hashcat_ripemd160_aes-twofish-serpent_boot.vc ..\bachelors-thesis-main\dictionaries\English.dic ..\bachelors-thesis-main\dictionaries\English2.dic --machine-readable --status --status-timer=1 --quiet