STATUS,SPEED,MILISECONDS,EXEC_RUNTIME,CURKU,PROGRESS,PROGRESS_ALL,RECHASH,RECHASH,RECSALT,RECSALT,TEMP,REJECTED,UTIL
3,2640315610,1000,6.775462,0,12559504830,101742498841,0,1,0,1,78,2437576382,87
3,2634391394,1000,6.783231,0,15229462334,101742498841,0,1,0,1,78,2437576382,86
6,2634009887,1000,6.778346,0,15468563006,101742498841,1,1,1,1,78,2437576382,86
err,hipFuncGetAttribute is missing from HIP shared library.


hashcat arguments,hashcat.exe -a 1 --runtime 15 -m 9720 $oldoffice$0*55045061647456688860411218030058*e7e24d163fbd743992d4b8892bf3f2f7*493410dbc832557d3fe1870ace8397e2:91b2e062b9 ..\bachelors-thesis-main\dictionaries\English.dic ..\bachelors-thesis-main\dictionaries\English2.dic --machine-readable --status --status-timer=1 --quiet