STATUS,SPEED,MILISECONDS,EXEC_RUNTIME,CURKU,PROGRESS,PROGRESS_ALL,RECHASH,RECHASH,RECSALT,RECSALT,TEMP,REJECTED,UTIL
3,5518696269,1000,0.257889,59808,19755798496,101742498841,0,1,0,1,73,0,32
3,6137303885,1000,0.258676,79744,25436023424,101742498841,0,1,0,1,72,0,52
3,6050590778,1000,0.256595,79744,31596087936,101742498841,0,1,0,1,73,0,59
3,5625163612,1000,0.253437,99680,37335004448,101742498841,0,1,0,1,73,0,59
6,5388078217,1000,0.249917,119616,39463112640,101742498841,1,1,1,1,73,0,32
err,hipFuncGetAttribute is missing from HIP shared library.


hashcat arguments,hashcat.exe -a 1 --runtime 15 -m 900 afe04867ec7a3845145579a95f72eca7 ..\bachelors-thesis-main\dictionaries\English.dic ..\bachelors-thesis-main\dictionaries\English2.dic --machine-readable --status --status-timer=1 --quiet