STATUS,SPEED,MILISECONDS,EXEC_RUNTIME,CURKU,PROGRESS,PROGRESS_ALL,RECHASH,RECHASH,RECSALT,RECSALT,TEMP,REJECTED,UTIL
3,3941522358,1000,0.982252,0,13585655424,101742498841,0,1,0,1,71,0,74
3,3912342644,1000,1.040988,0,17464354944,101742498841,0,1,0,1,71,0,75
3,3940806028,1000,1.005070,0,21440021952,101742498841,0,1,0,1,72,0,73
3,3874104831,1000,0.936259,0,25369756992,101742498841,0,1,0,1,72,0,74
3,3701327375,1000,1.080187,79743,28962258885,101742498841,0,1,0,1,72,0,73
6,3747493850,1000,0.967495,79743,30671948805,101742498841,1,1,1,1,72,0,75
err,hipFuncGetAttribute is missing from HIP shared library.


hashcat arguments,hashcat.exe -a 1 --runtime 15 -m 170 b9798556b741befdbddcbf640d1dd59d19b1e193 ..\bachelors-thesis-main\dictionaries\English.dic ..\bachelors-thesis-main\dictionaries\English2.dic --machine-readable --status --status-timer=1 --quiet