STATUS,SPEED,MILISECONDS,EXEC_RUNTIME,CURKU,PROGRESS,PROGRESS_ALL,RECHASH,RECHASH,RECSALT,RECSALT,TEMP,REJECTED,UTIL
3,2973899751,1000,7.220336,0,10442768384,101742498841,0,1,0,1,73,0,87
6,2974756856,1000,7.221536,0,12372148224,101742498841,1,1,1,1,73,0,87
err,hipFuncGetAttribute is missing from HIP shared library.


hashcat arguments,hashcat.exe -a 1 --runtime 15 -m 26403 264a4248c9522cb74d33fe26cb596895:61270210011294880287232432636227 ..\bachelors-thesis-main\dictionaries\English.dic ..\bachelors-thesis-main\dictionaries\English2.dic --machine-readable --status --status-timer=1 --quiet