STATUS,SPEED,MILISECONDS,EXEC_RUNTIME,CURKU,PROGRESS,PROGRESS_ALL,RECHASH,RECHASH,RECSALT,RECSALT,TEMP,REJECTED,UTIL
3,10736,1000,7.357123,0,0,101742498841,0,1,0,1,65,0,94
3,10731,1000,7.324993,0,0,101742498841,0,1,0,1,59,0,100
11,2488,1000,7.373478,0,47104,101742498841,0,1,0,1,61,0,100
11,2488,1000,7.374086,0,47104,101742498841,0,1,0,1,61,0,100
err,hipFuncGetAttribute is missing from HIP shared library.


hashcat arguments,hashcat.exe -a 1 --runtime 15 -m 29533 ..\bachelors-thesis-main\hash-files\hashcat_luks_sha512_twofish_cbc-plain64_256.txt ..\bachelors-thesis-main\dictionaries\English.dic ..\bachelors-thesis-main\dictionaries\English2.dic --machine-readable --status --status-timer=1 --quiet