STATUS,SPEED,MILISECONDS,EXEC_RUNTIME,CURKU,PROGRESS,PROGRESS_ALL,RECHASH,RECHASH,RECSALT,RECSALT,TEMP,REJECTED,UTIL
3,2049463974,1000,22.409790,0,7331643392,101742498841,0,1,0,1,72,0,95
3,2048472528,1000,22.410489,0,9405726720,101742498841,0,1,0,1,72,0,95
3,2044183668,1000,22.499924,0,11479810048,101742498841,0,1,0,1,73,0,95
6,2042157133,1000,22.534786,0,12396265472,101742498841,1,1,1,1,72,0,95
err,hipFuncGetAttribute is missing from HIP shared library.


hashcat arguments,hashcat.exe -a 1 --runtime 15 -m 27200 3999d08db95797891ec77f07223ca81bf43e1be2:5dcc47b04c49d3c8e1b9e4ec367fddeed21b7b85 ..\bachelors-thesis-main\dictionaries\English.dic ..\bachelors-thesis-main\dictionaries\English2.dic --machine-readable --status --status-timer=1 --quiet