STATUS,SPEED,MILISECONDS,EXEC_RUNTIME,CURKU,PROGRESS,PROGRESS_ALL,RECHASH,RECHASH,RECSALT,RECSALT,TEMP,REJECTED,UTIL
3,1518,1000,3.068015,0,0,101742498841,0,1,0,1,79,0,88
3,1518,1000,3.068093,0,0,101742498841,0,1,0,1,79,0,88
3,1517,1000,3.069603,0,0,101742498841,0,1,0,1,79,0,88
3,1517,1000,3.066712,0,0,101742498841,0,1,0,1,80,0,88
3,1516,1000,3.068558,0,0,101742498841,0,1,0,1,80,0,88
3,1516,1000,3.068475,0,0,101742498841,0,1,0,1,80,0,88
3,1516,1000,3.071286,0,0,101742498841,0,1,0,1,80,0,88
3,1516,1000,3.069457,0,0,101742498841,0,1,0,1,81,0,88
3,1516,1000,3.068146,0,0,101742498841,0,1,0,1,81,0,88
3,1516,1000,3.068883,0,0,101742498841,0,1,0,1,81,0,88
3,1516,1000,3.068397,0,0,101742498841,0,1,0,1,81,0,88
11,1516,1000,3.069783,0,0,101742498841,0,1,0,1,82,0,88
11,1516,1000,3.069813,0,0,101742498841,0,1,0,1,82,0,88
err,hipFuncGetAttribute is missing from HIP shared library.


hashcat arguments,hashcat.exe -a 1 --runtime 15 -m 13763 ..\bachelors-thesis-main\hash-files\hashcat_sha256_serpent-twofish-aes_boot.vc ..\bachelors-thesis-main\dictionaries\English.dic ..\bachelors-thesis-main\dictionaries\English2.dic --machine-readable --status --status-timer=1 --quiet