STATUS,SPEED,MILISECONDS,EXEC_RUNTIME,CURKU,PROGRESS,PROGRESS_ALL,RECHASH,RECHASH,RECSALT,RECSALT,TEMP,REJECTED,UTIL
3,1363,1000,4.147799,0,0,101742498841,0,1,0,1,77,0,90
3,1362,1000,4.149466,0,0,101742498841,0,1,0,1,78,0,91
3,1361,1000,4.152065,0,0,101742498841,0,1,0,1,78,0,90
3,1361,1000,4.153742,0,0,101742498841,0,1,0,1,78,0,91
3,1361,1000,4.152249,0,0,101742498841,0,1,0,1,79,0,90
3,1360,1000,4.156072,0,0,101742498841,0,1,0,1,79,0,91
3,1359,1000,4.178059,0,0,101742498841,0,1,0,1,79,0,91
3,1358,1000,4.176518,0,0,101742498841,0,1,0,1,80,0,91
3,1358,1000,4.178082,0,0,101742498841,0,1,0,1,80,0,90
3,1357,1000,4.183417,0,0,101742498841,0,1,0,1,80,0,90
3,1356,1000,4.180512,0,0,101742498841,0,1,0,1,81,0,91
11,1356,1000,4.184239,0,0,101742498841,0,1,0,1,81,0,91
11,1356,1000,4.184374,0,0,101742498841,0,1,0,1,81,0,91
err,hipFuncGetAttribute is missing from HIP shared library.


hashcat arguments,hashcat.exe -a 1 --runtime 15 -m 13711 ..\bachelors-thesis-main\hash-files\hashcat_ripemd160_serpent_13711.vc ..\bachelors-thesis-main\dictionaries\English.dic ..\bachelors-thesis-main\dictionaries\English2.dic --machine-readable --status --status-timer=1 --quiet