STATUS,SPEED,MILISECONDS,EXEC_RUNTIME,CURKU,PROGRESS,PROGRESS_ALL,RECHASH,RECHASH,RECSALT,RECSALT,TEMP,REJECTED,UTIL
3,7269155353,1000,0.725049,79744,25436023424,101742498841,0,1,0,1,76,0,58
3,7217496530,1000,0.723437,79744,32703572608,101742498841,0,1,0,1,75,0,47
6,7392181748,1000,0.730143,119616,40777293760,101742498841,1,1,1,1,76,0,65
err,hipFuncGetAttribute is missing from HIP shared library.


hashcat arguments,hashcat.exe -a 1 --runtime 15 -m 10100 ad61d78c06037cd9:2:4:81533218127174468417660201434054 ..\bachelors-thesis-main\dictionaries\English.dic ..\bachelors-thesis-main\dictionaries\English2.dic --machine-readable --status --status-timer=1 --quiet