STATUS,SPEED,MILISECONDS,EXEC_RUNTIME,CURKU,PROGRESS,PROGRESS_ALL,RECHASH,RECHASH,RECSALT,RECSALT,TEMP,REJECTED,UTIL
3,2678729849,1000,17.053177,0,9502195712,101742498841,0,1,0,1,74,0,94
3,2680635786,1000,17.025237,0,12251561984,101742498841,0,1,0,1,74,0,94
6,2679680319,1000,17.042949,0,12396265472,101742498841,1,1,1,1,74,0,89
err,hipFuncGetAttribute is missing from HIP shared library.


hashcat arguments,hashcat.exe -a 1 --runtime 15 -m 15500 $jksprivk$*5A3AA3C3B7DD7571727E1725FB09953EF3BEDBD9*0867403720562514024857047678064085141322*81*C3*50DDD9F532430367905C9DE31FB1*test ..\bachelors-thesis-main\dictionaries\English.dic ..\bachelors-thesis-main\dictionaries\English2.dic --machine-readable --status --status-timer=1 --quiet