STATUS,SPEED,MILISECONDS,EXEC_RUNTIME,CURKU,PROGRESS,PROGRESS_ALL,RECHASH,RECHASH,RECSALT,RECSALT,TEMP,REJECTED,UTIL
3,2778232527,1000,7.827026,0,9767485440,101742498841,0,1,0,1,79,0,87
74,1,245,6,27,36,3604942479,5,5,0,538,196,0,1
6,2777089400,1000,7.826379,0,12372148224,101742498841,1,1,1,1,79,0,89
err,hipFuncGetAttribute is missing from HIP shared library.


hashcat arguments,hashcat.exe -a 1 --runtime 15 -m 20800 74ee1fae245edd6f27bf36efc3604942479fceefbadab5dc5c0b538c196eb0f1 ..\bachelors-thesis-main\dictionaries\English.dic ..\bachelors-thesis-main\dictionaries\English2.dic --machine-readable --status --status-timer=1 --quiet