STATUS,SPEED,MILISECONDS,EXEC_RUNTIME,CURKU,PROGRESS,PROGRESS_ALL,RECHASH,RECHASH,RECSALT,RECSALT,TEMP,REJECTED,UTIL
3,16494,1000,9.160276,0,0,101742498841,0,1,0,1,69,0,95
3,16483,1000,9.176330,0,0,101742498841,0,1,0,1,69,0,95
3,16475,1000,9.192310,0,0,101742498841,0,1,0,1,70,0,95
3,16466,1000,9.199047,0,0,101742498841,0,1,0,1,71,0,95
3,16458,1000,9.198457,0,0,101742498841,0,1,0,1,71,0,95
3,16452,1000,9.198546,0,0,101742498841,0,1,0,1,72,0,95
3,16444,1000,9.211469,0,0,101742498841,0,1,0,1,72,0,95
3,16437,1000,9.216387,0,0,101742498841,0,1,0,1,73,0,95
3,16432,1000,9.178946,0,0,101742498841,0,1,0,1,73,0,100
3,15770,1000,9.183072,0,188416,101742498841,0,1,0,1,73,0,95
11,15770,1000,9.252146,0,188416,101742498841,0,1,0,1,73,0,100
11,15770,1000,9.252620,0,188416,101742498841,0,1,0,1,73,0,100
err,hipFuncGetAttribute is missing from HIP shared library.


hashcat arguments,hashcat.exe -a 1 --runtime 15 -m 29512 ..\bachelors-thesis-main\hash-files\hashcat_luks_sha1_serpent_cbc-plain64_256.txt ..\bachelors-thesis-main\dictionaries\English.dic ..\bachelors-thesis-main\dictionaries\English2.dic --machine-readable --status --status-timer=1 --quiet