STATUS,SPEED,MILISECONDS,EXEC_RUNTIME,CURKU,PROGRESS,PROGRESS_ALL,RECHASH,RECHASH,RECSALT,RECSALT,TEMP,REJECTED,UTIL
3,158,1000,2.825833,0,0,101742498841,0,1,0,1,61,0,87
3,158,1000,2.838742,0,0,101742498841,0,1,0,1,61,0,87
3,158,1000,2.838729,0,0,101742498841,0,1,0,1,62,0,87
3,157,1000,2.838963,0,0,101742498841,0,1,0,1,62,0,87
3,158,1000,2.839176,0,0,101742498841,0,1,0,1,63,0,87
3,157,1000,2.839178,0,0,101742498841,0,1,0,1,63,0,88
3,157,1000,2.840594,0,0,101742498841,0,1,0,1,63,0,87
3,157,1000,2.840305,0,0,101742498841,0,1,0,1,64,0,89
3,157,1000,2.838813,0,0,101742498841,0,1,0,1,64,0,87
3,157,1000,2.838959,0,0,101742498841,0,1,0,1,64,0,88
3,157,1000,2.840653,0,0,101742498841,0,1,0,1,65,0,88
11,157,1000,2.839823,0,0,101742498841,0,1,0,1,65,0,87
11,157,1000,2.839744,0,0,101742498841,0,1,0,1,65,0,87
err,hipFuncGetAttribute is missing from HIP shared library.


hashcat arguments,hashcat.exe -a 1 --runtime 15 -m 13731 ..\bachelors-thesis-main\hash-files\hashcat_whirlpool_twofish_13731.vc ..\bachelors-thesis-main\dictionaries\English.dic ..\bachelors-thesis-main\dictionaries\English2.dic --machine-readable --status --status-timer=1 --quiet