STATUS,SPEED,MILISECONDS,EXEC_RUNTIME,CURKU,PROGRESS,PROGRESS_ALL,RECHASH,RECHASH,RECSALT,RECSALT,TEMP,REJECTED,UTIL
3,2346,1000,4.083377,0,0,101742498841,0,1,0,1,79,0,91
3,2347,1000,4.081674,0,0,101742498841,0,1,0,1,79,0,91
3,2346,1000,4.084304,0,0,101742498841,0,1,0,1,79,0,90
3,2347,1000,4.082194,0,0,101742498841,0,1,0,1,80,0,91
3,2347,1000,4.084608,0,0,101742498841,0,1,0,1,80,0,90
3,2347,1000,4.085117,0,0,101742498841,0,1,0,1,80,0,91
3,2347,1000,4.082182,0,0,101742498841,0,1,0,1,80,0,91
3,2347,1000,4.083874,0,0,101742498841,0,1,0,1,81,0,91
3,2347,1000,4.084272,0,0,101742498841,0,1,0,1,81,0,91
3,2347,1000,4.082410,0,0,101742498841,0,1,0,1,81,0,91
3,2346,1000,4.082486,0,0,101742498841,0,1,0,1,81,0,91
11,2346,1000,4.082967,0,0,101742498841,0,1,0,1,82,0,91
11,2346,1000,4.082871,0,0,101742498841,0,1,0,1,82,0,91
err,hipFuncGetAttribute is missing from HIP shared library.


hashcat arguments,hashcat.exe -a 1 --runtime 15 -m 13762 ..\bachelors-thesis-main\hash-files\hashcat_sha256_serpent-aes_boot.vc ..\bachelors-thesis-main\dictionaries\English.dic ..\bachelors-thesis-main\dictionaries\English2.dic --machine-readable --status --status-timer=1 --quiet