STATUS,SPEED,MILISECONDS,EXEC_RUNTIME,CURKU,PROGRESS,PROGRESS_ALL,RECHASH,RECHASH,RECSALT,RECSALT,TEMP,REJECTED,UTIL
3,86279,1000,7.166693,0,282624,101742498841,0,1,0,1,76,0,94
3,86215,1000,7.162548,0,376832,101742498841,0,1,0,1,76,0,94
3,86154,1000,7.183378,0,471040,101742498841,0,1,0,1,77,0,94
3,86069,1000,7.205513,0,565248,101742498841,0,1,0,1,77,0,94
3,86013,1000,7.202038,0,659456,101742498841,0,1,0,1,78,0,93
3,85941,1000,7.205801,0,753664,101742498841,0,1,0,1,78,0,94
3,85885,1000,7.222644,0,847872,101742498841,0,1,0,1,79,0,94
3,85885,1000,7.233629,0,847872,101742498841,0,1,0,1,79,0,94
3,85846,1000,7.230676,0,942080,101742498841,0,1,0,1,79,0,94
3,85797,1000,7.233328,0,1036288,101742498841,0,1,0,1,80,0,94
3,85762,1000,7.229731,0,1130496,101742498841,0,1,0,1,80,0,94
11,85718,1000,7.232786,0,1224704,101742498841,0,1,0,1,80,0,94
11,85718,1000,7.232586,0,1224704,101742498841,0,1,0,1,80,0,94
err,hipFuncGetAttribute is missing from HIP shared library.


hashcat arguments,hashcat.exe -a 1 --runtime 15 -m 21500 $solarwinds$0$admin$fj4EBQewCQUZ7IYHl0qL8uj9kQSBb3m7N4u0crkKK0Uj9rbbAnSrBZMXO7oWx9KqL3sCzwncvPZ9hyDV9QCFTg== ..\bachelors-thesis-main\dictionaries\English.dic ..\bachelors-thesis-main\dictionaries\English2.dic --machine-readable --status --status-timer=1 --quiet