STATUS,SPEED,MILISECONDS,EXEC_RUNTIME,CURKU,PROGRESS,PROGRESS_ALL,RECHASH,RECHASH,RECSALT,RECSALT,TEMP,REJECTED,UTIL
3,3248922466,1000,6.364101,0,11503927296,101742498841,0,1,0,1,74,0,85
3,3241202079,1000,6.372449,0,14783873024,101742498841,0,1,0,1,74,0,83
3,3237169940,1000,6.376005,0,18039701504,101742498841,0,1,0,1,75,0,84
3,3232920955,1000,6.380736,0,21295529984,101742498841,0,1,0,1,76,0,84
3,3228760993,1000,6.378938,0,24551358464,101742498841,0,1,0,1,76,0,84
3,3224427837,1000,6.380404,0,27831304192,101742498841,0,1,0,1,76,0,84
3,3192299533,1000,6.385861,94208,30869606400,101742498841,0,1,0,1,77,0,87
3,3195347858,1000,6.401618,94208,34197786624,101742498841,0,1,0,1,77,0,86
6,3196499061,1000,6.400910,94208,36247752704,101742498841,1,1,1,1,78,0,85
err,hipFuncGetAttribute is missing from HIP shared library.


hashcat arguments,hashcat.exe -a 1 --runtime 15 -m 4510 9138d472fce6fe50e2a32da4eec4ecdc8860f4d5:hashcat1 ..\bachelors-thesis-main\dictionaries\English.dic ..\bachelors-thesis-main\dictionaries\English2.dic --machine-readable --status --status-timer=1 --quiet