STATUS,SPEED,MILISECONDS,EXEC_RUNTIME,CURKU,PROGRESS,PROGRESS_ALL,RECHASH,RECHASH,RECSALT,RECSALT,TEMP,REJECTED,UTIL
3,2980630341,1000,2.581494,0,10350003456,101742498841,0,1,0,1,72,0,75
3,2965880403,1000,2.603581,0,13320270720,101742498841,0,1,0,1,73,0,72
3,2956422587,1000,2.603990,0,16290537984,101742498841,0,1,0,1,73,0,72
3,2947987018,1000,2.606436,0,19250598144,101742498841,0,1,0,1,73,0,72
3,2941150795,1000,2.618251,0,22200451200,101742498841,0,1,0,1,73,0,68
3,2939590026,1000,2.602527,0,25160511360,101742498841,0,1,0,1,74,0,71
3,2912934547,1000,2.610660,79743,27926237829,101742498841,0,1,0,1,74,0,69
6,2918551331,1000,2.599178,79743,30671948805,101742498841,1,1,1,1,74,0,72
err,hipFuncGetAttribute is missing from HIP shared library.


hashcat arguments,hashcat.exe -a 1 --runtime 15 -m 21300 799dc7d9aa4d3f404cc21a4936dbdcde:68617368636174 ..\bachelors-thesis-main\dictionaries\English.dic ..\bachelors-thesis-main\dictionaries\English2.dic --machine-readable --status --status-timer=1 --quiet