STATUS,SPEED,MILISECONDS,EXEC_RUNTIME,CURKU,PROGRESS,PROGRESS_ALL,RECHASH,RECHASH,RECSALT,RECSALT,TEMP,REJECTED,UTIL
3,4793320159,1000,8.701203,0,16882073600,101742498841,0,1,0,1,79,0,87
3,4778865551,1000,8.702886,0,21657288704,101742498841,0,1,0,1,79,0,87
3,4772737528,1000,8.702428,0,26528972800,101742498841,0,1,0,1,79,0,87
3,4701121764,1000,8.718781,94208,31014309888,101742498841,0,1,0,1,79,0,56
3,4710723733,1000,8.687926,94208,35885993984,101742498841,0,1,0,1,80,0,85
6,4707013502,1000,8.684214,94208,36271869952,101742498841,1,1,1,1,80,0,78
err,hipFuncGetAttribute is missing from HIP shared library.


hashcat arguments,hashcat.exe -a 1 --runtime 15 -m 4700 92d85978d884eb1d99a51652b1139c8279fa8663 ..\bachelors-thesis-main\dictionaries\English.dic ..\bachelors-thesis-main\dictionaries\English2.dic --machine-readable --status --status-timer=1 --quiet