STATUS,SPEED,MILISECONDS,EXEC_RUNTIME,CURKU,PROGRESS,PROGRESS_ALL,RECHASH,RECHASH,RECSALT,RECSALT,TEMP,REJECTED,UTIL
3,5069976695,1000,0.684683,39872,17561343296,101742498841,0,1,0,1,71,0,68
3,4949308324,1000,0.700386,39872,22746617152,101742498841,0,1,0,1,70,0,68
3,4750847641,1000,0.715486,79744,27518298752,101742498841,0,1,0,1,70,0,69
3,4937328891,1000,0.709117,79744,32764816000,101742498841,0,1,0,1,71,0,71
3,5010957946,1000,0.704868,79744,38026644096,101742498841,0,1,0,1,71,0,70
6,4932723682,1000,0.681634,119616,40772190144,101742498841,1,1,1,1,71,0,69
err,hipFuncGetAttribute is missing from HIP shared library.


hashcat arguments,hashcat.exe -a 1 --runtime 15 -m 70 2303b15bfa48c74a74758135a0df1201 ..\bachelors-thesis-main\dictionaries\English.dic ..\bachelors-thesis-main\dictionaries\English2.dic --machine-readable --status --status-timer=1 --quiet