STATUS,SPEED,MILISECONDS,EXEC_RUNTIME,CURKU,PROGRESS,PROGRESS_ALL,RECHASH,RECHASH,RECSALT,RECSALT,TEMP,REJECTED,UTIL
3,4932824747,1000,1.170619,39872,17372509504,101742498841,0,1,0,1,67,0,54
3,4950810685,1000,1.173361,39872,22476125504,101742498841,0,1,0,1,68,0,54
3,4891971660,1000,1.179295,79744,27232496256,101742498841,0,1,0,1,68,0,50
3,4986565932,1000,1.171628,79744,32795437696,101742498841,0,1,0,1,68,0,64
3,5010827654,1000,1.173807,79744,38062369408,101742498841,0,1,0,1,69,0,61
6,4942040258,1000,1.206013,119616,40777293760,101742498841,1,1,1,1,68,0,50
err,hipFuncGetAttribute is missing from HIP shared library.


hashcat arguments,hashcat.exe -a 1 --runtime 15 -m 10 01dfae6e5d4d90d9892622325959afbe:7050461 ..\bachelors-thesis-main\dictionaries\English.dic ..\bachelors-thesis-main\dictionaries\English2.dic --machine-readable --status --status-timer=1 --quiet