STATUS,SPEED,MILISECONDS,EXEC_RUNTIME,CURKU,PROGRESS,PROGRESS_ALL,RECHASH,RECHASH,RECSALT,RECSALT,TEMP,REJECTED,UTIL
3,2755,1000,4.236541,0,0,101742498841,0,1,0,1,72,0,90
3,2755,1000,4.248652,0,0,101742498841,0,1,0,1,73,0,91
3,2754,1000,4.249622,0,0,101742498841,0,1,0,1,73,0,91
3,2753,1000,4.253094,0,0,101742498841,0,1,0,1,73,0,92
3,2753,1000,4.266545,0,0,101742498841,0,1,0,1,74,0,92
3,2751,1000,4.255810,0,0,101742498841,0,1,0,1,74,0,90
3,2751,1000,4.259104,0,0,101742498841,0,1,0,1,75,0,91
3,2751,1000,4.271178,0,0,101742498841,0,1,0,1,75,0,91
3,2750,1000,4.270678,0,0,101742498841,0,1,0,1,76,0,92
3,2751,1000,4.268314,0,0,101742498841,0,1,0,1,76,0,92
3,2749,1000,4.276265,0,0,101742498841,0,1,0,1,76,0,91
11,2748,1000,4.280604,0,0,101742498841,0,1,0,1,77,0,91
11,2748,1000,4.280572,0,0,101742498841,0,1,0,1,77,0,91
err,hipFuncGetAttribute is missing from HIP shared library.


hashcat arguments,hashcat.exe -a 1 --runtime 15 -m 13741 ..\bachelors-thesis-main\hash-files\hashcat_ripemd160_aes_boot.vc ..\bachelors-thesis-main\dictionaries\English.dic ..\bachelors-thesis-main\dictionaries\English2.dic --machine-readable --status --status-timer=1 --quiet