STATUS,SPEED,MILISECONDS,EXEC_RUNTIME,CURKU,PROGRESS,PROGRESS_ALL,RECHASH,RECHASH,RECSALT,RECSALT,TEMP,REJECTED,UTIL
3,4919369948,1000,8.464555,0,17075011584,101742498841,0,1,0,1,74,0,85
3,4867429999,1000,8.727166,0,21850226688,101742498841,0,1,0,1,74,0,85
3,4869591696,1000,8.502143,0,26818379776,101742498841,0,1,0,1,75,0,85
3,4811259346,1000,8.438134,94208,31400185856,101742498841,0,1,0,1,75,0,48
6,4835296131,1000,8.169042,94208,36271869952,101742498841,1,1,1,1,76,0,84
err,hipFuncGetAttribute is missing from HIP shared library.


hashcat arguments,hashcat.exe -a 1 --runtime 15 -m 13500 b5e335754127b25ba6f99a94c738e24cd634c35a:aa07d396f5038a6cbeded88d78d1d6c907e4079b3dc2e12fddee409a51cc05ae73e8cc24d518c923a2f79e49376594503e6238b806bfe33fa8516f4903a9b4 ..\bachelors-thesis-main\dictionaries\English.dic ..\bachelors-thesis-main\dictionaries\English2.dic --machine-readable --status --status-timer=1 --quiet