STATUS,SPEED,MILISECONDS,EXEC_RUNTIME,CURKU,PROGRESS,PROGRESS_ALL,RECHASH,RECHASH,RECSALT,RECSALT,TEMP,REJECTED,UTIL
3,77,1000,3.831355,0,0,101742498841,0,1,0,1,67,0,90
3,77,1000,3.842923,0,0,101742498841,0,1,0,1,67,0,90
3,77,1000,3.843125,0,0,101742498841,0,1,0,1,67,0,90
3,77,1000,3.843430,0,0,101742498841,0,1,0,1,67,0,90
3,77,1000,3.843379,0,0,101742498841,0,1,0,1,68,0,91
3,77,1000,3.844983,0,0,101742498841,0,1,0,1,68,0,90
3,77,1000,3.844286,0,0,101742498841,0,1,0,1,68,0,91
3,77,1000,3.845514,0,0,101742498841,0,1,0,1,69,0,91
3,77,1000,3.845147,0,0,101742498841,0,1,0,1,69,0,91
3,77,1000,3.843714,0,0,101742498841,0,1,0,1,69,0,90
3,77,1000,3.845860,0,0,101742498841,0,1,0,1,69,0,90
11,77,1000,3.846314,0,0,101742498841,0,1,0,1,70,0,91
11,77,1000,3.846250,0,0,101742498841,0,1,0,1,70,0,91
err,hipFuncGetAttribute is missing from HIP shared library.


hashcat arguments,hashcat.exe -a 1 --runtime 15 -m 13782 ..\bachelors-thesis-main\hash-files\hashcat_streebog512_aes-twofish_boot_13782.vc ..\bachelors-thesis-main\dictionaries\English.dic ..\bachelors-thesis-main\dictionaries\English2.dic --machine-readable --status --status-timer=1 --quiet