STATUS,SPEED,MILISECONDS,EXEC_RUNTIME,CURKU,PROGRESS,PROGRESS_ALL,RECHASH,RECHASH,RECSALT,RECSALT,TEMP,REJECTED,UTIL
3,133,1000,3.424606,0,0,101742498841,0,1,0,1,69,0,89
3,133,1000,3.430225,0,0,101742498841,0,1,0,1,69,0,89
3,133,1000,3.423110,0,0,101742498841,0,1,0,1,69,0,89
3,133,1000,3.426500,0,0,101742498841,0,1,0,1,69,0,89
3,133,1000,3.439771,0,0,101742498841,0,1,0,1,69,0,89
3,133,1000,3.438269,0,0,101742498841,0,1,0,1,70,0,89
3,133,1000,3.438515,0,0,101742498841,0,1,0,1,70,0,89
3,133,1000,3.437653,0,0,101742498841,0,1,0,1,70,0,89
3,133,1000,3.437097,0,0,101742498841,0,1,0,1,70,0,89
3,133,1000,3.435000,0,0,101742498841,0,1,0,1,70,0,89
3,132,1000,3.432242,0,0,101742498841,0,1,0,1,70,0,89
11,133,1000,3.437908,0,0,101742498841,0,1,0,1,71,0,89
11,133,1000,3.437052,0,0,101742498841,0,1,0,1,71,0,89
err,hipFuncGetAttribute is missing from HIP shared library.


hashcat arguments,hashcat.exe -a 1 --runtime 15 -m 13731 ..\bachelors-thesis-main\hash-files\hashcat_whirlpool_aes_13731.vc ..\bachelors-thesis-main\dictionaries\English.dic ..\bachelors-thesis-main\dictionaries\English2.dic --machine-readable --status --status-timer=1 --quiet