STATUS,SPEED,MILISECONDS,EXEC_RUNTIME,CURKU,PROGRESS,PROGRESS_ALL,RECHASH,RECHASH,RECSALT,RECSALT,TEMP,REJECTED,UTIL
3,646,1000,5.911433,0,0,101742498841,0,1,0,1,78,0,94
3,646,1000,5.910765,0,0,101742498841,0,1,0,1,78,0,94
3,646,1000,5.911461,0,0,101742498841,0,1,0,1,78,0,93
3,646,1000,5.915400,0,0,101742498841,0,1,0,1,79,0,94
3,646,1000,5.915416,0,0,101742498841,0,1,0,1,79,0,94
3,646,1000,5.917481,0,0,101742498841,0,1,0,1,79,0,94
3,645,1000,5.950676,0,0,101742498841,0,1,0,1,80,0,93
3,645,1000,5.953607,0,0,101742498841,0,1,0,1,80,0,94
3,644,1000,5.951582,0,0,101742498841,0,1,0,1,80,0,94
3,644,1000,5.955006,0,0,101742498841,0,1,0,1,81,0,94
3,644,1000,5.956246,0,0,101742498841,0,1,0,1,81,0,94
11,644,1000,5.957917,0,0,101742498841,0,1,0,1,81,0,94
11,644,1000,5.957933,0,0,101742498841,0,1,0,1,81,0,97
err,hipFuncGetAttribute is missing from HIP shared library.


hashcat arguments,hashcat.exe -a 1 --runtime 15 -m 13753 ..\bachelors-thesis-main\hash-files\hashcat_sha256_serpent-twofish-aes_13753.vc ..\bachelors-thesis-main\dictionaries\English.dic ..\bachelors-thesis-main\dictionaries\English2.dic --machine-readable --status --status-timer=1 --quiet