STATUS,SPEED,MILISECONDS,EXEC_RUNTIME,CURKU,PROGRESS,PROGRESS_ALL,RECHASH,RECHASH,RECSALT,RECSALT,TEMP,REJECTED,UTIL
3,3872314351,1000,11.080472,0,13312720896,101742498841,0,1,0,1,79,0,89
3,3861033471,1000,11.121159,0,17219715072,101742498841,0,1,0,1,79,0,90
3,3851886504,1000,11.147859,0,21078474752,101742498841,0,1,0,1,79,0,89
3,3847111339,1000,11.147429,0,24985468928,101742498841,0,1,0,1,80,0,89
3,3840198702,1000,11.139060,0,28844228608,101742498841,0,1,0,1,80,0,87
3,3798790879,1000,11.126102,94208,32413110272,101742498841,0,1,0,1,81,0,88
6,3800977603,1000,11.117551,94208,36271869952,101742498841,1,1,1,1,81,0,88
err,hipFuncGetAttribute is missing from HIP shared library.


hashcat arguments,hashcat.exe -a 1 --runtime 15 -m 18500 888a2ffcb3854fba0321110c5d0d434ad1aa2880 ..\bachelors-thesis-main\dictionaries\English.dic ..\bachelors-thesis-main\dictionaries\English2.dic --machine-readable --status --status-timer=1 --quiet