STATUS,SPEED,MILISECONDS,EXEC_RUNTIME,CURKU,PROGRESS,PROGRESS_ALL,RECHASH,RECHASH,RECSALT,RECSALT,TEMP,REJECTED,UTIL
6,4695312156,1000,9.240818,0,12396265472,101742498841,1,1,1,1,78,0,89
err,hipFuncGetAttribute is missing from HIP shared library.


hashcat arguments,hashcat.exe -a 1 --runtime 15 -m 11400 $sip$*192.168.100.100*192.168.100.121*username*asterisk*REGISTER*sip*192.168.100.121**2b01df0b****MD5*ad0520061ca07c120d7e8ce696a6df2d ..\bachelors-thesis-main\dictionaries\English.dic ..\bachelors-thesis-main\dictionaries\English2.dic --machine-readable --status --status-timer=1 --quiet