STATUS,SPEED,MILISECONDS,EXEC_RUNTIME,CURKU,PROGRESS,PROGRESS_ALL,RECHASH,RECHASH,RECSALT,RECSALT,TEMP,REJECTED,UTIL
3,6437927118,1000,0.933175,39872,22935450944,101742498841,0,1,0,1,68,0,44
3,6254071708,1000,0.924065,79744,28692130432,101742498841,0,1,0,1,68,0,44
3,6272558678,1000,0.918540,79744,35143101056,101742498841,0,1,0,1,69,0,59
6,6212963065,1000,0.934273,119616,40777293760,101742498841,1,1,1,1,69,0,49
err,hipFuncGetAttribute is missing from HIP shared library.


hashcat arguments,hashcat.exe -a 1 --runtime 15 -m 20 f0fda58630310a6dd91a7d8f0a4ceda2:4225637426 ..\bachelors-thesis-main\dictionaries\English.dic ..\bachelors-thesis-main\dictionaries\English2.dic --machine-readable --status --status-timer=1 --quiet