STATUS,SPEED,MILISECONDS,EXEC_RUNTIME,CURKU,PROGRESS,PROGRESS_ALL,RECHASH,RECHASH,RECSALT,RECSALT,TEMP,REJECTED,UTIL
3,7324036919,1000,1.703728,79743,25986888069,101742498841,0,1,0,1,73,0,46
6,7352400519,1000,1.711582,79743,30682155909,101742498841,1,1,1,1,74,0,62
err,hipFuncGetAttribute is missing from HIP shared library.


hashcat arguments,hashcat.exe -a 1 --runtime 15 -m 2410 02dMBMYkTdC5Ziyp:36 ..\bachelors-thesis-main\dictionaries\English.dic ..\bachelors-thesis-main\dictionaries\English2.dic --machine-readable --status --status-timer=1 --quiet