STATUS,SPEED,MILISECONDS,EXEC_RUNTIME,CURKU,PROGRESS,PROGRESS_ALL,RECHASH,RECHASH,RECSALT,RECSALT,TEMP,REJECTED,UTIL
3,2396136018,1000,9.224469,0,8441036800,101742498841,0,1,0,1,78,0,90
3,2391410775,1000,9.251565,0,10852761600,101742498841,0,1,0,1,78,0,90
6,2388808535,1000,9.247673,0,12372148224,101742498841,1,1,1,1,79,0,89
err,hipFuncGetAttribute is missing from HIP shared library.


hashcat arguments,hashcat.exe -a 1 --runtime 15 -m 12600 aee9edab5653f509c4c63e559a5e967b4c112273bc6bd84525e630a3f9028dcb:5136256866783777334574783782810410706883233321141647265340462733 ..\bachelors-thesis-main\dictionaries\English.dic ..\bachelors-thesis-main\dictionaries\English2.dic --machine-readable --status --status-timer=1 --quiet