STATUS,SPEED,MILISECONDS,EXEC_RUNTIME,CURKU,PROGRESS,PROGRESS_ALL,RECHASH,RECHASH,RECSALT,RECSALT,TEMP,REJECTED,UTIL
3,85466,1000,7.234070,0,282624,101742498841,0,1,0,1,80,0,94
3,85409,1000,7.240198,0,376832,101742498841,0,1,0,1,81,0,94
3,85348,1000,7.250233,0,471040,101742498841,0,1,0,1,81,0,93
3,85294,1000,7.250347,0,565248,101742498841,0,1,0,1,81,0,93
3,85294,1000,7.262600,0,565248,101742498841,0,1,0,1,82,0,94
3,85262,1000,7.273343,0,659456,101742498841,0,1,0,1,82,0,94
3,85212,1000,7.254586,0,753664,101742498841,0,1,0,1,82,0,94
3,85180,1000,7.262741,0,847872,101742498841,0,1,0,1,82,0,94
3,85146,1000,7.270857,0,942080,101742498841,0,1,0,1,83,0,94
3,85110,1000,7.288613,0,1036288,101742498841,0,1,0,1,83,0,94
3,85057,1000,7.303061,0,1130496,101742498841,0,1,0,1,83,0,94
11,85000,1000,7.313762,0,1224704,101742498841,0,1,0,1,83,0,94
11,85000,1000,7.313850,0,1224704,101742498841,0,1,0,1,83,0,94
err,hipFuncGetAttribute is missing from HIP shared library.


hashcat arguments,hashcat.exe -a 1 --runtime 15 -m 21501 $solarwinds$1$3pHkk55NTYpAeV3EJjcAww==$N4Ii2PxXX/bTZZwslQLIKrp0wvfZ5aN9hpyiR896ozJMJTPO1Q7BK1Eht8Vhl4kXq/42Vn2zp3qYeAkRuqsuEw== ..\bachelors-thesis-main\dictionaries\English.dic ..\bachelors-thesis-main\dictionaries\English2.dic --machine-readable --status --status-timer=1 --quiet