STATUS,SPEED,MILISECONDS,EXEC_RUNTIME,CURKU,PROGRESS,PROGRESS_ALL,RECHASH,RECHASH,RECSALT,RECSALT,TEMP,REJECTED,UTIL
3,6575928345,1000,0.488007,39872,21782033728,101742498841,0,1,0,1,67,0,60
3,5983883611,1000,0.493764,79744,27798997632,101742498841,0,1,0,1,66,0,63
3,6229478226,1000,0.484401,79744,34423491200,101742498841,0,1,0,1,67,0,61
3,6070963255,1000,0.503813,119616,40272035776,101742498841,0,1,0,1,67,0,51
6,6071886389,1000,0.493236,119616,40772190144,101742498841,1,1,1,1,67,0,58
err,hipFuncGetAttribute is missing from HIP shared library.


hashcat arguments,hashcat.exe -a 1 --runtime 15 -m 0 8743b52063cd84097a65d1633f5c74f5 ..\bachelors-thesis-main\dictionaries\English.dic ..\bachelors-thesis-main\dictionaries\English2.dic --machine-readable --status --status-timer=1 --quiet