STATUS,SPEED,MILISECONDS,EXEC_RUNTIME,CURKU,PROGRESS,PROGRESS_ALL,RECHASH,RECHASH,RECSALT,RECSALT,TEMP,REJECTED,UTIL
3,5262848324,1000,7.802323,0,18763218944,101742498841,0,1,0,1,75,0,83
3,5245294167,1000,7.799632,0,24020779008,101742498841,0,1,0,1,76,0,84
3,5236817440,1000,7.816655,0,29326573568,101742498841,0,1,0,1,76,0,83
3,5163391326,1000,7.812278,94208,34197786624,101742498841,0,1,0,1,77,0,84
6,5172264755,1000,7.804977,94208,36271869952,101742498841,1,1,1,1,77,0,84
err,hipFuncGetAttribute is missing from HIP shared library.


hashcat arguments,hashcat.exe -a 1 --runtime 15 -m 3910 250920b3a5e31318806a032a4674df7e:1234 ..\bachelors-thesis-main\dictionaries\English.dic ..\bachelors-thesis-main\dictionaries\English2.dic --machine-readable --status --status-timer=1 --quiet