STATUS,SPEED,MILISECONDS,EXEC_RUNTIME,CURKU,PROGRESS,PROGRESS_ALL,RECHASH,RECHASH,RECSALT,RECSALT,TEMP,REJECTED,UTIL
3,935,1000,3.962529,0,0,101742498841,0,1,0,1,78,0,91
3,935,1000,3.969698,0,0,101742498841,0,1,0,1,78,0,91
3,935,1000,3.965346,0,0,101742498841,0,1,0,1,79,0,90
3,935,1000,3.967142,0,0,101742498841,0,1,0,1,79,0,91
3,935,1000,3.973384,0,0,101742498841,0,1,0,1,79,0,91
3,935,1000,3.978803,0,0,101742498841,0,1,0,1,80,0,90
3,934,1000,3.974899,0,0,101742498841,0,1,0,1,80,0,91
3,934,1000,3.976249,0,0,101742498841,0,1,0,1,80,0,91
3,934,1000,3.974869,0,0,101742498841,0,1,0,1,81,0,91
3,934,1000,3.977886,0,0,101742498841,0,1,0,1,81,0,91
3,934,1000,3.976397,0,0,101742498841,0,1,0,1,81,0,91
11,934,1000,3.976601,0,0,101742498841,0,1,0,1,81,0,91
11,934,1000,3.976497,0,0,101742498841,0,1,0,1,81,0,92
err,hipFuncGetAttribute is missing from HIP shared library.


hashcat arguments,hashcat.exe -a 1 --runtime 15 -m 13752 ..\bachelors-thesis-main\hash-files\hashcat_sha256_aes-twofish_13752.vc ..\bachelors-thesis-main\dictionaries\English.dic ..\bachelors-thesis-main\dictionaries\English2.dic --machine-readable --status --status-timer=1 --quiet