STATUS,SPEED,MILISECONDS,EXEC_RUNTIME,CURKU,PROGRESS,PROGRESS_ALL,RECHASH,RECHASH,RECSALT,RECSALT,TEMP,REJECTED,UTIL
3,1705391110,1000,6.228577,0,6077546496,101742498841,0,1,0,1,73,0,85
3,1701860335,1000,6.224583,0,7801929728,101742498841,0,1,0,1,74,0,85
3,1700161824,1000,6.225040,0,9514254336,101742498841,0,1,0,1,75,0,85
3,1697592459,1000,6.230067,0,11238637568,101742498841,0,1,0,1,75,0,85
3,1695736804,1000,6.234872,0,12938903552,101742498841,0,1,0,1,75,0,85
3,1692994412,1000,6.275937,0,14651228160,101742498841,0,1,0,1,76,0,85
3,1690709230,1000,6.282310,0,16351494144,101742498841,0,1,0,1,76,0,84
3,1688593448,1000,6.279596,0,18063818752,101742498841,0,1,0,1,76,0,84
3,1686618649,1000,6.283526,0,19764084736,101742498841,0,1,0,1,77,0,84
3,1685061798,1000,6.287747,0,21452292096,101742498841,0,1,0,1,77,0,84
3,1684032009,1000,6.285033,0,23152558080,101742498841,0,1,0,1,78,0,85
11,1683190962,1000,6.285596,0,24852824064,101742498841,0,1,0,1,78,0,84
11,1683190962,1000,6.284999,0,24852824064,101742498841,0,1,0,1,78,0,84
err,hipFuncGetAttribute is missing from HIP shared library.


hashcat arguments,hashcat.exe -a 1 --runtime 15 -m 28300 $teamspeak$3$E0aV0IQ29EDyxRfkFoQflUGJ6zo=$mRgDUkNpd0IwUEcTJQBmE0NHYwdDEhFzQ0VgMRcFJUIRYnaHBwNXRZJwk2ZUaURzdXkVYiUROERmI0hYYGFYCDiIJCeIU3N5EhRVcZFnSIRCJlkUFkY4YFMDcheYeTl4RYZEdpKGJYhxAIQJEYGYEA== ..\bachelors-thesis-main\dictionaries\English.dic ..\bachelors-thesis-main\dictionaries\English2.dic --machine-readable --status --status-timer=1 --quiet