STATUS,SPEED,MILISECONDS,EXEC_RUNTIME,CURKU,PROGRESS,PROGRESS_ALL,RECHASH,RECHASH,RECSALT,RECSALT,TEMP,REJECTED,UTIL
3,133,1000,3.425313,0,0,101742498841,0,1,0,1,66,0,89
3,133,1000,3.428129,0,0,101742498841,0,1,0,1,67,0,89
3,133,1000,3.426648,0,0,101742498841,0,1,0,1,67,0,89
3,133,1000,3.428664,0,0,101742498841,0,1,0,1,67,0,89
3,133,1000,3.432559,0,0,101742498841,0,1,0,1,67,0,89
3,133,1000,3.430609,0,0,101742498841,0,1,0,1,68,0,89
3,133,1000,3.425756,0,0,101742498841,0,1,0,1,68,0,89
3,133,1000,3.425453,0,0,101742498841,0,1,0,1,68,0,90
3,133,1000,3.424715,0,0,101742498841,0,1,0,1,68,0,90
3,133,1000,3.427007,0,0,101742498841,0,1,0,1,68,0,89
11,133,1000,3.430061,0,0,101742498841,0,1,0,1,69,0,89
11,133,1000,3.430238,0,0,101742498841,0,1,0,1,69,0,89
err,hipFuncGetAttribute is missing from HIP shared library.


hashcat arguments,hashcat.exe -a 1 --runtime 15 -m 13731 ..\bachelors-thesis-main\hash-files\hashcat_whirlpool_serpent_13731.vc ..\bachelors-thesis-main\dictionaries\English.dic ..\bachelors-thesis-main\dictionaries\English2.dic --machine-readable --status --status-timer=1 --quiet