STATUS,SPEED,MILISECONDS,EXEC_RUNTIME,CURKU,PROGRESS,PROGRESS_ALL,RECHASH,RECHASH,RECSALT,RECSALT,TEMP,REJECTED,UTIL
err,hipFuncGetAttribute is missing from HIP shared library.

cuEventSynchronize(): misaligned address

cuStreamSynchronize(): misaligned address

Aborting session due to kernel self-test failure.


hashcat arguments,hashcat.exe -a 0 --runtime 20 -m 28501 1Jv6EonXm9x4Dw4QjEPAhGfmzFxTL7b3Zj ..\bachelors-thesis-main\dictionaries-dict\test-dic1.dic -r ..\bachelors-thesis-main\rules\ruleset1.rule --machine-readable --status --status-timer=1 --quiet