STATUS,SPEED,MILISECONDS,EXEC_RUNTIME,CURKU,PROGRESS,PROGRESS_ALL,RECHASH,RECHASH,RECSALT,RECSALT,TEMP,REJECTED,UTIL
3,15,1000,3.018221,0,0,101742498841,0,1,0,1,64,0,87
3,16,1000,3.017872,0,0,101742498841,0,1,0,1,64,0,87
3,16,1000,3.017897,0,0,101742498841,0,1,0,1,64,0,88
3,16,1000,3.017402,0,0,101742498841,0,1,0,1,64,0,86
3,16,1000,3.017751,0,0,101742498841,0,1,0,1,63,0,86
3,16,1000,3.017895,0,212,101742498841,0,1,0,1,63,0,87
11,16,1000,3.017220,0,212,101742498841,0,1,0,1,63,0,94
11,16,1000,3.017211,0,212,101742498841,0,1,0,1,64,0,94
11,16,1000,3.017074,0,212,101742498841,0,1,0,1,63,0,40
11,16,1000,3.017090,0,212,101742498841,0,1,0,1,63,0,14
err,hipFuncGetAttribute is missing from HIP shared library.


hashcat arguments,hashcat.exe -a 1 --runtime 15 -m 15700 $ethereum$s*262144*1*8*3436383737333838313035343736303637353530323430373235343034363130*8b58d9d15f579faba1cd13dd372faeb51718e7f70735de96f0bcb2ef4fb90278*8de566b919e6825a65746e266226316c1add8d8c3d15f54640902437bcffc8c3 ..\bachelors-thesis-main\dictionaries\English.dic ..\bachelors-thesis-main\dictionaries\English2.dic --machine-readable --status --status-timer=1 --quiet