STATUS,SPEED,MILISECONDS,EXEC_RUNTIME,CURKU,PROGRESS,PROGRESS_ALL,RECHASH,RECHASH,RECSALT,RECSALT,TEMP,REJECTED,UTIL
3,14102,1000,9.956354,0,0,101742498841,0,1,0,1,65,0,96
3,14098,1000,9.964981,0,0,101742498841,0,1,0,1,64,0,95
3,14097,1000,9.969949,0,0,101742498841,0,1,0,1,64,0,94
3,14096,1000,9.958256,0,0,101742498841,0,1,0,1,65,0,95
3,14094,1000,9.967246,0,0,101742498841,0,1,0,1,64,0,94
3,14095,1000,9.960756,0,0,101742498841,0,1,0,1,64,0,95
3,14093,1000,9.969279,0,0,101742498841,0,1,0,1,64,0,95
3,14092,1000,9.962770,0,0,101742498841,0,1,0,1,64,0,95
3,14093,1000,9.952735,0,0,101742498841,0,1,0,1,63,0,95
3,14094,1000,9.950287,0,0,101742498841,0,1,0,1,64,0,95
11,14094,1000,9.961675,0,0,101742498841,0,1,0,1,64,0,38
11,14094,1000,9.882700,0,0,101742498841,0,1,0,1,63,0,15
err,hipFuncGetAttribute is missing from HIP shared library.


hashcat arguments,hashcat.exe -a 1 --runtime 15 -m 23400 $bitwarden$2*100000*2*bm9yZXBseUBoYXNoY2F0Lm5ldA==*+v5rHxYydSRUDlan+4pSoiYQwAgEhdmivlb+exQX+fg= ..\bachelors-thesis-main\dictionaries\English.dic ..\bachelors-thesis-main\dictionaries\English2.dic --machine-readable --status --status-timer=1 --quiet