STATUS,SPEED,MILISECONDS,EXEC_RUNTIME,CURKU,PROGRESS,PROGRESS_ALL,RECHASH,RECHASH,RECSALT,RECSALT,TEMP,REJECTED,UTIL
3,60,1000,3.754564,0,0,101742498841,0,1,0,1,72,0,90
3,60,1000,3.754201,0,0,101742498841,0,1,0,1,72,0,90
3,60,1000,3.754536,0,0,101742498841,0,1,0,1,73,0,90
3,60,1000,3.754779,0,0,101742498841,0,1,0,1,72,0,91
3,60,1000,3.754498,0,0,101742498841,0,1,0,1,72,0,90
3,60,1000,3.754963,0,0,101742498841,0,1,0,1,72,0,91
3,60,1000,3.755020,0,0,101742498841,0,1,0,1,72,0,90
3,60,1000,3.755185,0,0,101742498841,0,1,0,1,72,0,91
3,60,1000,3.754997,0,0,101742498841,0,1,0,1,72,0,90
3,60,1000,3.754713,0,0,101742498841,0,1,0,1,72,0,90
3,60,1000,3.754816,0,0,101742498841,0,1,0,1,72,0,91
11,60,1000,3.755556,0,0,101742498841,0,1,0,1,73,0,53
11,60,1000,3.755332,0,0,101742498841,0,1,0,1,72,0,23
err,hipFuncGetAttribute is missing from HIP shared library.


hashcat arguments,hashcat.exe -a 1 --runtime 15 -m 13732 ..\bachelors-thesis-main\hash-files\hashcat_whirlpool_serpent-aes_13732.vc ..\bachelors-thesis-main\dictionaries\English.dic ..\bachelors-thesis-main\dictionaries\English2.dic --machine-readable --status --status-timer=1 --quiet