STATUS,SPEED,MILISECONDS,EXEC_RUNTIME,CURKU,PROGRESS,PROGRESS_ALL,RECHASH,RECHASH,RECSALT,RECSALT,TEMP,REJECTED,UTIL
3,60,1000,3.746311,0,0,101742498841,0,1,0,1,71,0,91
3,60,1000,3.747042,0,0,101742498841,0,1,0,1,72,0,90
3,60,1000,3.747292,0,0,101742498841,0,1,0,1,71,0,90
3,60,1000,3.747113,0,0,101742498841,0,1,0,1,71,0,90
3,60,1000,3.747402,0,0,101742498841,0,1,0,1,71,0,86
3,60,1000,3.747603,0,0,101742498841,0,1,0,1,72,0,91
3,60,1000,3.747720,0,0,101742498841,0,1,0,1,72,0,90
3,60,1000,3.747582,0,0,101742498841,0,1,0,1,71,0,91
3,60,1000,3.747244,0,0,101742498841,0,1,0,1,71,0,91
3,60,1000,3.747350,0,0,101742498841,0,1,0,1,71,0,90
3,60,1000,3.747678,0,0,101742498841,0,1,0,1,71,0,91
11,60,1000,3.747657,0,0,101742498841,0,1,0,1,71,0,54
11,60,1000,3.747476,0,0,101742498841,0,1,0,1,71,0,26
err,hipFuncGetAttribute is missing from HIP shared library.


hashcat arguments,hashcat.exe -a 1 --runtime 15 -m 13732 ..\bachelors-thesis-main\hash-files\hashcat_whirlpool_aes-twofish_13732.vc ..\bachelors-thesis-main\dictionaries\English.dic ..\bachelors-thesis-main\dictionaries\English2.dic --machine-readable --status --status-timer=1 --quiet