STATUS,SPEED,MILISECONDS,EXEC_RUNTIME,CURKU,PROGRESS,PROGRESS_ALL,RECHASH,RECHASH,RECSALT,RECSALT,TEMP,REJECTED,UTIL
11,696,1000,1285.955012,0,0,101742498841,0,1,0,1,62,0,43
11,696,1000,1286.015840,0,0,101742498841,0,1,0,1,62,0,13
err,hipFuncGetAttribute is missing from HIP shared library.


hashcat arguments,hashcat.exe -a 1 --runtime 15 -m 23700 $RAR3$*1*e54a73729887cb53*49b0a846*16*14*1*34620bcca8176642a210b1051901921e*30 ..\bachelors-thesis-main\dictionaries\English.dic ..\bachelors-thesis-main\dictionaries\English2.dic --machine-readable --status --status-timer=1 --quiet