STATUS,SPEED,MILISECONDS,EXEC_RUNTIME,CURKU,PROGRESS,PROGRESS_ALL,RECHASH,RECHASH,RECSALT,RECSALT,TEMP,REJECTED,UTIL
3,52915,1000,13.031750,0,114688,101742498841,0,1,0,1,67,0,95
3,55829,1000,12.910601,0,229376,101742498841,0,1,0,1,68,0,95
3,55829,1000,13.724725,0,229376,101742498841,0,1,0,1,67,0,96
3,56068,1000,13.632561,0,344064,101742498841,0,1,0,1,67,0,95
3,56068,1000,12.838420,0,344064,101742498841,0,1,0,1,68,0,95
3,56061,1000,12.927559,0,458752,101742498841,0,1,0,1,68,0,97
3,56061,1000,12.970734,0,458752,101742498841,0,1,0,1,68,0,95
3,56694,1000,12.939191,0,573440,101742498841,0,1,0,1,68,0,95
3,57126,1000,12.936861,0,688128,101742498841,0,1,0,1,68,0,95
3,57126,1000,12.930340,0,688128,101742498841,0,1,0,1,68,0,95
11,57438,1000,12.931097,0,802816,101742498841,0,1,0,1,69,0,40
11,57438,1000,12.929134,0,802816,101742498841,0,1,0,1,69,0,14
err,hipFuncGetAttribute is missing from HIP shared library.


hashcat arguments,hashcat.exe -a 1 --runtime 15 -m 21501 $solarwinds$1$3pHkk55NTYpAeV3EJjcAww==$N4Ii2PxXX/bTZZwslQLIKrp0wvfZ5aN9hpyiR896ozJMJTPO1Q7BK1Eht8Vhl4kXq/42Vn2zp3qYeAkRuqsuEw== ..\bachelors-thesis-main\dictionaries\English.dic ..\bachelors-thesis-main\dictionaries\English2.dic --machine-readable --status --status-timer=1 --quiet