STATUS,SPEED,MILISECONDS,EXEC_RUNTIME,CURKU,PROGRESS,PROGRESS_ALL,RECHASH,RECHASH,RECSALT,RECSALT,TEMP,REJECTED,UTIL
3,3172,1000,6.192833,0,0,101742498841,0,1,0,1,74,0,91
3,3171,1000,6.183428,0,0,101742498841,0,1,0,1,74,0,91
3,3168,1000,6.198764,0,0,101742498841,0,1,0,1,74,0,92
3,3166,1000,6.197860,0,0,101742498841,0,1,0,1,74,0,91
3,3166,1000,6.189700,0,0,101742498841,0,1,0,1,74,0,91
3,3165,1000,6.194671,0,0,101742498841,0,1,0,1,74,0,91
3,3164,1000,6.199961,0,0,101742498841,0,1,0,1,74,0,92
3,3165,1000,6.197799,0,0,101742498841,0,1,0,1,74,0,92
3,3164,1000,6.196300,0,0,101742498841,0,1,0,1,74,0,91
3,3164,1000,6.189570,0,0,101742498841,0,1,0,1,74,0,92
11,3164,1000,6.185148,0,0,101742498841,0,1,0,1,74,0,58
11,3164,1000,6.187366,0,0,101742498841,0,1,0,1,74,0,28
err,hipFuncGetAttribute is missing from HIP shared library.


hashcat arguments,hashcat.exe -a 1 --runtime 15 -m 13761 ..\bachelors-thesis-main\hash-files\hashcat_sha256_twofish_boot.vc ..\bachelors-thesis-main\dictionaries\English.dic ..\bachelors-thesis-main\dictionaries\English2.dic --machine-readable --status --status-timer=1 --quiet