STATUS,SPEED,MILISECONDS,EXEC_RUNTIME,CURKU,PROGRESS,PROGRESS_ALL,RECHASH,RECHASH,RECSALT,RECSALT,TEMP,REJECTED,UTIL
3,634,1000,5.994402,0,0,101742498841,0,1,0,1,66,0,94
3,633,1000,5.991891,0,0,101742498841,0,1,0,1,67,0,92
3,633,1000,5.978024,0,0,101742498841,0,1,0,1,67,0,92
3,633,1000,5.994360,0,0,101742498841,0,1,0,1,68,0,91
3,633,1000,5.994567,0,0,101742498841,0,1,0,1,68,0,92
3,633,1000,5.980428,0,0,101742498841,0,1,0,1,68,0,92
3,632,1000,6.010779,0,0,101742498841,0,1,0,1,68,0,92
3,632,1000,5.992147,0,0,101742498841,0,1,0,1,68,0,92
3,632,1000,5.980684,0,0,101742498841,0,1,0,1,68,0,92
3,632,1000,5.988030,0,0,101742498841,0,1,0,1,69,0,92
11,632,1000,5.992218,0,0,101742498841,0,1,0,1,67,0,54
11,632,1000,5.989450,0,0,101742498841,0,1,0,1,67,0,24
err,hipFuncGetAttribute is missing from HIP shared library.


hashcat arguments,hashcat.exe -a 1 --runtime 15 -m 13752 ..\bachelors-thesis-main\hash-files\hashcat_sha256_serpent-aes_13752.vc ..\bachelors-thesis-main\dictionaries\English.dic ..\bachelors-thesis-main\dictionaries\English2.dic --machine-readable --status --status-timer=1 --quiet