STATUS,SPEED,MILISECONDS,EXEC_RUNTIME,CURKU,PROGRESS,PROGRESS_ALL,RECHASH,RECHASH,RECSALT,RECSALT,TEMP,REJECTED,UTIL
3,422,1000,4.390443,0,0,101742498841,0,1,0,1,68,0,91
3,422,1000,4.391413,0,0,101742498841,0,1,0,1,68,0,90
3,421,1000,4.390362,0,0,101742498841,0,1,0,1,69,0,90
3,421,1000,4.391431,0,0,101742498841,0,1,0,1,69,0,91
3,421,1000,4.392544,0,0,101742498841,0,1,0,1,69,0,91
3,421,1000,4.393766,0,0,101742498841,0,1,0,1,69,0,91
3,421,1000,4.391586,0,0,101742498841,0,1,0,1,69,0,90
3,421,1000,4.393957,0,0,101742498841,0,1,0,1,69,0,91
3,421,1000,4.394993,0,0,101742498841,0,1,0,1,69,0,90
3,421,1000,4.393484,0,0,101742498841,0,1,0,1,69,0,91
3,421,1000,4.393226,0,0,101742498841,0,1,0,1,69,0,90
11,421,1000,4.391089,0,0,101742498841,0,1,0,1,69,0,53
11,421,1000,4.391089,0,0,101742498841,0,1,0,1,69,0,21
err,hipFuncGetAttribute is missing from HIP shared library.


hashcat arguments,hashcat.exe -a 1 --runtime 15 -m 13721 ..\bachelors-thesis-main\hash-files\hashcat_sha512_serpent_13721.vc ..\bachelors-thesis-main\dictionaries\English.dic ..\bachelors-thesis-main\dictionaries\English2.dic --machine-readable --status --status-timer=1 --quiet