STATUS,SPEED,MILISECONDS,EXEC_RUNTIME,CURKU,PROGRESS,PROGRESS_ALL,RECHASH,RECHASH,RECSALT,RECSALT,TEMP,REJECTED,UTIL
3,9605,1000,8.541759,0,0,101742498841,0,1,0,1,69,0,96
3,9868,1000,8.530529,0,0,101742498841,0,1,0,1,69,0,96
3,10029,1000,8.551808,0,0,101742498841,0,1,0,1,69,0,96
3,10141,1000,8.550567,0,0,101742498841,0,1,0,1,69,0,92
3,10221,1000,8.544706,0,0,101742498841,0,1,0,1,69,0,96
3,10285,1000,8.532093,0,0,101742498841,0,1,0,1,70,0,96
3,10335,1000,8.545179,0,0,101742498841,0,1,0,1,69,0,96
3,10374,1000,8.562281,0,0,101742498841,0,1,0,1,70,0,96
3,10409,1000,8.543050,0,0,101742498841,0,1,0,1,69,0,96
3,10436,1000,8.557382,0,0,101742498841,0,1,0,1,69,0,96
11,10461,1000,8.554890,0,0,101742498841,0,1,0,1,70,0,42
11,10461,1000,8.551060,0,0,101742498841,0,1,0,1,69,0,14
err,hipFuncGetAttribute is missing from HIP shared library.


hashcat arguments,hashcat.exe -a 1 --runtime 15 -m 29513 ..\bachelors-thesis-main\hash-files\hashcat_luks_sha1_twofish_xts-plain64_256.txt ..\bachelors-thesis-main\dictionaries\English.dic ..\bachelors-thesis-main\dictionaries\English2.dic --machine-readable --status --status-timer=1 --quiet