STATUS,SPEED,MILISECONDS,EXEC_RUNTIME,CURKU,PROGRESS,PROGRESS_ALL,RECHASH,RECHASH,RECSALT,RECSALT,TEMP,REJECTED,UTIL
3,103,1000,4.483709,0,0,101742498841,0,1,0,1,71,0,91
3,102,1000,4.475534,0,0,101742498841,0,1,0,1,71,0,90
3,103,1000,4.464752,0,0,101742498841,0,1,0,1,71,0,91
3,103,1000,4.539874,0,0,101742498841,0,1,0,1,71,0,92
3,103,1000,4.466840,0,0,101742498841,0,1,0,1,71,0,91
3,102,1000,4.569228,0,0,101742498841,0,1,0,1,72,0,91
3,102,1000,4.512149,0,0,101742498841,0,1,0,1,72,0,90
3,102,1000,4.549429,0,0,101742498841,0,1,0,1,71,0,91
3,102,1000,4.494531,0,0,101742498841,0,1,0,1,71,0,91
3,103,1000,4.484632,0,0,101742498841,0,1,0,1,72,0,91
3,103,1000,4.420477,0,0,101742498841,0,1,0,1,72,0,91
11,103,1000,4.591502,0,0,101742498841,0,1,0,1,72,0,53
11,103,1000,4.591502,0,0,101742498841,0,1,0,1,72,0,25
err,hipFuncGetAttribute is missing from HIP shared library.


hashcat arguments,hashcat.exe -a 1 --runtime 15 -m 13731 ..\bachelors-thesis-main\hash-files\hashcat_whirlpool_serpent_13731.vc ..\bachelors-thesis-main\dictionaries\English.dic ..\bachelors-thesis-main\dictionaries\English2.dic --machine-readable --status --status-timer=1 --quiet