STATUS,SPEED,MILISECONDS,EXEC_RUNTIME,CURKU,PROGRESS,PROGRESS_ALL,RECHASH,RECHASH,RECSALT,RECSALT,TEMP,REJECTED,UTIL
3,225076927,1000,15.037696,0,803733504,101742498841,0,1,0,1,62,0,29
3,224830836,1000,15.033416,0,1031274496,101742498841,0,1,0,1,62,0,40
3,224760147,1000,15.038028,0,1262485504,101742498841,0,1,0,1,62,0,40
3,224713738,1000,15.041472,0,1493696512,101742498841,0,1,0,1,62,0,40
3,224619807,1000,15.042142,0,1724907520,101742498841,0,1,0,1,63,0,40
3,224573286,1000,15.041464,0,1956118528,101742498841,0,1,0,1,63,0,40
3,224512504,1000,15.035785,0,2183659520,101742498841,0,1,0,1,63,0,43
3,224467762,1000,15.036949,0,2411200512,101742498841,0,1,0,1,64,0,41
3,224365715,1000,15.040019,0,2638741504,101742498841,0,1,0,1,62,0,41
3,224299967,1000,15.046580,0,2866282496,101742498841,0,1,0,1,63,0,40
3,224231062,1000,15.046294,0,3097493504,101742498841,0,1,0,1,63,0,40
11,224159789,1000,15.045336,0,3328704512,101742498841,0,1,0,1,63,0,39
11,224159789,1000,15.045156,0,3328704512,101742498841,0,1,0,1,63,0,9
err,hipFuncGetAttribute is missing from HIP shared library.


hashcat arguments,hashcat.exe -a 1 --runtime 15 -m 28300 $teamspeak$3$E0aV0IQ29EDyxRfkFoQflUGJ6zo=$mRgDUkNpd0IwUEcTJQBmE0NHYwdDEhFzQ0VgMRcFJUIRYnaHBwNXRZJwk2ZUaURzdXkVYiUROERmI0hYYGFYCDiIJCeIU3N5EhRVcZFnSIRCJlkUFkY4YFMDcheYeTl4RYZEdpKGJYhxAIQJEYGYEA== ..\bachelors-thesis-main\dictionaries\English.dic ..\bachelors-thesis-main\dictionaries\English2.dic --machine-readable --status --status-timer=1 --quiet