STATUS,SPEED,MILISECONDS,EXEC_RUNTIME,CURKU,PROGRESS,PROGRESS_ALL,RECHASH,RECHASH,RECSALT,RECSALT,TEMP,REJECTED,UTIL
3,27,1000,35.621918,0,0,101742498841,0,1,0,1,60,0,96
3,27,1000,35.620921,0,0,101742498841,0,1,0,1,60,0,96
3,27,1000,35.620528,0,0,101742498841,0,1,0,1,60,0,96
3,27,1000,35.618870,0,0,101742498841,0,1,0,1,60,0,96
3,27,1000,35.617506,0,0,101742498841,0,1,0,1,59,0,96
3,27,1000,35.616323,0,256,101742498841,0,1,0,1,59,0,96
3,27,1000,35.614720,0,256,101742498841,0,1,0,1,59,0,96
3,27,1000,35.614582,0,256,101742498841,0,1,0,1,60,0,96
3,27,1000,35.614148,0,256,101742498841,0,1,0,1,60,0,96
11,27,1000,35.614874,0,256,101742498841,0,1,0,1,59,0,42
11,27,1000,35.614880,0,256,101742498841,0,1,0,1,59,0,16
err,hipFuncGetAttribute is missing from HIP shared library.


hashcat arguments,hashcat.exe -a 1 --runtime 15 -m 22100 $bitlocker$1$16$6f972989ddc209f1eccf07313a7266a2$1048576$12$3a33a8eaff5e6f81d907b591$60$316b0f6d4cb445fb056f0e3e0633c413526ff4481bbf588917b70a4e8f8075f5ceb45958a800b42cb7ff9b7f5e17c6145bf8561ea86f52d3592059fb ..\bachelors-thesis-main\dictionaries\English.dic ..\bachelors-thesis-main\dictionaries\English2.dic --machine-readable --status --status-timer=1 --quiet