STATUS,SPEED,MILISECONDS,EXEC_RUNTIME,CURKU,PROGRESS,PROGRESS_ALL,RECHASH,RECHASH,RECSALT,RECSALT,TEMP,REJECTED,UTIL
3,422,1000,4.390698,0,0,101742498841,0,1,0,1,70,0,91
3,422,1000,4.390478,0,0,101742498841,0,1,0,1,70,0,91
3,422,1000,4.392995,0,0,101742498841,0,1,0,1,70,0,90
3,422,1000,4.395228,0,0,101742498841,0,1,0,1,70,0,90
3,422,1000,4.393159,0,0,101742498841,0,1,0,1,70,0,90
3,422,1000,4.394541,0,0,101742498841,0,1,0,1,70,0,91
3,421,1000,4.391316,0,0,101742498841,0,1,0,1,70,0,91
3,421,1000,4.394694,0,0,101742498841,0,1,0,1,70,0,91
3,421,1000,4.393871,0,0,101742498841,0,1,0,1,70,0,91
3,421,1000,4.393700,0,0,101742498841,0,1,0,1,70,0,90
11,421,1000,4.396035,0,0,101742498841,0,1,0,1,71,0,56
11,421,1000,4.395473,0,0,101742498841,0,1,0,1,71,0,20
err,hipFuncGetAttribute is missing from HIP shared library.


hashcat arguments,hashcat.exe -a 1 --runtime 15 -m 13721 ..\bachelors-thesis-main\hash-files\hashcat_sha512_twofish_13721.vc ..\bachelors-thesis-main\dictionaries\English.dic ..\bachelors-thesis-main\dictionaries\English2.dic --machine-readable --status --status-timer=1 --quiet