STATUS,SPEED,MILISECONDS,EXEC_RUNTIME,CURKU,PROGRESS,PROGRESS_ALL,RECHASH,RECHASH,RECSALT,RECSALT,TEMP,REJECTED,UTIL
11,692,1000,1293.399197,0,0,101742498841,0,1,0,1,62,0,39
11,692,1000,1293.448558,0,0,101742498841,0,1,0,1,62,0,14
err,hipFuncGetAttribute is missing from HIP shared library.


hashcat arguments,hashcat.exe -a 1 --runtime 15 -m 23800 $RAR3$*1*ad56eb40219c9da2*834064ce*32*13*1*eb47b1abe17a1a75bce6c92ab1cef3f4126035ea95deaf08b3f32a0c7b8078e1*33 ..\bachelors-thesis-main\dictionaries\English.dic ..\bachelors-thesis-main\dictionaries\English2.dic --machine-readable --status --status-timer=1 --quiet