STATUS,SPEED,MILISECONDS,EXEC_RUNTIME,CURKU,PROGRESS,PROGRESS_ALL,RECHASH,RECHASH,RECSALT,RECSALT,TEMP,REJECTED,UTIL
3,163,1000,5.791231,0,0,101742498841,0,1,0,1,69,0,91
3,163,1000,5.790701,0,0,101742498841,0,1,0,1,67,0,91
3,163,1000,5.792210,0,0,101742498841,0,1,0,1,68,0,91
3,163,1000,5.792675,0,0,101742498841,0,1,0,1,69,0,92
3,163,1000,5.792236,0,0,101742498841,0,1,0,1,69,0,92
3,163,1000,5.791933,0,0,101742498841,0,1,0,1,68,0,92
3,163,1000,5.790345,0,0,101742498841,0,1,0,1,69,0,92
3,163,1000,5.793833,0,0,101742498841,0,1,0,1,68,0,92
3,163,1000,5.791782,0,0,101742498841,0,1,0,1,69,0,91
3,163,1000,5.792449,0,0,101742498841,0,1,0,1,69,0,91
11,163,1000,5.792953,0,0,101742498841,0,1,0,1,69,0,57
11,163,1000,5.793096,0,0,101742498841,0,1,0,1,69,0,28
err,hipFuncGetAttribute is missing from HIP shared library.


hashcat arguments,hashcat.exe -a 1 --runtime 15 -m 13722 ..\bachelors-thesis-main\hash-files\hashcat_sha512_serpent-aes_13722.vc ..\bachelors-thesis-main\dictionaries\English.dic ..\bachelors-thesis-main\dictionaries\English2.dic --machine-readable --status --status-timer=1 --quiet