STATUS,SPEED,MILISECONDS,EXEC_RUNTIME,CURKU,PROGRESS,PROGRESS_ALL,RECHASH,RECHASH,RECSALT,RECSALT,TEMP,REJECTED,UTIL
11,692,1000,1292.265741,0,0,101742498841,0,1,0,1,65,0,42
11,692,1000,1292.234211,0,0,101742498841,0,1,0,1,65,0,16
err,hipFuncGetAttribute is missing from HIP shared library.


hashcat arguments,hashcat.exe -a 1 --runtime 15 -m 12500 $RAR3$*0*45109af8ab5f297a*adbf6c5385d7a40373e8f77d7b89d317 ..\bachelors-thesis-main\dictionaries\English.dic ..\bachelors-thesis-main\dictionaries\English2.dic --machine-readable --status --status-timer=1 --quiet