STATUS,SPEED,MILISECONDS,EXEC_RUNTIME,CURKU,PROGRESS,PROGRESS_ALL,RECHASH,RECHASH,RECSALT,RECSALT,TEMP,REJECTED,UTIL
3,48398,1000,10.007944,0,0,101742498841,0,1,0,1,67,0,96
3,48385,1000,10.006210,0,0,101742498841,0,1,0,1,66,0,40
3,48368,1000,9.925370,0,229376,101742498841,0,1,0,1,67,0,94
3,48368,1000,10.020878,0,229376,101742498841,0,1,0,1,68,0,94
3,48368,1000,10.007728,0,229376,101742498841,0,1,0,1,68,0,95
3,48368,1000,10.011701,0,229376,101742498841,0,1,0,1,68,0,95
3,48268,1000,9.945962,0,458752,101742498841,0,1,0,1,68,0,94
3,48268,1000,10.020765,0,458752,101742498841,0,1,0,1,68,0,95
3,48268,1000,10.017890,0,458752,101742498841,0,1,0,1,68,0,95
3,48268,1000,10.016593,0,458752,101742498841,0,1,0,1,68,0,95
11,48268,1000,10.011319,0,458752,101742498841,0,1,0,1,68,0,38
11,48268,1000,10.011508,0,458752,101742498841,0,1,0,1,68,0,15
err,hipFuncGetAttribute is missing from HIP shared library.


hashcat arguments,hashcat.exe -a 1 --runtime 15 -m 20300 $pbkdf2-sha256$29000$x9h7j/Ge8x6DMEao1VqrdQ$kra3R1wEnY8mPdDWOpTqOTINaAmZvRMcYd8u5OBQP9A ..\bachelors-thesis-main\dictionaries\English.dic ..\bachelors-thesis-main\dictionaries\English2.dic --machine-readable --status --status-timer=1 --quiet