STATUS,SPEED,MILISECONDS,EXEC_RUNTIME,CURKU,PROGRESS,PROGRESS_ALL,RECHASH,RECHASH,RECSALT,RECSALT,TEMP,REJECTED,UTIL
3,1559,1000,3.663566,0,0,101742498841,0,1,0,1,74,0,90
3,1559,1000,3.662760,0,0,101742498841,0,1,0,1,74,0,89
3,1558,1000,3.661620,0,0,101742498841,0,1,0,1,74,0,89
3,1558,1000,3.661244,0,0,101742498841,0,1,0,1,74,0,89
3,1559,1000,3.671637,0,0,101742498841,0,1,0,1,74,0,91
3,1559,1000,3.664493,0,0,101742498841,0,1,0,1,74,0,90
3,1559,1000,3.662946,0,0,101742498841,0,1,0,1,74,0,90
3,1560,1000,3.670435,0,0,101742498841,0,1,0,1,74,0,89
3,1557,1000,3.788460,0,0,101742498841,0,1,0,1,74,0,89
3,1558,1000,3.659505,0,0,101742498841,0,1,0,1,74,0,89
3,1557,1000,3.661715,0,0,101742498841,0,1,0,1,74,0,89
11,1558,1000,3.660351,0,0,101742498841,0,1,0,1,74,0,54
11,1558,1000,3.660351,0,0,101742498841,0,1,0,1,74,0,23
err,hipFuncGetAttribute is missing from HIP shared library.


hashcat arguments,hashcat.exe -a 1 --runtime 15 -m 13741 ..\bachelors-thesis-main\hash-files\hashcat_ripemd160_aes_boot.vc ..\bachelors-thesis-main\dictionaries\English.dic ..\bachelors-thesis-main\dictionaries\English2.dic --machine-readable --status --status-timer=1 --quiet