STATUS,SPEED,MILISECONDS,EXEC_RUNTIME,CURKU,PROGRESS,PROGRESS_ALL,RECHASH,RECHASH,RECSALT,RECSALT,TEMP,REJECTED,UTIL
3,561,1000,5.285926,0,0,101742498841,0,1,0,1,74,0,93
3,560,1000,5.286997,0,0,101742498841,0,1,0,1,74,0,90
3,561,1000,5.287837,0,0,101742498841,0,1,0,1,74,0,91
3,561,1000,5.286029,0,0,101742498841,0,1,0,1,74,0,92
3,561,1000,5.289810,0,0,101742498841,0,1,0,1,74,0,94
3,561,1000,5.289267,0,0,101742498841,0,1,0,1,74,0,92
3,561,1000,5.285929,0,0,101742498841,0,1,0,1,74,0,91
3,560,1000,5.288698,0,0,101742498841,0,1,0,1,74,0,92
3,560,1000,5.287835,0,0,101742498841,0,1,0,1,73,0,91
3,560,1000,5.285781,0,0,101742498841,0,1,0,1,74,0,91
3,560,1000,5.287491,0,0,101742498841,0,1,0,1,74,0,92
11,560,1000,5.283002,0,0,101742498841,0,1,0,1,74,0,60
11,560,1000,5.283772,0,0,101742498841,0,1,0,1,74,0,21
err,hipFuncGetAttribute is missing from HIP shared library.


hashcat arguments,hashcat.exe -a 1 --runtime 15 -m 13743 ..\bachelors-thesis-main\hash-files\hashcat_ripemd160_aes-twofish-serpent_boot.vc ..\bachelors-thesis-main\dictionaries\English.dic ..\bachelors-thesis-main\dictionaries\English2.dic --machine-readable --status --status-timer=1 --quiet