STATUS,SPEED,MILISECONDS,EXEC_RUNTIME,CURKU,PROGRESS,PROGRESS_ALL,RECHASH,RECHASH,RECSALT,RECSALT,TEMP,REJECTED,UTIL
3,786,1000,3.511825,0,0,101742498841,0,1,0,1,70,0,90
3,787,1000,3.519694,0,0,101742498841,0,1,0,1,70,0,90
3,787,1000,3.517001,0,0,101742498841,0,1,0,1,70,0,91
3,787,1000,3.520120,0,0,101742498841,0,1,0,1,71,0,90
3,787,1000,3.513965,0,0,101742498841,0,1,0,1,70,0,89
3,787,1000,3.515675,0,0,101742498841,0,1,0,1,71,0,90
3,786,1000,3.518687,0,0,101742498841,0,1,0,1,71,0,90
3,786,1000,3.521184,0,0,101742498841,0,1,0,1,71,0,90
3,786,1000,3.516326,0,0,101742498841,0,1,0,1,70,0,90
3,786,1000,3.518830,0,0,101742498841,0,1,0,1,70,0,89
3,786,1000,3.516916,0,0,101742498841,0,1,0,1,70,0,90
11,786,1000,3.514352,0,0,101742498841,0,1,0,1,71,0,55
11,786,1000,3.514352,0,0,101742498841,0,1,0,1,71,0,24
err,hipFuncGetAttribute is missing from HIP shared library.


hashcat arguments,hashcat.exe -a 1 --runtime 15 -m 13711 ..\bachelors-thesis-main\hash-files\hashcat_ripemd160_aes_13711.vc ..\bachelors-thesis-main\dictionaries\English.dic ..\bachelors-thesis-main\dictionaries\English2.dic --machine-readable --status --status-timer=1 --quiet