STATUS,SPEED,MILISECONDS,EXEC_RUNTIME,CURKU,PROGRESS,PROGRESS_ALL,RECHASH,RECHASH,RECSALT,RECSALT,TEMP,REJECTED,UTIL
3,163,1000,5.795741,0,0,101742498841,0,1,0,1,70,0,91
3,163,1000,5.796788,0,0,101742498841,0,1,0,1,70,0,93
3,163,1000,5.796316,0,0,101742498841,0,1,0,1,70,0,92
3,163,1000,5.802222,0,0,101742498841,0,1,0,1,70,0,92
3,163,1000,5.798392,0,0,101742498841,0,1,0,1,70,0,92
3,163,1000,5.799301,0,0,101742498841,0,1,0,1,70,0,92
3,163,1000,5.796472,0,0,101742498841,0,1,0,1,70,0,92
3,163,1000,5.798963,0,0,101742498841,0,1,0,1,70,0,92
3,163,1000,5.800045,0,0,101742498841,0,1,0,1,70,0,92
3,163,1000,5.800744,0,0,101742498841,0,1,0,1,70,0,91
3,163,1000,5.796925,0,0,101742498841,0,1,0,1,70,0,91
11,163,1000,5.798671,0,0,101742498841,0,1,0,1,70,0,56
11,163,1000,5.798671,0,0,101742498841,0,1,0,1,70,0,27
err,hipFuncGetAttribute is missing from HIP shared library.


hashcat arguments,hashcat.exe -a 1 --runtime 15 -m 13722 ..\bachelors-thesis-main\hash-files\hashcat_sha512_twofish-serpent_13722.vc ..\bachelors-thesis-main\dictionaries\English.dic ..\bachelors-thesis-main\dictionaries\English2.dic --machine-readable --status --status-timer=1 --quiet