STATUS,SPEED,MILISECONDS,EXEC_RUNTIME,CURKU,PROGRESS,PROGRESS_ALL,RECHASH,RECHASH,RECSALT,RECSALT,TEMP,REJECTED,UTIL
3,9471,1000,8.556361,0,0,101742498841,0,1,0,1,71,0,96
3,9742,1000,8.567502,0,0,101742498841,0,1,0,1,71,0,96
3,9917,1000,8.545126,0,0,101742498841,0,1,0,1,71,0,96
3,10038,1000,8.547075,0,0,101742498841,0,1,0,1,71,0,91
3,10125,1000,8.544834,0,0,101742498841,0,1,0,1,71,0,96
3,10193,1000,8.541725,0,0,101742498841,0,1,0,1,71,0,97
3,10246,1000,8.548593,0,0,101742498841,0,1,0,1,71,0,96
3,10288,1000,8.555960,0,0,101742498841,0,1,0,1,71,0,97
3,10322,1000,8.555506,0,0,101742498841,0,1,0,1,71,0,96
3,10348,1000,8.578227,0,0,101742498841,0,1,0,1,71,0,96
3,10373,1000,8.560184,0,0,101742498841,0,1,0,1,70,0,96
11,10392,1000,8.596370,0,0,101742498841,0,1,0,1,71,0,38
11,10392,1000,8.596370,0,0,101742498841,0,1,0,1,71,0,13
err,hipFuncGetAttribute is missing from HIP shared library.


hashcat arguments,hashcat.exe -a 1 --runtime 15 -m 29512 ..\bachelors-thesis-main\hash-files\hashcat_luks_sha1_serpent_cbc-plain64_256.txt ..\bachelors-thesis-main\dictionaries\English.dic ..\bachelors-thesis-main\dictionaries\English2.dic --machine-readable --status --status-timer=1 --quiet