STATUS,SPEED,MILISECONDS,EXEC_RUNTIME,CURKU,PROGRESS,PROGRESS_ALL,RECHASH,RECHASH,RECSALT,RECSALT,TEMP,REJECTED,UTIL
3,3413,1000,6.365044,0,0,101742498841,0,1,0,1,61,0,95
3,3489,1000,6.373142,0,0,101742498841,0,1,0,1,62,0,96
3,3536,1000,6.380654,0,0,101742498841,0,1,0,1,62,0,95
3,3568,1000,6.382853,0,0,101742498841,0,1,0,1,62,0,95
3,3592,1000,6.370140,0,0,101742498841,0,1,0,1,62,0,95
3,3610,1000,6.379966,0,0,101742498841,0,1,0,1,62,0,95
3,3624,1000,6.372071,0,0,101742498841,0,1,0,1,62,0,95
3,3636,1000,6.369029,0,0,101742498841,0,1,0,1,63,0,95
3,3645,1000,6.381432,0,0,101742498841,0,1,0,1,63,0,95
3,3653,1000,6.370913,0,0,101742498841,0,1,0,1,64,0,95
3,3660,1000,6.368397,0,0,101742498841,0,1,0,1,63,0,96
11,3666,1000,6.368928,0,0,101742498841,0,1,0,1,63,0,37
11,3666,1000,6.368928,0,0,101742498841,0,1,0,1,62,0,12
err,hipFuncGetAttribute is missing from HIP shared library.


hashcat arguments,hashcat.exe -a 1 --runtime 15 -m 29531 ..\bachelors-thesis-main\hash-files\hashcat_luks_sha512_aes_cbc-plain64_256.txt ..\bachelors-thesis-main\dictionaries\English.dic ..\bachelors-thesis-main\dictionaries\English2.dic --machine-readable --status --status-timer=1 --quiet