STATUS,SPEED,MILISECONDS,EXEC_RUNTIME,CURKU,PROGRESS,PROGRESS_ALL,RECHASH,RECHASH,RECSALT,RECSALT,TEMP,REJECTED,UTIL
3,342469,1000,9.949480,0,1146880,101742498841,0,1,0,1,57,0,95
3,342202,1000,9.944219,0,1605632,101742498841,0,1,0,1,58,0,96
3,342038,1000,9.946047,0,1835008,101742498841,0,1,0,1,58,0,95
3,341847,1000,9.953472,0,2293760,101742498841,0,1,0,1,58,0,95
3,341698,1000,9.957190,0,2523136,101742498841,0,1,0,1,58,0,95
3,341598,1000,9.945413,0,2981888,101742498841,0,1,0,1,58,0,95
3,341600,1000,9.937456,0,3211264,101742498841,0,1,0,1,58,0,95
3,341508,1000,9.958454,0,3670016,101742498841,0,1,0,1,58,0,94
3,341425,1000,9.952503,0,4128768,101742498841,0,1,0,1,58,0,95
3,341438,1000,9.933590,0,4358144,101742498841,0,1,0,1,58,0,95
11,341404,1000,9.940435,0,4816896,101742498841,0,1,0,1,58,0,39
11,341404,1000,9.946843,0,4816896,101742498841,0,1,0,1,58,0,15
err,hipFuncGetAttribute is missing from HIP shared library.


hashcat arguments,hashcat.exe -a 1 --runtime 15 -m 28600 SCRAM-SHA-256$4096:IKfxzJ8Nq4PkLJCfgKcPmA==$iRw3qwTp18uaBnsTOEExbtgWdKeBMbSSnZvqD4sdqLQ=:hPciC1CcnBna3szR8Mf3MVc8t0W7QPbIHoMMrh4zRV0= ..\bachelors-thesis-main\dictionaries\English.dic ..\bachelors-thesis-main\dictionaries\English2.dic --machine-readable --status --status-timer=1 --quiet