STATUS,SPEED,MILISECONDS,EXEC_RUNTIME,CURKU,PROGRESS,PROGRESS_ALL,RECHASH,RECHASH,RECSALT,RECSALT,TEMP,REJECTED,UTIL
3,370,1000,5.055905,0,0,101742498841,0,1,0,1,67,0,90
3,370,1000,5.056727,0,0,101742498841,0,1,0,1,68,0,92
3,370,1000,5.064668,0,0,101742498841,0,1,0,1,68,0,91
3,370,1000,5.058462,0,0,101742498841,0,1,0,1,67,0,91
3,370,1000,5.058003,0,0,101742498841,0,1,0,1,68,0,91
3,370,1000,5.062040,0,0,101742498841,0,1,0,1,68,0,91
3,370,1000,5.053419,0,0,101742498841,0,1,0,1,68,0,91
3,370,1000,5.058471,0,0,101742498841,0,1,0,1,68,0,91
3,370,1000,5.055066,0,0,101742498841,0,1,0,1,68,0,91
3,370,1000,5.054466,0,0,101742498841,0,1,0,1,68,0,91
3,370,1000,5.055153,0,0,101742498841,0,1,0,1,68,0,91
11,370,1000,5.055123,0,0,101742498841,0,1,0,1,66,0,53
11,370,1000,5.055120,0,0,101742498841,0,1,0,1,66,0,19
err,hipFuncGetAttribute is missing from HIP shared library.


hashcat arguments,hashcat.exe -a 1 --runtime 15 -m 13753 ..\bachelors-thesis-main\hash-files\hashcat_sha256_serpent-twofish-aes_13753.vc ..\bachelors-thesis-main\dictionaries\English.dic ..\bachelors-thesis-main\dictionaries\English2.dic --machine-readable --status --status-timer=1 --quiet