STATUS,SPEED,MILISECONDS,EXEC_RUNTIME,CURKU,PROGRESS,PROGRESS_ALL,RECHASH,RECHASH,RECSALT,RECSALT,TEMP,REJECTED,UTIL
3,10300,1000,11.797299,0,0,101742498841,0,1,0,1,62,0,97
3,10516,1000,11.761484,0,0,101742498841,0,1,0,1,62,0,97
3,10652,1000,11.752196,0,0,101742498841,0,1,0,1,63,0,96
3,10739,1000,11.788043,0,0,101742498841,0,1,0,1,62,0,96
3,10800,1000,11.806760,0,0,101742498841,0,1,0,1,63,0,97
3,10849,1000,11.815443,0,0,101742498841,0,1,0,1,63,0,95
3,10889,1000,11.800980,0,0,101742498841,0,1,0,1,63,0,97
3,10904,1000,11.736191,0,0,101742498841,0,1,0,1,64,0,48
3,10255,1000,11.720377,0,114688,101742498841,0,1,0,1,62,0,97
3,10255,1000,11.741344,0,114688,101742498841,0,1,0,1,63,0,96
11,10255,1000,11.742506,0,114688,101742498841,0,1,0,1,63,0,40
11,10255,1000,11.742506,0,114688,101742498841,0,1,0,1,63,0,14
err,hipFuncGetAttribute is missing from HIP shared library.


hashcat arguments,hashcat.exe -a 1 --runtime 15 -m 29541 ..\bachelors-thesis-main\hash-files\hashcat_luks_ripemd160_aes_cbc-essiv_256.txt ..\bachelors-thesis-main\dictionaries\English.dic ..\bachelors-thesis-main\dictionaries\English2.dic --machine-readable --status --status-timer=1 --quiet