STATUS,SPEED,MILISECONDS,EXEC_RUNTIME,CURKU,PROGRESS,PROGRESS_ALL,RECHASH,RECHASH,RECSALT,RECSALT,TEMP,REJECTED,UTIL
3,10770,1000,6.391422,0,28672,101742498841,0,1,0,1,66,0,91
3,10770,1000,6.398723,0,28672,101742498841,0,1,0,1,67,0,93
3,10735,1000,6.363303,0,57344,101742498841,0,1,0,1,67,0,93
3,10735,1000,6.394604,0,57344,101742498841,0,1,0,1,66,0,93
3,10735,1000,6.394907,0,57344,101742498841,0,1,0,1,68,0,91
3,10718,1000,6.376609,0,86016,101742498841,0,1,0,1,68,0,91
3,10718,1000,6.399862,0,86016,101742498841,0,1,0,1,68,0,93
3,10705,1000,6.371559,0,114688,101742498841,0,1,0,1,68,0,93
3,10705,1000,6.389604,0,114688,101742498841,0,1,0,1,68,0,93
3,10705,1000,6.400666,0,114688,101742498841,0,1,0,1,69,0,91
3,10698,1000,6.378500,0,143360,101742498841,0,1,0,1,67,0,93
11,10698,1000,6.400397,0,143360,101742498841,0,1,0,1,68,0,41
11,10698,1000,6.398516,0,143360,101742498841,0,1,0,1,67,0,16
err,hipFuncGetAttribute is missing from HIP shared library.


hashcat arguments,hashcat.exe -a 1 --runtime 15 -m 20200 $pbkdf2-sha512$25000$LyWE0HrP2RsjZCxlDGFMKQ$1vC5Ohk2mCS9b6akqsEfgeb4l74SF8XjH.SljXf3dMLHdlY1GK9ojcCKts6/asR4aPqBmk74nCDddU3tvSCJvw ..\bachelors-thesis-main\dictionaries\English.dic ..\bachelors-thesis-main\dictionaries\English2.dic --machine-readable --status --status-timer=1 --quiet