STATUS,SPEED,MILISECONDS,EXEC_RUNTIME,CURKU,PROGRESS,PROGRESS_ALL,RECHASH,RECHASH,RECSALT,RECSALT,TEMP,REJECTED,UTIL
3,22171,1000,6.177598,0,57344,101742498841,0,1,0,1,71,0,92
3,22171,1000,6.616270,0,57344,101742498841,0,1,0,1,71,0,92
3,23545,1000,6.609078,0,114688,101742498841,0,1,0,1,71,0,92
3,23545,1000,6.183310,0,114688,101742498841,0,1,0,1,71,0,91
3,22992,1000,6.169771,0,172032,101742498841,0,1,0,1,71,0,90
3,22992,1000,6.182683,0,172032,101742498841,0,1,0,1,71,0,93
3,23508,1000,6.185087,0,229376,101742498841,0,1,0,1,71,0,91
3,23508,1000,6.182950,0,229376,101742498841,0,1,0,1,71,0,91
3,23508,1000,6.185897,0,229376,101742498841,0,1,0,1,71,0,91
3,23913,1000,6.470213,0,286720,101742498841,0,1,0,1,71,0,91
11,23913,1000,6.186296,0,286720,101742498841,0,1,0,1,71,0,40
11,23913,1000,6.186296,0,286720,101742498841,0,1,0,1,71,0,17
err,hipFuncGetAttribute is missing from HIP shared library.


hashcat arguments,hashcat.exe -a 1 --runtime 15 -m 6233 ..\bachelors-thesis-main\hash-files\hashcat_whirlpool_aes-twofish-serpent.tc ..\bachelors-thesis-main\dictionaries\English.dic ..\bachelors-thesis-main\dictionaries\English2.dic --machine-readable --status --status-timer=1 --quiet