STATUS,SPEED,MILISECONDS,EXEC_RUNTIME,CURKU,PROGRESS,PROGRESS_ALL,RECHASH,RECHASH,RECSALT,RECSALT,TEMP,REJECTED,UTIL
3,634,1000,5.992307,0,0,101742498841,0,1,0,1,66,0,92
3,633,1000,5.984212,0,0,101742498841,0,1,0,1,67,0,92
3,633,1000,5.987961,0,0,101742498841,0,1,0,1,67,0,92
3,633,1000,5.996351,0,0,101742498841,0,1,0,1,68,0,92
3,633,1000,5.995299,0,0,101742498841,0,1,0,1,67,0,92
3,632,1000,5.995564,0,0,101742498841,0,1,0,1,68,0,92
3,632,1000,6.006203,0,0,101742498841,0,1,0,1,68,0,92
3,632,1000,5.989544,0,0,101742498841,0,1,0,1,69,0,92
3,632,1000,5.984899,0,0,101742498841,0,1,0,1,68,0,92
3,632,1000,5.983787,0,0,101742498841,0,1,0,1,68,0,92
3,632,1000,5.985625,0,0,101742498841,0,1,0,1,67,0,91
11,632,1000,5.992353,0,0,101742498841,0,1,0,1,66,0,51
11,632,1000,5.992353,0,0,101742498841,0,1,0,1,65,0,24
err,hipFuncGetAttribute is missing from HIP shared library.


hashcat arguments,hashcat.exe -a 1 --runtime 15 -m 13752 ..\bachelors-thesis-main\hash-files\hashcat_sha256_twofish-serpent_13752.vc ..\bachelors-thesis-main\dictionaries\English.dic ..\bachelors-thesis-main\dictionaries\English2.dic --machine-readable --status --status-timer=1 --quiet