STATUS,SPEED,MILISECONDS,EXEC_RUNTIME,CURKU,PROGRESS,PROGRESS_ALL,RECHASH,RECHASH,RECSALT,RECSALT,TEMP,REJECTED,UTIL
3,103,1000,4.489516,0,0,101742498841,0,1,0,1,73,0,91
3,103,1000,4.482034,0,0,101742498841,0,1,0,1,73,0,91
3,103,1000,4.481528,0,0,101742498841,0,1,0,1,73,0,91
3,103,1000,4.512965,0,0,101742498841,0,1,0,1,73,0,92
3,103,1000,4.518618,0,0,101742498841,0,1,0,1,73,0,91
3,103,1000,4.487419,0,0,101742498841,0,1,0,1,73,0,91
3,103,1000,4.537764,0,0,101742498841,0,1,0,1,73,0,91
3,103,1000,4.501311,0,0,101742498841,0,1,0,1,73,0,91
3,103,1000,4.511538,0,0,101742498841,0,1,0,1,73,0,90
3,103,1000,4.575650,0,0,101742498841,0,1,0,1,73,0,91
3,103,1000,4.511571,0,0,101742498841,0,1,0,1,73,0,91
11,103,1000,4.519681,0,0,101742498841,0,1,0,1,73,0,55
11,103,1000,4.519681,0,0,101742498841,0,1,0,1,73,0,26
err,hipFuncGetAttribute is missing from HIP shared library.


hashcat arguments,hashcat.exe -a 1 --runtime 15 -m 13731 ..\bachelors-thesis-main\hash-files\hashcat_whirlpool_twofish_13731.vc ..\bachelors-thesis-main\dictionaries\English.dic ..\bachelors-thesis-main\dictionaries\English2.dic --machine-readable --status --status-timer=1 --quiet