STATUS,SPEED,MILISECONDS,EXEC_RUNTIME,CURKU,PROGRESS,PROGRESS_ALL,RECHASH,RECHASH,RECSALT,RECSALT,TEMP,REJECTED,UTIL
3,13358,1000,10.007978,0,0,101742498841,0,1,0,1,68,0,97
3,13767,1000,10.015668,0,0,101742498841,0,1,0,1,68,0,96
3,14027,1000,10.019617,0,0,101742498841,0,1,0,1,68,0,96
3,14205,1000,10.032450,0,0,101742498841,0,1,0,1,68,0,97
3,14336,1000,10.027231,0,0,101742498841,0,1,0,1,68,0,97
3,13842,1000,9.863315,0,114688,101742498841,0,1,0,1,67,0,96
3,13842,1000,10.017194,0,114688,101742498841,0,1,0,1,68,0,96
3,13842,1000,10.028933,0,114688,101742498841,0,1,0,1,68,0,97
3,13842,1000,10.017650,0,114688,101742498841,0,1,0,1,68,0,97
3,13842,1000,10.021648,0,114688,101742498841,0,1,0,1,68,0,97
11,13842,1000,10.333190,0,114688,101742498841,0,1,0,1,69,0,43
11,13842,1000,10.333175,0,114688,101742498841,0,1,0,1,68,0,15
err,hipFuncGetAttribute is missing from HIP shared library.


hashcat arguments,hashcat.exe -a 1 --runtime 15 -m 29521 ..\bachelors-thesis-main\hash-files\hashcat_luks_sha256_aes_cbc-plain64_128.txt ..\bachelors-thesis-main\dictionaries\English.dic ..\bachelors-thesis-main\dictionaries\English2.dic --machine-readable --status --status-timer=1 --quiet