STATUS,SPEED,MILISECONDS,EXEC_RUNTIME,CURKU,PROGRESS,PROGRESS_ALL,RECHASH,RECHASH,RECSALT,RECSALT,TEMP,REJECTED,UTIL
3,392,1000,3.533524,0,0,101742498841,0,1,0,1,69,0,90
3,392,1000,3.527312,0,0,101742498841,0,1,0,1,69,0,90
3,392,1000,3.526734,0,0,101742498841,0,1,0,1,69,0,90
3,392,1000,3.528941,0,0,101742498841,0,1,0,1,69,0,89
3,392,1000,3.531870,0,0,101742498841,0,1,0,1,69,0,90
3,392,1000,3.525118,0,0,101742498841,0,1,0,1,69,0,90
3,392,1000,3.525904,0,0,101742498841,0,1,0,1,69,0,89
3,392,1000,3.525884,0,0,101742498841,0,1,0,1,69,0,90
3,392,1000,3.535818,0,0,101742498841,0,1,0,1,70,0,90
3,392,1000,3.525976,0,0,101742498841,0,1,0,1,70,0,93
3,392,1000,3.524995,0,0,101742498841,0,1,0,1,70,0,90
11,392,1000,3.519826,0,0,101742498841,0,1,0,1,69,0,58
11,392,1000,3.519823,0,0,101742498841,0,1,0,1,69,0,28
err,hipFuncGetAttribute is missing from HIP shared library.


hashcat arguments,hashcat.exe -a 1 --runtime 15 -m 13712 ..\bachelors-thesis-main\hash-files\hashcat_ripemd160_serpent-aes_13712.vc ..\bachelors-thesis-main\dictionaries\English.dic ..\bachelors-thesis-main\dictionaries\English2.dic --machine-readable --status --status-timer=1 --quiet