STATUS,SPEED,MILISECONDS,EXEC_RUNTIME,CURKU,PROGRESS,PROGRESS_ALL,RECHASH,RECHASH,RECSALT,RECSALT,TEMP,REJECTED,UTIL
3,391,1000,3.533359,0,0,101742498841,0,1,0,1,70,0,90
3,391,1000,3.541631,0,0,101742498841,0,1,0,1,70,0,91
3,391,1000,3.538806,0,0,101742498841,0,1,0,1,70,0,90
3,390,1000,3.554150,0,0,101742498841,0,1,0,1,70,0,90
3,390,1000,3.551251,0,0,101742498841,0,1,0,1,70,0,90
3,390,1000,3.542837,0,0,101742498841,0,1,0,1,70,0,90
3,390,1000,3.543022,0,0,101742498841,0,1,0,1,70,0,90
3,390,1000,3.545303,0,0,101742498841,0,1,0,1,70,0,91
3,390,1000,3.535972,0,0,101742498841,0,1,0,1,70,0,89
3,390,1000,3.544304,0,0,101742498841,0,1,0,1,70,0,90
3,390,1000,3.544399,0,0,101742498841,0,1,0,1,70,0,91
11,390,1000,3.540234,0,0,101742498841,0,1,0,1,70,0,56
11,390,1000,3.538916,0,0,101742498841,0,1,0,1,70,0,24
err,hipFuncGetAttribute is missing from HIP shared library.


hashcat arguments,hashcat.exe -a 1 --runtime 15 -m 13712 ..\bachelors-thesis-main\hash-files\hashcat_ripemd160_aes-twofish_13712.vc ..\bachelors-thesis-main\dictionaries\English.dic ..\bachelors-thesis-main\dictionaries\English2.dic --machine-readable --status --status-timer=1 --quiet