STATUS,SPEED,MILISECONDS,EXEC_RUNTIME,CURKU,PROGRESS,PROGRESS_ALL,RECHASH,RECHASH,RECSALT,RECSALT,TEMP,REJECTED,UTIL
3,66,1000,4.528755,0,0,101742498841,0,1,0,1,73,0,91
3,66,1000,4.531376,0,0,101742498841,0,1,0,1,73,0,92
3,66,1000,4.529297,0,0,101742498841,0,1,0,1,74,0,91
3,66,1000,4.530172,0,0,101742498841,0,1,0,1,74,0,91
3,66,1000,4.529483,0,0,101742498841,0,1,0,1,74,0,91
3,66,1000,4.529409,0,0,101742498841,0,1,0,1,73,0,91
3,66,1000,4.532554,0,0,101742498841,0,1,0,1,74,0,91
3,66,1000,4.530601,0,0,101742498841,0,1,0,1,74,0,91
3,66,1000,4.531148,0,0,101742498841,0,1,0,1,74,0,92
3,66,1000,4.529244,0,0,101742498841,0,1,0,1,74,0,91
3,66,1000,4.529378,0,0,101742498841,0,1,0,1,74,0,91
11,66,1000,4.529601,0,0,101742498841,0,1,0,1,74,0,52
11,66,1000,4.529329,0,0,101742498841,0,1,0,1,74,0,23
err,hipFuncGetAttribute is missing from HIP shared library.


hashcat arguments,hashcat.exe -a 1 --runtime 15 -m 13781 ..\bachelors-thesis-main\hash-files\hashcat_streebog512_aes_boot_13781.vc ..\bachelors-thesis-main\dictionaries\English.dic ..\bachelors-thesis-main\dictionaries\English2.dic --machine-readable --status --status-timer=1 --quiet