STATUS,SPEED,MILISECONDS,EXEC_RUNTIME,CURKU,PROGRESS,PROGRESS_ALL,RECHASH,RECHASH,RECSALT,RECSALT,TEMP,REJECTED,UTIL
3,348,1000,255.716601,0,1920,101742498841,0,1,0,1,65,0,96
3,348,1000,255.640920,0,1920,101742498841,0,1,0,1,65,0,96
3,348,1000,255.633658,0,1920,101742498841,0,1,0,1,64,0,39
3,371,1000,255.668099,0,3840,101742498841,0,1,0,1,65,0,96
3,371,1000,255.637219,0,3840,101742498841,0,1,0,1,64,0,96
11,371,1000,255.754947,0,3840,101742498841,0,1,0,1,64,0,40
11,371,1000,255.747145,0,3840,101742498841,0,1,0,1,64,0,14
err,hipFuncGetAttribute is missing from HIP shared library.


hashcat arguments,hashcat.exe -a 1 --runtime 15 -m 27700 $multibit$3*16384*8*1*7523cb5482e81b81*91780fd49b81a782ab840157a69ba7996d81270eaf456c850f314fc1787d9b0b ..\bachelors-thesis-main\dictionaries\English.dic ..\bachelors-thesis-main\dictionaries\English2.dic --machine-readable --status --status-timer=1 --quiet