STATUS,SPEED,MILISECONDS,EXEC_RUNTIME,CURKU,PROGRESS,PROGRESS_ALL,RECHASH,RECHASH,RECSALT,RECSALT,TEMP,REJECTED,UTIL
err,hipFuncGetAttribute is missing from HIP shared library.

Error in hsa_operand section, at offset 524608:
Address offset exceeds variable size
LLVM ERROR: 
 Brig container validation has failed in BRIGAsmPrinter.cpp


hashcat arguments,hashcat.exe -a 1 --runtime 15 -m 25500 $stellar$YAlIJziURRcBEWUwRSRDWA==$EutMmmcV5Hbf3p1I$rfSAF349RvGKG4R4Z2VCrH9WjNEKjbJa9hpOja9Yn8MwXruuFEMtw47HPn9CYj+JJ5Rb4Z87Wejj1c4fqpbMZHFOnqtQsVAr ..\bachelors-thesis-main\dictionaries\English.dic ..\bachelors-thesis-main\dictionaries\English2.dic --machine-readable --status --status-timer=1 --quiet