STATUS,SPEED,MILISECONDS,EXEC_RUNTIME,CURKU,PROGRESS,PROGRESS_ALL,RECHASH,RECHASH,RECSALT,RECSALT,TEMP,REJECTED,UTIL
3,934815668,1000,14.484392,0,54471719074,101742498841,0,1,0,1,68,51139344546,32
3,934608556,1000,14.481524,0,55425923234,101742498841,0,1,0,1,69,51139344546,41
3,934616614,1000,14.242162,0,56380127394,101742498841,0,1,0,1,69,51139344546,41
3,934707732,1000,14.256080,0,57349011618,101742498841,0,1,0,1,68,51139344546,41
3,934415727,1000,14.265295,0,58303215778,101742498841,0,1,0,1,69,51139344546,41
6,934036885,1000,14.263830,0,58670217378,101742498841,1,1,1,1,68,51139344546,12
err,hipFuncGetAttribute is missing from HIP shared library.


hashcat arguments,hashcat.exe -a 1 --runtime 15 -m 8500 $racf$*USER*FC2577C6EBE6265B ..\bachelors-thesis-main\dictionaries\English.dic ..\bachelors-thesis-main\dictionaries\English2.dic --machine-readable --status --status-timer=1 --quiet