STATUS,SPEED,MILISECONDS,EXEC_RUNTIME,CURKU,PROGRESS,PROGRESS_ALL,RECHASH,RECHASH,RECSALT,RECSALT,TEMP,REJECTED,UTIL
3,19144,1000,8.554809,0,0,101742498841,0,1,0,1,72,0,96
3,19682,1000,8.547953,0,0,101742498841,0,1,0,1,71,0,94
3,20015,1000,8.566050,0,0,101742498841,0,1,0,1,72,0,96
3,20253,1000,8.553012,0,0,101742498841,0,1,0,1,72,0,96
3,20422,1000,8.557398,0,0,101742498841,0,1,0,1,72,0,96
3,20554,1000,8.546225,0,0,101742498841,0,1,0,1,72,0,96
3,20657,1000,8.568760,0,0,101742498841,0,1,0,1,72,0,96
3,20742,1000,8.560790,0,0,101742498841,0,1,0,1,72,0,46
3,19751,1000,8.436485,0,229376,101742498841,0,1,0,1,72,0,96
3,19751,1000,8.559306,0,229376,101742498841,0,1,0,1,72,0,97
11,19751,1000,8.548470,0,229376,101742498841,0,1,0,1,72,0,41
11,19751,1000,8.548523,0,229376,101742498841,0,1,0,1,72,0,14
err,hipFuncGetAttribute is missing from HIP shared library.


hashcat arguments,hashcat.exe -a 1 --runtime 15 -m 29511 ..\bachelors-thesis-main\hash-files\hashcat_luks_sha1_aes_cbc-essiv_128.txt ..\bachelors-thesis-main\dictionaries\English.dic ..\bachelors-thesis-main\dictionaries\English2.dic --machine-readable --status --status-timer=1 --quiet