STATUS,SPEED,MILISECONDS,EXEC_RUNTIME,CURKU,PROGRESS,PROGRESS_ALL,RECHASH,RECHASH,RECSALT,RECSALT,TEMP,REJECTED,UTIL
3,3886,1000,10.050999,0,0,101742498841,0,1,0,1,64,0,95
3,3885,1000,10.034253,0,0,101742498841,0,1,0,1,65,0,96
3,3883,1000,10.050454,0,0,101742498841,0,1,0,1,66,0,96
3,3881,1000,10.054220,0,0,101742498841,0,1,0,1,65,0,95
3,3881,1000,10.044794,0,0,101742498841,0,1,0,1,66,0,95
3,3881,1000,10.039398,0,0,101742498841,0,1,0,1,65,0,95
3,3880,1000,10.054979,0,0,101742498841,0,1,0,1,65,0,95
3,3879,1000,10.036903,0,0,101742498841,0,1,0,1,68,0,94
3,3877,1000,10.072955,0,0,101742498841,0,1,0,1,65,0,96
3,3877,1000,10.067501,0,0,101742498841,0,1,0,1,65,0,95
11,3877,1000,10.047432,0,0,101742498841,0,1,0,1,65,0,41
11,3877,1000,10.004731,0,0,101742498841,0,1,0,1,65,0,16
err,hipFuncGetAttribute is missing from HIP shared library.


hashcat arguments,hashcat.exe -a 1 --runtime 15 -m 27600 $vbox$0$160000$54aff69fca91c20b3b15618c6732c4a2f953dd88690cd4cc731569b6b80b5572$16$cfb003087e0c618afa9ad7e44adcd97517f039e0424dedb46db8affbb73cd064019abae19ee5e4f5b05b626e6bc5d7da65c61a5f94d7bcac521c388276e5358b$20000$2e5729055136168eea79cb3f1765450a35ab7540125f2ca2a46924a99fd0524d$b28d1db1cabe99ca989a405c33a27beeb9c0683b8b4b54b0e0d85f712f64d89c ..\bachelors-thesis-main\dictionaries\English.dic ..\bachelors-thesis-main\dictionaries\English2.dic --machine-readable --status --status-timer=1 --quiet