STATUS,SPEED,MILISECONDS,EXEC_RUNTIME,CURKU,PROGRESS,PROGRESS_ALL,RECHASH,RECHASH,RECSALT,RECSALT,TEMP,REJECTED,UTIL
3,54281,1000,13.072944,0,114688,101742498841,0,1,0,1,68,0,95
3,56484,1000,13.662176,0,229376,101742498841,0,1,0,1,67,0,95
3,56484,1000,13.660205,0,229376,101742498841,0,1,0,1,68,0,95
3,56594,1000,12.849806,0,344064,101742498841,0,1,0,1,68,0,95
3,56594,1000,12.863488,0,344064,101742498841,0,1,0,1,68,0,95
3,56232,1000,12.957965,0,458752,101742498841,0,1,0,1,69,0,95
3,56232,1000,12.983240,0,458752,101742498841,0,1,0,1,68,0,95
3,56826,1000,12.947458,0,573440,101742498841,0,1,0,1,68,0,96
3,57233,1000,12.946073,0,688128,101742498841,0,1,0,1,68,0,96
3,57233,1000,12.950437,0,688128,101742498841,0,1,0,1,68,0,95
11,57529,1000,12.939100,0,802816,101742498841,0,1,0,1,68,0,33
11,57529,1000,12.935105,0,802816,101742498841,0,1,0,1,68,0,10
err,hipFuncGetAttribute is missing from HIP shared library.


hashcat arguments,hashcat.exe -a 1 --runtime 15 -m 21500 $solarwinds$0$admin$fj4EBQewCQUZ7IYHl0qL8uj9kQSBb3m7N4u0crkKK0Uj9rbbAnSrBZMXO7oWx9KqL3sCzwncvPZ9hyDV9QCFTg== ..\bachelors-thesis-main\dictionaries\English.dic ..\bachelors-thesis-main\dictionaries\English2.dic --machine-readable --status --status-timer=1 --quiet