STATUS,SPEED,MILISECONDS,EXEC_RUNTIME,CURKU,PROGRESS,PROGRESS_ALL,RECHASH,RECHASH,RECSALT,RECSALT,TEMP,REJECTED,UTIL
3,12818507827,1000,0.514341,139552,47758940768,101742498841,0,1,0,1,54,0,24
3,12810880242,1000,0.514359,179424,60762754976,101742498841,0,1,0,1,54,0,22
3,12767132749,1000,0.514304,219296,73562424544,101742498841,0,1,0,1,54,0,25
3,15409804281,1000,0.514186,259168,86504995360,101742498841,0,1,0,1,54,0,24
3,13125646438,1000,0.514662,299040,99364909920,101742498841,0,1,0,1,54,0,23
5,13367492565,1000,0.512688,318971,101742498841,101742498841,0,1,0,1,54,0,0
err,hipFuncGetAttribute is missing from HIP shared library.


hashcat arguments,hashcat.exe -a 1 --runtime 15 -m 28506 3LovFVx5zBRvusVcj7pf3JxV9V46kjKhKu ..\bachelors-thesis-main\dictionaries\English.dic ..\bachelors-thesis-main\dictionaries\English2.dic --machine-readable --status --status-timer=1 --quiet