STATUS,SPEED,MILISECONDS,EXEC_RUNTIME,CURKU,PROGRESS,PROGRESS_ALL,RECHASH,RECHASH,RECSALT,RECSALT,TEMP,REJECTED,UTIL
3,12293481202,1000,0.510571,139552,46207441504,101742498841,0,1,0,1,56,0,24
3,12357637634,1000,0.510504,179424,59088768928,101742498841,0,1,0,1,55,0,22
3,12392817921,1000,0.510054,219296,71929267424,101742498841,0,1,0,1,56,0,24
3,15348304634,1000,0.509821,259168,84871838240,101742498841,0,1,0,1,56,0,24
3,12899359524,1000,0.510837,299040,97834209120,101742498841,0,1,0,1,56,0,21
5,13272544166,1000,0.510877,318971,101742498841,101742498841,0,1,0,1,55,0,0
err,hipFuncGetAttribute is missing from HIP shared library.


hashcat arguments,hashcat.exe -a 1 --runtime 15 -m 28504 bc1qv8e65p73gmp4w3z6fqnyu8t6ct69vetsda3snd ..\bachelors-thesis-main\dictionaries\English.dic ..\bachelors-thesis-main\dictionaries\English2.dic --machine-readable --status --status-timer=1 --quiet