STATUS,SPEED,MILISECONDS,EXEC_RUNTIME,CURKU,PROGRESS,PROGRESS_ALL,RECHASH,RECHASH,RECSALT,RECSALT,TEMP,REJECTED,UTIL
3,106,1000,4.354780,0,0,101742498841,0,1,0,1,70,0,91
3,106,1000,4.355354,0,0,101742498841,0,1,0,1,70,0,91
3,106,1000,4.354924,0,0,101742498841,0,1,0,1,70,0,91
3,106,1000,4.354076,0,0,101742498841,0,1,0,1,70,0,90
3,106,1000,4.355213,0,0,101742498841,0,1,0,1,70,0,91
3,106,1000,4.353917,0,0,101742498841,0,1,0,1,70,0,90
3,106,1000,4.354782,0,0,101742498841,0,1,0,1,70,0,91
3,106,1000,4.355924,0,0,101742498841,0,1,0,1,70,0,90
3,106,1000,4.355178,0,0,101742498841,0,1,0,1,70,0,91
3,106,1000,4.354564,0,0,101742498841,0,1,0,1,70,0,91
3,106,1000,4.352838,0,0,101742498841,0,1,0,1,70,0,91
11,106,1000,4.356573,0,0,101742498841,0,1,0,1,69,0,61
11,106,1000,4.356539,0,0,101742498841,0,1,0,1,70,0,29
err,hipFuncGetAttribute is missing from HIP shared library.


hashcat arguments,hashcat.exe -a 1 --runtime 15 -m 13723 ..\bachelors-thesis-main\hash-files\hashcat_sha512_serpent-twofish-aes_13723.vc ..\bachelors-thesis-main\dictionaries\English.dic ..\bachelors-thesis-main\dictionaries\English2.dic --machine-readable --status --status-timer=1 --quiet