STATUS,SPEED,MILISECONDS,EXEC_RUNTIME,CURKU,PROGRESS,PROGRESS_ALL,RECHASH,RECHASH,RECSALT,RECSALT,TEMP,REJECTED,UTIL
3,104,1000,4.454777,0,0,101742498841,0,1,0,1,70,0,90
3,103,1000,4.469124,0,0,101742498841,0,1,0,1,70,0,90
3,104,1000,4.446973,0,0,101742498841,0,1,0,1,70,0,91
3,104,1000,4.488414,0,0,101742498841,0,1,0,1,70,0,91
3,104,1000,4.460881,0,0,101742498841,0,1,0,1,70,0,91
3,104,1000,4.414763,0,0,101742498841,0,1,0,1,70,0,91
3,104,1000,4.525573,0,0,101742498841,0,1,0,1,70,0,91
3,103,1000,4.479653,0,0,101742498841,0,1,0,1,70,0,90
3,104,1000,4.428061,0,0,101742498841,0,1,0,1,70,0,90
3,103,1000,4.544088,0,0,101742498841,0,1,0,1,70,0,91
3,103,1000,4.535343,0,0,101742498841,0,1,0,1,70,0,91
11,103,1000,4.460797,0,0,101742498841,0,1,0,1,70,0,54
11,103,1000,4.451368,0,0,101742498841,0,1,0,1,70,0,26
err,hipFuncGetAttribute is missing from HIP shared library.


hashcat arguments,hashcat.exe -a 1 --runtime 15 -m 13731 ..\bachelors-thesis-main\hash-files\hashcat_whirlpool_aes_13731.vc ..\bachelors-thesis-main\dictionaries\English.dic ..\bachelors-thesis-main\dictionaries\English2.dic --machine-readable --status --status-timer=1 --quiet