STATUS,SPEED,MILISECONDS,EXEC_RUNTIME,CURKU,PROGRESS,PROGRESS_ALL,RECHASH,RECHASH,RECSALT,RECSALT,TEMP,REJECTED,UTIL
err,hipFuncGetAttribute is missing from HIP shared library.

* Device #1: ATTENTION! OpenCL kernel self-test failed.

Aborting session due to kernel self-test failure.


hashcat arguments,hashcat.exe -a 1 --runtime 15 -m 9600 $office$*2013*100000*256*16*7dd611d7eb4c899f74816d1dec817b3b*948dc0b2c2c6c32f14b5995a543ad037*0b7ee0e48e935f937192a59de48a7d561ef2691d5c8a3ba87ec2d04402a94895 ..\bachelors-thesis-main\dictionaries\English.dic ..\bachelors-thesis-main\dictionaries\English2.dic --machine-readable --status --status-timer=1 --quiet