STATUS,SPEED,MILISECONDS,EXEC_RUNTIME,CURKU,PROGRESS,PROGRESS_ALL,RECHASH,RECHASH,RECSALT,RECSALT,TEMP,REJECTED,UTIL
3,20401,1000,11.746466,0,0,101742498841,0,1,0,1,62,0,96
3,20832,1000,11.761841,0,0,101742498841,0,1,0,1,62,0,96
3,21104,1000,11.783977,0,0,101742498841,0,1,0,1,63,0,97
3,21298,1000,11.744887,0,0,101742498841,0,1,0,1,63,0,97
3,21441,1000,11.738233,0,0,101742498841,0,1,0,1,63,0,96
3,21541,1000,11.772292,0,0,101742498841,0,1,0,1,63,0,96
3,21629,1000,11.751275,0,0,101742498841,0,1,0,1,64,0,96
3,21668,1000,11.670227,0,0,101742498841,0,1,0,1,62,0,36
3,17950,1000,11.664087,0,229376,101742498841,0,1,0,1,63,0,97
11,17950,1000,11.747771,0,229376,101742498841,0,1,0,1,63,0,0
11,17950,1000,11.751843,0,229376,101742498841,0,1,0,1,62,0,0
err,hipFuncGetAttribute is missing from HIP shared library.


hashcat arguments,hashcat.exe -a 1 --runtime 15 -m 29543 ..\bachelors-thesis-main\hash-files\hashcat_luks_ripemd160_twofish_cbc-plain64_128.txt ..\bachelors-thesis-main\dictionaries\English.dic ..\bachelors-thesis-main\dictionaries\English2.dic --machine-readable --status --status-timer=1 --quiet