STATUS,SPEED,MILISECONDS,EXEC_RUNTIME,CURKU,PROGRESS,PROGRESS_ALL,RECHASH,RECHASH,RECSALT,RECSALT,TEMP,REJECTED,UTIL
3,6720,1000,10.052161,0,0,101742498841,0,1,0,1,66,0,97
3,6906,1000,10.047727,0,0,101742498841,0,1,0,1,66,0,97
3,7023,1000,10.052080,0,0,101742498841,0,1,0,1,65,0,97
3,7093,1000,10.115361,0,0,101742498841,0,1,0,1,66,0,96
3,7151,1000,10.061034,0,0,101742498841,0,1,0,1,66,0,97
3,7197,1000,10.053568,0,0,101742498841,0,1,0,1,65,0,97
3,7234,1000,10.055380,0,0,101742498841,0,1,0,1,66,0,96
3,7263,1000,10.052389,0,0,101742498841,0,1,0,1,66,0,97
3,7288,1000,10.050755,0,0,101742498841,0,1,0,1,67,0,97
3,7307,1000,10.060969,0,0,101742498841,0,1,0,1,66,0,96
11,7325,1000,10.054939,0,0,101742498841,0,1,0,1,67,0,44
11,7325,1000,10.057436,0,0,101742498841,0,1,0,1,66,0,10
err,hipFuncGetAttribute is missing from HIP shared library.


hashcat arguments,hashcat.exe -a 1 --runtime 15 -m 29522 ..\bachelors-thesis-main\hash-files\hashcat_luks_sha256_serpent_xts-plain64_512.txt ..\bachelors-thesis-main\dictionaries\English.dic ..\bachelors-thesis-main\dictionaries\English2.dic --machine-readable --status --status-timer=1 --quiet