STATUS,SPEED,MILISECONDS,EXEC_RUNTIME,CURKU,PROGRESS,PROGRESS_ALL,RECHASH,RECHASH,RECSALT,RECSALT,TEMP,REJECTED,UTIL
3,6040,1000,1.667330,0,0,101742498841,0,1,0,1,67,0,76
3,6037,1000,1.668895,0,0,101742498841,0,1,0,1,68,0,75
3,6035,1000,1.665816,0,0,101742498841,0,1,0,1,68,0,76
3,6031,1000,1.666831,0,0,101742498841,0,1,0,1,68,0,76
3,6025,1000,1.664645,0,0,101742498841,0,1,0,1,68,0,76
3,6032,1000,1.668339,0,0,101742498841,0,1,0,1,68,0,76
3,6031,1000,1.667014,0,0,101742498841,0,1,0,1,68,0,76
3,6030,1000,1.667509,0,0,101742498841,0,1,0,1,68,0,77
3,6026,1000,1.666598,0,0,101742498841,0,1,0,1,68,0,75
3,6023,1000,1.664441,0,0,101742498841,0,1,0,1,67,0,77
3,6023,1000,1.665464,0,79743,101742498841,0,1,0,1,67,0,76
11,6023,1000,1.666025,0,79743,101742498841,0,1,0,1,67,0,25
11,6023,1000,1.666025,0,79743,101742498841,0,1,0,1,66,0,11
err,hipFuncGetAttribute is missing from HIP shared library.


hashcat arguments,hashcat.exe -a 1 --runtime 15 -m 25300 $office$2016$0$100000$876MLoKTq42+/DLp415iZQ==$TNDvpvYyvlSUy97UOLKNhXynhUDDA7H8kLql0ISH5SxcP6hbthdjaTo4Z3/MU0dcR2SAd+AduYb3TB5CLZ8+ow== ..\bachelors-thesis-main\dictionaries\English.dic ..\bachelors-thesis-main\dictionaries\English2.dic --machine-readable --status --status-timer=1 --quiet