STATUS,SPEED,MILISECONDS,EXEC_RUNTIME,CURKU,PROGRESS,PROGRESS_ALL,RECHASH,RECHASH,RECSALT,RECSALT,TEMP,REJECTED,UTIL
3,919,1000,5.313005,0,0,101742498841,0,1,0,1,74,0,92
3,918,1000,5.312535,0,0,101742498841,0,1,0,1,73,0,91
3,917,1000,5.304678,0,0,101742498841,0,1,0,1,73,0,91
3,917,1000,5.291546,0,0,101742498841,0,1,0,1,73,0,92
3,916,1000,5.298639,0,0,101742498841,0,1,0,1,73,0,91
3,916,1000,5.303965,0,0,101742498841,0,1,0,1,73,0,92
3,916,1000,5.293877,0,0,101742498841,0,1,0,1,73,0,91
3,916,1000,5.293661,0,0,101742498841,0,1,0,1,73,0,92
3,916,1000,5.299815,0,0,101742498841,0,1,0,1,73,0,92
3,916,1000,5.292835,0,0,101742498841,0,1,0,1,73,0,91
3,916,1000,5.313578,0,0,101742498841,0,1,0,1,73,0,91
11,916,1000,5.292375,0,0,101742498841,0,1,0,1,73,0,54
11,916,1000,5.294524,0,0,101742498841,0,1,0,1,73,0,23
err,hipFuncGetAttribute is missing from HIP shared library.


hashcat arguments,hashcat.exe -a 1 --runtime 15 -m 13763 ..\bachelors-thesis-main\hash-files\hashcat_sha256_serpent-twofish-aes_boot.vc ..\bachelors-thesis-main\dictionaries\English.dic ..\bachelors-thesis-main\dictionaries\English2.dic --machine-readable --status --status-timer=1 --quiet