STATUS,SPEED,MILISECONDS,EXEC_RUNTIME,CURKU,PROGRESS,PROGRESS_ALL,RECHASH,RECHASH,RECSALT,RECSALT,TEMP,REJECTED,UTIL
3,281535,1000,9.606996,0,1032192,101742498841,0,1,0,1,68,0,94
3,281368,1000,9.686536,0,1261568,101742498841,0,1,0,1,68,0,95
3,281050,1000,9.621876,0,1605632,101742498841,0,1,0,1,69,0,96
3,280996,1000,9.684579,0,1835008,101742498841,0,1,0,1,69,0,95
3,280940,1000,9.669235,0,2179072,101742498841,0,1,0,1,69,0,94
3,280928,1000,9.669117,0,2408448,101742498841,0,1,0,1,69,0,42
3,280674,1000,9.671587,0,2752512,101742498841,0,1,0,1,69,0,94
3,280630,1000,9.599311,0,3096576,101742498841,0,1,0,1,68,0,94
3,280599,1000,9.678071,0,3325952,101742498841,0,1,0,1,69,0,94
3,280557,1000,9.601708,0,3670016,101742498841,0,1,0,1,69,0,95
11,280562,1000,9.675858,0,3899392,101742498841,0,1,0,1,69,0,37
11,280562,1000,9.675858,0,3899392,101742498841,0,1,0,1,69,0,16
err,hipFuncGetAttribute is missing from HIP shared library.


hashcat arguments,hashcat.exe -a 1 --runtime 15 -m 18800 YnM6WYERjJfhxwepT7zV6odWoEUz1X4esYQb4bQ3KZ7bbZAyOTc1MDM3OTc1NjMyODA0ECcAAD3vFoc= ..\bachelors-thesis-main\dictionaries\English.dic ..\bachelors-thesis-main\dictionaries\English2.dic --machine-readable --status --status-timer=1 --quiet