STATUS,SPEED,MILISECONDS,EXEC_RUNTIME,CURKU,PROGRESS,PROGRESS_ALL,RECHASH,RECHASH,RECSALT,RECSALT,TEMP,REJECTED,UTIL
3,58228,1000,8.918552,0,114688,101742498841,0,1,0,1,73,0,43
3,59249,1000,8.903523,0,229376,101742498841,0,1,0,1,73,0,94
3,63351,1000,8.906183,0,344064,101742498841,0,1,0,1,73,0,94
3,66565,1000,8.921119,0,458752,101742498841,0,1,0,1,73,0,93
3,66565,1000,8.870282,0,458752,101742498841,0,1,0,1,73,0,94
3,67103,1000,8.907685,0,573440,101742498841,0,1,0,1,73,0,95
3,69390,1000,8.917659,0,688128,101742498841,0,1,0,1,73,0,94
3,71132,1000,8.920616,0,802816,101742498841,0,1,0,1,73,0,94
3,71132,1000,8.915385,0,802816,101742498841,0,1,0,1,73,0,94
3,72491,1000,8.914407,0,917504,101742498841,0,1,0,1,73,0,94
11,73592,1000,8.908981,0,1032192,101742498841,0,1,0,1,73,0,40
11,73592,1000,8.908981,0,1032192,101742498841,0,1,0,1,73,0,17
err,hipFuncGetAttribute is missing from HIP shared library.


hashcat arguments,hashcat.exe -a 1 --runtime 15 -m 20013 ..\bachelors-thesis-main\hash-files\hashcat_aes_twofish_serpent.dc ..\bachelors-thesis-main\dictionaries\English.dic ..\bachelors-thesis-main\dictionaries\English2.dic --machine-readable --status --status-timer=1 --quiet