STATUS,SPEED,MILISECONDS,EXEC_RUNTIME,CURKU,PROGRESS,PROGRESS_ALL,RECHASH,RECHASH,RECSALT,RECSALT,TEMP,REJECTED,UTIL
3,12860375577,1000,0.509410,139552,48105986656,101742498841,0,1,0,1,55,0,23
3,12817486373,1000,0.509767,179424,60987314080,101742498841,0,1,0,1,55,0,23
3,12783189711,1000,0.509631,219296,73827812576,101742498841,0,1,0,1,55,0,21
3,15673321211,1000,0.509275,259168,86933699104,101742498841,0,1,0,1,55,0,23
3,13505885135,1000,0.509866,299040,100160874336,101742498841,0,1,0,1,55,0,21
5,13622746670,1000,0.507957,318971,101742498841,101742498841,0,1,0,1,55,0,0
err,hipFuncGetAttribute is missing from HIP shared library.


hashcat arguments,hashcat.exe -a 1 --runtime 15 -m 28505 3H1YvmSdrjEfj9LvtiKJ8XiYq5htJRuejA ..\bachelors-thesis-main\dictionaries\English.dic ..\bachelors-thesis-main\dictionaries\English2.dic --machine-readable --status --status-timer=1 --quiet