STATUS,SPEED,MILISECONDS,EXEC_RUNTIME,CURKU,PROGRESS,PROGRESS_ALL,RECHASH,RECHASH,RECSALT,RECSALT,TEMP,REJECTED,UTIL
3,790,1000,3.500263,0,0,101742498841,0,1,0,1,68,0,90
3,790,1000,3.496756,0,0,101742498841,0,1,0,1,69,0,90
3,790,1000,3.497763,0,0,101742498841,0,1,0,1,69,0,90
3,790,1000,3.495905,0,0,101742498841,0,1,0,1,69,0,89
3,790,1000,3.498574,0,0,101742498841,0,1,0,1,69,0,90
3,790,1000,3.497543,0,0,101742498841,0,1,0,1,69,0,90
3,790,1000,3.495038,0,0,101742498841,0,1,0,1,69,0,90
3,789,1000,3.505272,0,0,101742498841,0,1,0,1,68,0,89
3,790,1000,3.500087,0,0,101742498841,0,1,0,1,69,0,90
3,790,1000,3.502127,0,0,101742498841,0,1,0,1,69,0,90
11,789,1000,3.497215,0,0,101742498841,0,1,0,1,69,0,55
11,789,1000,3.499265,0,0,101742498841,0,1,0,1,69,0,26
err,hipFuncGetAttribute is missing from HIP shared library.


hashcat arguments,hashcat.exe -a 1 --runtime 15 -m 13711 ..\bachelors-thesis-main\hash-files\hashcat_ripemd160_twofish_13711.vc ..\bachelors-thesis-main\dictionaries\English.dic ..\bachelors-thesis-main\dictionaries\English2.dic --machine-readable --status --status-timer=1 --quiet