STATUS,SPEED,MILISECONDS,EXEC_RUNTIME,CURKU,PROGRESS,PROGRESS_ALL,RECHASH,RECHASH,RECSALT,RECSALT,TEMP,REJECTED,UTIL
3,780,1000,3.677880,0,0,101742498841,0,1,0,1,74,0,90
3,780,1000,3.680839,0,0,101742498841,0,1,0,1,74,0,90
3,779,1000,3.685873,0,0,101742498841,0,1,0,1,74,0,90
3,779,1000,3.684073,0,0,101742498841,0,1,0,1,74,0,90
3,779,1000,3.689550,0,0,101742498841,0,1,0,1,74,0,90
3,779,1000,3.687671,0,0,101742498841,0,1,0,1,74,0,89
3,779,1000,3.678280,0,0,101742498841,0,1,0,1,74,0,89
3,779,1000,3.678780,0,0,101742498841,0,1,0,1,74,0,90
3,779,1000,3.690853,0,0,101742498841,0,1,0,1,74,0,90
3,779,1000,3.684400,0,0,101742498841,0,1,0,1,74,0,90
3,779,1000,3.680089,0,0,101742498841,0,1,0,1,74,0,89
11,779,1000,3.681780,0,0,101742498841,0,1,0,1,74,0,52
11,779,1000,3.681780,0,0,101742498841,0,1,0,1,74,0,25
err,hipFuncGetAttribute is missing from HIP shared library.


hashcat arguments,hashcat.exe -a 1 --runtime 15 -m 13742 ..\bachelors-thesis-main\hash-files\hashcat_ripemd160_aes-twofish_boot.vc ..\bachelors-thesis-main\dictionaries\English.dic ..\bachelors-thesis-main\dictionaries\English2.dic --machine-readable --status --status-timer=1 --quiet