STATUS,SPEED,MILISECONDS,EXEC_RUNTIME,CURKU,PROGRESS,PROGRESS_ALL,RECHASH,RECHASH,RECSALT,RECSALT,TEMP,REJECTED,UTIL
3,1272,1000,6.003596,0,0,101742498841,0,1,0,1,68,0,91
3,1272,1000,6.000525,0,0,101742498841,0,1,0,1,68,0,92
3,1272,1000,6.007916,0,0,101742498841,0,1,0,1,68,0,92
3,1272,1000,5.993742,0,0,101742498841,0,1,0,1,68,0,92
3,1272,1000,5.999767,0,0,101742498841,0,1,0,1,68,0,92
3,1272,1000,6.003705,0,0,101742498841,0,1,0,1,68,0,91
3,1272,1000,6.026490,0,0,101742498841,0,1,0,1,68,0,92
3,1272,1000,6.003890,0,0,101742498841,0,1,0,1,69,0,91
3,1272,1000,5.995159,0,0,101742498841,0,1,0,1,69,0,92
3,1272,1000,5.990341,0,0,101742498841,0,1,0,1,68,0,92
11,1272,1000,5.998120,0,0,101742498841,0,1,0,1,68,0,54
11,1272,1000,5.997992,0,0,101742498841,0,1,0,1,68,0,26
err,hipFuncGetAttribute is missing from HIP shared library.


hashcat arguments,hashcat.exe -a 1 --runtime 15 -m 13751 ..\bachelors-thesis-main\hash-files\hashcat_sha256_aes_13751.vc ..\bachelors-thesis-main\dictionaries\English.dic ..\bachelors-thesis-main\dictionaries\English2.dic --machine-readable --status --status-timer=1 --quiet