STATUS,SPEED,MILISECONDS,EXEC_RUNTIME,CURKU,PROGRESS,PROGRESS_ALL,RECHASH,RECHASH,RECSALT,RECSALT,TEMP,REJECTED,UTIL
3,13606,1000,9.988073,0,0,101742498841,0,1,0,1,61,0,96
3,13958,1000,9.985641,0,0,101742498841,0,1,0,1,61,0,97
3,14184,1000,9.968501,0,0,101742498841,0,1,0,1,62,0,96
3,14336,1000,9.992281,0,0,101742498841,0,1,0,1,62,0,97
3,14446,1000,9.992657,0,0,101742498841,0,1,0,1,61,0,43
3,9975,1000,9.813944,0,114688,101742498841,0,1,0,1,62,0,97
3,9975,1000,9.982141,0,114688,101742498841,0,1,0,1,62,0,96
3,9975,1000,9.997240,0,114688,101742498841,0,1,0,1,61,0,97
11,9975,1000,10.000444,0,114688,101742498841,0,1,0,1,61,0,39
11,9975,1000,10.000444,0,114688,101742498841,0,1,0,1,61,0,12
err,hipFuncGetAttribute is missing from HIP shared library.


hashcat arguments,hashcat.exe -a 1 --runtime 15 -m 29523 ..\bachelors-thesis-main\hash-files\hashcat_luks_sha256_twofish_cbc-essiv_256.txt ..\bachelors-thesis-main\dictionaries\English.dic ..\bachelors-thesis-main\dictionaries\English2.dic --machine-readable --status --status-timer=1 --quiet