STATUS,SPEED,MILISECONDS,EXEC_RUNTIME,CURKU,PROGRESS,PROGRESS_ALL,RECHASH,RECHASH,RECSALT,RECSALT,TEMP,REJECTED,UTIL
3,544996886,1000,25.079932,0,1952448512,101742498841,0,1,0,1,66,0,40
3,543813682,1000,25.098949,0,2510290944,101742498841,0,1,0,1,66,0,42
3,540993036,1000,25.266417,0,3053453312,101742498841,0,1,0,1,66,0,43
6,540839809,1000,25.269252,0,3464495104,101742498841,1,1,1,1,65,0,1
err,hipFuncGetAttribute is missing from HIP shared library.


hashcat arguments,hashcat.exe -a 1 --runtime 15 -m 27800 23e93f65:00000000 ..\bachelors-thesis-main\dictionaries\English.dic ..\bachelors-thesis-main\dictionaries\English2.dic --machine-readable --status --status-timer=1 --quiet