STATUS,SPEED,MILISECONDS,EXEC_RUNTIME,CURKU,PROGRESS,PROGRESS_ALL,RECHASH,RECHASH,RECSALT,RECSALT,TEMP,REJECTED,UTIL
3,61,1000,3.757284,0,0,101742498841,0,1,0,1,74,0,91
3,60,1000,3.757714,0,0,101742498841,0,1,0,1,74,0,90
3,60,1000,3.758146,0,0,101742498841,0,1,0,1,73,0,90
3,60,1000,3.757737,0,0,101742498841,0,1,0,1,73,0,90
3,60,1000,3.758046,0,0,101742498841,0,1,0,1,74,0,91
3,60,1000,3.758370,0,0,101742498841,0,1,0,1,73,0,90
3,60,1000,3.757899,0,0,101742498841,0,1,0,1,74,0,90
3,60,1000,3.758499,0,0,101742498841,0,1,0,1,74,0,89
3,60,1000,3.758462,0,0,101742498841,0,1,0,1,74,0,90
3,60,1000,3.758532,0,0,101742498841,0,1,0,1,74,0,90
3,60,1000,3.758683,0,0,101742498841,0,1,0,1,74,0,90
11,60,1000,3.758516,0,0,101742498841,0,1,0,1,74,0,57
11,60,1000,3.758497,0,0,101742498841,0,1,0,1,74,0,25
err,hipFuncGetAttribute is missing from HIP shared library.


hashcat arguments,hashcat.exe -a 1 --runtime 15 -m 13732 ..\bachelors-thesis-main\hash-files\hashcat_whirlpool_twofish-serpent_13732.vc ..\bachelors-thesis-main\dictionaries\English.dic ..\bachelors-thesis-main\dictionaries\English2.dic --machine-readable --status --status-timer=1 --quiet