STATUS,SPEED,MILISECONDS,EXEC_RUNTIME,CURKU,PROGRESS,PROGRESS_ALL,RECHASH,RECHASH,RECSALT,RECSALT,TEMP,REJECTED,UTIL
3,1573,1000,6.243589,0,0,101742498841,0,1,0,1,74,0,92
3,1572,1000,6.243292,0,0,101742498841,0,1,0,1,74,0,92
3,1572,1000,6.235950,0,0,101742498841,0,1,0,1,74,0,91
3,1572,1000,6.237078,0,0,101742498841,0,1,0,1,74,0,91
3,1572,1000,6.228478,0,0,101742498841,0,1,0,1,73,0,91
3,1572,1000,6.240101,0,0,101742498841,0,1,0,1,74,0,91
3,1571,1000,6.236031,0,0,101742498841,0,1,0,1,74,0,91
3,1571,1000,6.238333,0,0,101742498841,0,1,0,1,74,0,92
3,1571,1000,6.234293,0,0,101742498841,0,1,0,1,74,0,92
3,1571,1000,6.235288,0,0,101742498841,0,1,0,1,74,0,92
3,1571,1000,6.231678,0,0,101742498841,0,1,0,1,73,0,92
11,1571,1000,6.229845,0,0,101742498841,0,1,0,1,73,0,58
11,1571,1000,6.229845,0,0,101742498841,0,1,0,1,74,0,28
err,hipFuncGetAttribute is missing from HIP shared library.


hashcat arguments,hashcat.exe -a 1 --runtime 15 -m 13762 ..\bachelors-thesis-main\hash-files\hashcat_sha256_serpent-aes_boot.vc ..\bachelors-thesis-main\dictionaries\English.dic ..\bachelors-thesis-main\dictionaries\English2.dic --machine-readable --status --status-timer=1 --quiet