STATUS,SPEED,MILISECONDS,EXEC_RUNTIME,CURKU,PROGRESS,PROGRESS_ALL,RECHASH,RECHASH,RECSALT,RECSALT,TEMP,REJECTED,UTIL
3,274345,1000,25.636375,0,974848,101742498841,0,1,0,1,55,0,59
3,272512,1000,25.864005,0,1261568,101742498841,0,1,0,1,56,0,62
3,270896,1000,26.307357,0,1548288,101742498841,0,1,0,1,56,0,63
3,269605,1000,26.497888,0,1835008,101742498841,0,1,0,1,56,0,63
3,269382,1000,26.432947,0,2121728,101742498841,0,1,0,1,56,0,61
3,269144,1000,26.424367,0,2408448,101742498841,0,1,0,1,56,0,60
3,268556,1000,26.276885,0,2695168,101742498841,0,1,0,1,56,0,63
3,267523,1000,26.614348,0,2981888,101742498841,0,1,0,1,56,0,98
3,266394,1000,27.054390,0,3268608,101742498841,0,1,0,1,56,0,98
3,266442,1000,27.000880,0,3555328,101742498841,0,1,0,1,56,0,58
11,266076,1000,26.910847,0,3842048,101742498841,0,1,0,1,56,0,56
11,266076,1000,26.914890,0,3842048,101742498841,0,1,0,1,56,0,27
err,hipFuncGetAttribute is missing from HIP shared library.


hashcat arguments,hashcat.exe -a 1 --runtime 15 -m 501 3u+UR6n8AgABAAAAHxxdXKmiOmUoqKnZlf8lTOhlPYy93EAkbPfs5+49YLFd/B1+omSKbW7DoqNM40/EeVnwJ8kYoXv9zy9D5C5m5A== ..\bachelors-thesis-main\dictionaries\English.dic ..\bachelors-thesis-main\dictionaries\English2.dic --machine-readable --status --status-timer=1 --quiet