STATUS,SPEED,MILISECONDS,EXEC_RUNTIME,CURKU,PROGRESS,PROGRESS_ALL,RECHASH,RECHASH,RECSALT,RECSALT,TEMP,REJECTED,UTIL
3,346,1000,257.202719,0,1920,101742498841,0,1,0,1,63,0,96
3,346,1000,257.414006,0,1920,101742498841,0,1,0,1,62,0,96
3,346,1000,257.500602,0,1920,101742498841,0,1,0,1,62,0,42
3,369,1000,257.505885,0,3840,101742498841,0,1,0,1,62,0,96
3,369,1000,257.532489,0,3840,101742498841,0,1,0,1,62,0,96
11,369,1000,257.578210,0,3840,101742498841,0,1,0,1,61,0,37
11,369,1000,257.606540,0,3840,101742498841,0,1,0,1,61,0,14
err,hipFuncGetAttribute is missing from HIP shared library.


hashcat arguments,hashcat.exe -a 1 --runtime 15 -m 22700 $multibit$2*2e311aa2cc5ec99f7073cacc8a2d1938*e3ad782e7f92d66a3cdfaec43a46be29*5d1cabd4f4a50ba125f88c47027fff9b ..\bachelors-thesis-main\dictionaries\English.dic ..\bachelors-thesis-main\dictionaries\English2.dic --machine-readable --status --status-timer=1 --quiet