STATUS,SPEED,MILISECONDS,EXEC_RUNTIME,CURKU,PROGRESS,PROGRESS_ALL,RECHASH,RECHASH,RECSALT,RECSALT,TEMP,REJECTED,UTIL
err,hipFuncGetAttribute is missing from HIP shared library.

* Device #1: ATTENTION! OpenCL kernel self-test failed.

Aborting session due to kernel self-test failure.


hashcat arguments,hashcat.exe -a 1 --runtime 15 -m 16000 pfaRCwDe0U ..\bachelors-thesis-main\dictionaries\English.dic ..\bachelors-thesis-main\dictionaries\English2.dic --machine-readable --status --status-timer=1 --quiet