STATUS,SPEED,MILISECONDS,EXEC_RUNTIME,CURKU,PROGRESS,PROGRESS_ALL,RECHASH,RECHASH,RECSALT,RECSALT,TEMP,REJECTED,UTIL
3,12378041727,1000,0.512567,139552,46329928288,101742498841,0,1,0,1,56,0,23
3,12348222549,1000,0.512513,179424,58823380896,101742498841,0,1,0,1,56,0,22
3,12342009095,1000,0.512560,219296,71398491360,101742498841,0,1,0,1,56,0,22
3,15149750794,1000,0.512528,259168,84014430752,101742498841,0,1,0,1,56,0,22
3,12243877261,1000,0.512554,299040,96405555040,101742498841,0,1,0,1,56,0,22
5,12878561933,1000,0.512806,318971,101742498841,101742498841,0,1,0,1,56,0,0
err,hipFuncGetAttribute is missing from HIP shared library.


hashcat arguments,hashcat.exe -a 1 --runtime 15 -m 28503 bc1qxd76a5zamfyw0g2d2rxkdh0zt9m0uzmxmwjf0q ..\bachelors-thesis-main\dictionaries\English.dic ..\bachelors-thesis-main\dictionaries\English2.dic --machine-readable --status --status-timer=1 --quiet