STATUS,SPEED,MILISECONDS,EXEC_RUNTIME,CURKU,PROGRESS,PROGRESS_ALL,RECHASH,RECHASH,RECSALT,RECSALT,TEMP,REJECTED,UTIL
3,211,1000,3.249111,0,0,101742498841,0,1,0,1,69,0,88
3,210,1000,3.249674,0,0,101742498841,0,1,0,1,69,0,89
3,210,1000,3.249395,0,0,101742498841,0,1,0,1,69,0,88
3,210,1000,3.252794,0,0,101742498841,0,1,0,1,69,0,90
3,210,1000,3.249529,0,0,101742498841,0,1,0,1,69,0,90
3,210,1000,3.249896,0,0,101742498841,0,1,0,1,69,0,88
3,210,1000,3.250051,0,0,101742498841,0,1,0,1,69,0,90
3,210,1000,3.249462,0,0,101742498841,0,1,0,1,68,0,89
3,210,1000,3.249802,0,0,101742498841,0,1,0,1,69,0,87
3,210,1000,3.249558,0,0,101742498841,0,1,0,1,69,0,88
3,210,1000,3.250134,0,0,101742498841,0,1,0,1,69,0,89
11,210,1000,3.249725,0,0,101742498841,0,1,0,1,68,0,59
11,210,1000,3.249726,0,0,101742498841,0,1,0,1,69,0,23
err,hipFuncGetAttribute is missing from HIP shared library.


hashcat arguments,hashcat.exe -a 1 --runtime 15 -m 13713 ..\bachelors-thesis-main\hash-files\hashcat_ripemd160_serpent-twofish-aes_13713.vc ..\bachelors-thesis-main\dictionaries\English.dic ..\bachelors-thesis-main\dictionaries\English2.dic --machine-readable --status --status-timer=1 --quiet