STATUS,SPEED,MILISECONDS,EXEC_RUNTIME,CURKU,PROGRESS,PROGRESS_ALL,RECHASH,RECHASH,RECSALT,RECSALT,TEMP,REJECTED,UTIL
3,422,1000,4.383389,0,0,101742498841,0,1,0,1,66,0,90
3,423,1000,4.392287,0,0,101742498841,0,1,0,1,67,0,92
3,423,1000,4.386692,0,0,101742498841,0,1,0,1,66,0,91
3,423,1000,4.385219,0,0,101742498841,0,1,0,1,66,0,91
3,422,1000,4.386947,0,0,101742498841,0,1,0,1,67,0,91
3,422,1000,4.385432,0,0,101742498841,0,1,0,1,67,0,91
3,422,1000,4.386785,0,0,101742498841,0,1,0,1,66,0,91
3,422,1000,4.384726,0,0,101742498841,0,1,0,1,68,0,91
3,422,1000,4.385853,0,0,101742498841,0,1,0,1,68,0,92
3,422,1000,4.383692,0,0,101742498841,0,1,0,1,68,0,91
3,422,1000,4.383962,0,0,101742498841,0,1,0,1,68,0,91
11,422,1000,4.384884,0,0,101742498841,0,1,0,1,67,0,57
11,422,1000,4.385369,0,0,101742498841,0,1,0,1,67,0,22
err,hipFuncGetAttribute is missing from HIP shared library.


hashcat arguments,hashcat.exe -a 1 --runtime 15 -m 13721 ..\bachelors-thesis-main\hash-files\hashcat_sha512_aes_13721.vc ..\bachelors-thesis-main\dictionaries\English.dic ..\bachelors-thesis-main\dictionaries\English2.dic --machine-readable --status --status-timer=1 --quiet