STATUS,SPEED,MILISECONDS,EXEC_RUNTIME,CURKU,PROGRESS,PROGRESS_ALL,RECHASH,RECHASH,RECSALT,RECSALT,TEMP,REJECTED,UTIL
3,3176,1000,6.176411,0,0,101742498841,0,1,0,1,73,0,92
3,3176,1000,6.169799,0,0,101742498841,0,1,0,1,73,0,92
3,3175,1000,6.167481,0,0,101742498841,0,1,0,1,73,0,91
3,3175,1000,6.175086,0,0,101742498841,0,1,0,1,73,0,92
3,3175,1000,6.165281,0,0,101742498841,0,1,0,1,73,0,92
3,3175,1000,6.167013,0,0,101742498841,0,1,0,1,73,0,92
3,3175,1000,6.170847,0,0,101742498841,0,1,0,1,73,0,92
3,3175,1000,6.163214,0,0,101742498841,0,1,0,1,73,0,92
3,3175,1000,6.155769,0,0,101742498841,0,1,0,1,73,0,92
3,3175,1000,6.154630,0,0,101742498841,0,1,0,1,73,0,92
3,3175,1000,6.168106,0,0,101742498841,0,1,0,1,73,0,91
11,3175,1000,6.163502,0,0,101742498841,0,1,0,1,73,0,59
11,3175,1000,6.165704,0,0,101742498841,0,1,0,1,73,0,25
err,hipFuncGetAttribute is missing from HIP shared library.


hashcat arguments,hashcat.exe -a 1 --runtime 15 -m 13761 ..\bachelors-thesis-main\hash-files\hashcat_sha256_aes_boot_pim500.vc ..\bachelors-thesis-main\dictionaries\English.dic ..\bachelors-thesis-main\dictionaries\English2.dic --machine-readable --status --status-timer=1 --quiet