STATUS,SPEED,MILISECONDS,EXEC_RUNTIME,CURKU,PROGRESS,PROGRESS_ALL,RECHASH,RECHASH,RECSALT,RECSALT,TEMP,REJECTED,UTIL
3,12885619484,1000,0.514436,139552,48126401120,101742498841,0,1,0,1,57,0,26
3,12855182266,1000,0.514612,179424,61089386400,101742498841,0,1,0,1,57,0,22
3,12791018633,1000,0.514477,219296,73786983648,101742498841,0,1,0,1,57,0,24
3,15512518393,1000,0.514456,259168,86566238752,101742498841,0,1,0,1,57,0,24
3,13135955826,1000,0.514785,299040,99466956640,101742498841,0,1,0,1,58,0,23
5,13301227632,1000,0.512764,318971,101742498841,101742498841,0,1,0,1,57,0,0
err,hipFuncGetAttribute is missing from HIP shared library.


hashcat arguments,hashcat.exe -a 1 --runtime 15 -m 28501 1Jv6EonXm9x4Dw4QjEPAhGfmzFxTL7b3Zj ..\bachelors-thesis-main\dictionaries\English.dic ..\bachelors-thesis-main\dictionaries\English2.dic --machine-readable --status --status-timer=1 --quiet