STATUS,SPEED,MILISECONDS,EXEC_RUNTIME,CURKU,PROGRESS,PROGRESS_ALL,RECHASH,RECHASH,RECSALT,RECSALT,TEMP,REJECTED,UTIL
3,393,1000,3.527322,0,0,101742498841,0,1,0,1,68,0,90
3,393,1000,3.532994,0,0,101742498841,0,1,0,1,68,0,90
3,392,1000,3.524814,0,0,101742498841,0,1,0,1,69,0,91
3,392,1000,3.522858,0,0,101742498841,0,1,0,1,69,0,90
3,392,1000,3.533609,0,0,101742498841,0,1,0,1,69,0,90
3,392,1000,3.523537,0,0,101742498841,0,1,0,1,68,0,90
3,392,1000,3.527501,0,0,101742498841,0,1,0,1,69,0,89
3,392,1000,3.524460,0,0,101742498841,0,1,0,1,69,0,91
3,392,1000,3.514693,0,0,101742498841,0,1,0,1,68,0,90
3,392,1000,3.535635,0,0,101742498841,0,1,0,1,69,0,90
3,392,1000,3.523034,0,0,101742498841,0,1,0,1,69,0,91
11,392,1000,3.522767,0,0,101742498841,0,1,0,1,68,0,56
11,392,1000,3.522767,0,0,101742498841,0,1,0,1,66,0,24
err,hipFuncGetAttribute is missing from HIP shared library.


hashcat arguments,hashcat.exe -a 1 --runtime 15 -m 13712 ..\bachelors-thesis-main\hash-files\hashcat_ripemd160_twofish-serpent_13712.vc ..\bachelors-thesis-main\dictionaries\English.dic ..\bachelors-thesis-main\dictionaries\English2.dic --machine-readable --status --status-timer=1 --quiet