STATUS,SPEED,MILISECONDS,EXEC_RUNTIME,CURKU,PROGRESS,PROGRESS_ALL,RECHASH,RECHASH,RECSALT,RECSALT,TEMP,REJECTED,UTIL
3,12752758364,1000,0.512358,139552,47534381664,101742498841,0,1,0,1,56,0,23
3,12731210423,1000,0.512697,179424,60415709088,101742498841,0,1,0,1,56,0,21
3,12748030442,1000,0.511973,219296,73480766688,101742498841,0,1,0,1,56,0,22
3,15368091545,1000,0.511958,259168,86484580896,101742498841,0,1,0,1,56,0,21
3,12961761931,1000,0.512897,299040,99262863200,101742498841,0,1,0,1,56,0,24
5,13169899798,1000,0.510928,318971,101742498841,101742498841,0,1,0,1,56,0,0
err,hipFuncGetAttribute is missing from HIP shared library.


hashcat arguments,hashcat.exe -a 1 --runtime 15 -m 28502 1L9nr4GX4Zmd7gDL1UT75QPUqxSgNTvdHb ..\bachelors-thesis-main\dictionaries\English.dic ..\bachelors-thesis-main\dictionaries\English2.dic --machine-readable --status --status-timer=1 --quiet