STATUS,SPEED,MILISECONDS,EXEC_RUNTIME,CURKU,PROGRESS,PROGRESS_ALL,RECHASH,RECHASH,RECSALT,RECSALT,TEMP,REJECTED,UTIL
3,21612,1000,39.972493,0,84480,101742498841,0,1,0,1,68,0,96
3,22723,1000,39.999383,0,112640,101742498841,0,1,0,1,68,0,96
3,23168,1000,40.018713,0,140800,101742498841,0,1,0,1,67,0,96
3,23633,1000,40.047174,0,168960,101742498841,0,1,0,1,69,0,50
3,24015,1000,40.067738,0,197120,101742498841,0,1,0,1,68,0,41
3,24396,1000,40.114019,0,225280,101742498841,0,1,0,1,69,0,43
3,24575,1000,40.123786,0,253440,101742498841,0,1,0,1,68,0,40
3,24716,1000,40.131747,0,281600,101742498841,0,1,0,1,68,0,44
3,24804,1000,40.147530,0,309760,101742498841,0,1,0,1,68,0,42
11,24960,1000,40.164157,0,337920,101742498841,0,1,0,1,69,0,41
11,24960,1000,40.163644,0,337920,101742498841,0,1,0,1,68,0,13
err,hipFuncGetAttribute is missing from HIP shared library.


hashcat arguments,hashcat.exe -a 1 --runtime 15 -m 9300 $9$2MJBozw/9R3UsU$2lFhcKvpghcyw8deP25GOfyZaagyUOGBymkryvOdfo6 ..\bachelors-thesis-main\dictionaries\English.dic ..\bachelors-thesis-main\dictionaries\English2.dic --machine-readable --status --status-timer=1 --quiet