STATUS,SPEED,MILISECONDS,EXEC_RUNTIME,CURKU,PROGRESS,PROGRESS_ALL,RECHASH,RECHASH,RECSALT,RECSALT,TEMP,REJECTED,UTIL
3,163,1000,5.788934,0,0,101742498841,0,1,0,1,67,0,92
3,163,1000,5.788922,0,0,101742498841,0,1,0,1,66,0,93
3,163,1000,5.788670,0,0,101742498841,0,1,0,1,66,0,91
3,163,1000,5.785948,0,0,101742498841,0,1,0,1,67,0,91
3,163,1000,5.787131,0,0,101742498841,0,1,0,1,66,0,92
3,163,1000,5.786029,0,0,101742498841,0,1,0,1,67,0,91
3,163,1000,5.787991,0,0,101742498841,0,1,0,1,68,0,91
3,163,1000,5.787917,0,0,101742498841,0,1,0,1,67,0,92
3,163,1000,5.787485,0,0,101742498841,0,1,0,1,67,0,91
3,163,1000,5.787448,0,0,101742498841,0,1,0,1,68,0,91
11,163,1000,5.788087,0,0,101742498841,0,1,0,1,67,0,57
11,163,1000,5.788044,0,0,101742498841,0,1,0,1,67,0,28
err,hipFuncGetAttribute is missing from HIP shared library.


hashcat arguments,hashcat.exe -a 1 --runtime 15 -m 13722 ..\bachelors-thesis-main\hash-files\hashcat_sha512_aes-twofish_13722.vc ..\bachelors-thesis-main\dictionaries\English.dic ..\bachelors-thesis-main\dictionaries\English2.dic --machine-readable --status --status-timer=1 --quiet