STATUS,SPEED,MILISECONDS,EXEC_RUNTIME,CURKU,PROGRESS,PROGRESS_ALL,RECHASH,RECHASH,RECSALT,RECSALT,TEMP,REJECTED,UTIL
3,634,1000,5.988029,0,0,101742498841,0,1,0,1,68,0,92
3,634,1000,5.982273,0,0,101742498841,0,1,0,1,68,0,92
3,633,1000,5.976612,0,0,101742498841,0,1,0,1,68,0,92
3,633,1000,5.991133,0,0,101742498841,0,1,0,1,68,0,92
3,633,1000,5.990040,0,0,101742498841,0,1,0,1,68,0,92
3,633,1000,5.977692,0,0,101742498841,0,1,0,1,68,0,91
3,633,1000,6.009633,0,0,101742498841,0,1,0,1,68,0,91
3,633,1000,5.982811,0,0,101742498841,0,1,0,1,68,0,92
3,633,1000,5.983780,0,0,101742498841,0,1,0,1,68,0,93
3,633,1000,5.980201,0,0,101742498841,0,1,0,1,68,0,94
11,633,1000,5.980753,0,0,101742498841,0,1,0,1,66,0,56
11,633,1000,5.980756,0,0,101742498841,0,1,0,1,67,0,27
err,hipFuncGetAttribute is missing from HIP shared library.


hashcat arguments,hashcat.exe -a 1 --runtime 15 -m 13752 ..\bachelors-thesis-main\hash-files\hashcat_sha256_aes-twofish_13752.vc ..\bachelors-thesis-main\dictionaries\English.dic ..\bachelors-thesis-main\dictionaries\English2.dic --machine-readable --status --status-timer=1 --quiet