STATUS,SPEED,MILISECONDS,EXEC_RUNTIME,CURKU,PROGRESS,PROGRESS_ALL,RECHASH,RECHASH,RECSALT,RECSALT,TEMP,REJECTED,UTIL
3,788,1000,3.508269,0,0,101742498841,0,1,0,1,69,0,90
3,787,1000,3.511339,0,0,101742498841,0,1,0,1,69,0,90
3,788,1000,3.513943,0,0,101742498841,0,1,0,1,70,0,91
3,788,1000,3.511250,0,0,101742498841,0,1,0,1,69,0,90
3,787,1000,3.508585,0,0,101742498841,0,1,0,1,69,0,89
3,787,1000,3.510510,0,0,101742498841,0,1,0,1,70,0,90
3,787,1000,3.510274,0,0,101742498841,0,1,0,1,70,0,89
3,787,1000,3.512769,0,0,101742498841,0,1,0,1,69,0,90
3,787,1000,3.507486,0,0,101742498841,0,1,0,1,70,0,90
3,787,1000,3.510036,0,0,101742498841,0,1,0,1,70,0,89
11,787,1000,3.507162,0,0,101742498841,0,1,0,1,70,0,55
11,787,1000,3.507163,0,0,101742498841,0,1,0,1,70,0,24
err,hipFuncGetAttribute is missing from HIP shared library.


hashcat arguments,hashcat.exe -a 1 --runtime 15 -m 13711 ..\bachelors-thesis-main\hash-files\hashcat_ripemd160_serpent_13711.vc ..\bachelors-thesis-main\dictionaries\English.dic ..\bachelors-thesis-main\dictionaries\English2.dic --machine-readable --status --status-timer=1 --quiet