STATUS,SPEED,MILISECONDS,EXEC_RUNTIME,CURKU,PROGRESS,PROGRESS_ALL,RECHASH,RECHASH,RECSALT,RECSALT,TEMP,REJECTED,UTIL
3,93906,1000,9.823663,0,344064,101742498841,0,1,0,1,65,0,95
3,93906,1000,9.886522,0,344064,101742498841,0,1,0,1,66,0,95
3,93893,1000,9.906669,0,458752,101742498841,0,1,0,1,66,0,94
3,93812,1000,9.912380,0,573440,101742498841,0,1,0,1,65,0,95
3,93746,1000,9.907346,0,688128,101742498841,0,1,0,1,65,0,95
3,93688,1000,9.907347,0,802816,101742498841,0,1,0,1,66,0,95
3,93634,1000,9.917209,0,917504,101742498841,0,1,0,1,67,0,95
3,93598,1000,9.841617,0,1032192,101742498841,0,1,0,1,66,0,94
3,93598,1000,9.908811,0,1032192,101742498841,0,1,0,1,67,0,95
3,93574,1000,9.906377,0,1146880,101742498841,0,1,0,1,67,0,95
11,93570,1000,9.903497,0,1261568,101742498841,0,1,0,1,66,0,39
11,93570,1000,9.900384,0,1261568,101742498841,0,1,0,1,66,0,15
err,hipFuncGetAttribute is missing from HIP shared library.


hashcat arguments,hashcat.exe -a 1 --runtime 15 -m 24200 $mongodb-scram$*1*dXNlcg==*15000*qYaA1K1ZZSSpWfY+yqShlcTn0XVcrNipxiYCLQ==*QWVry9aTS/JW+y5CWCBr8lcEH9Kr/D4je60ncooPer8= ..\bachelors-thesis-main\dictionaries\English.dic ..\bachelors-thesis-main\dictionaries\English2.dic --machine-readable --status --status-timer=1 --quiet