STATUS,SPEED,MILISECONDS,EXEC_RUNTIME,CURKU,PROGRESS,PROGRESS_ALL,RECHASH,RECHASH,RECSALT,RECSALT,TEMP,REJECTED,UTIL
3,10012,1000,11.814119,0,0,101742498841,0,1,0,1,62,0,97
3,10251,1000,11.834131,0,0,101742498841,0,1,0,1,63,0,97
3,10397,1000,11.845317,0,0,101742498841,0,1,0,1,64,0,97
3,10501,1000,11.850104,0,0,101742498841,0,1,0,1,62,0,97
3,10579,1000,11.841045,0,0,101742498841,0,1,0,1,62,0,96
3,10634,1000,11.854558,0,0,101742498841,0,1,0,1,63,0,96
3,10681,1000,11.843729,0,0,101742498841,0,1,0,1,63,0,96
3,10720,1000,11.844786,0,0,101742498841,0,1,0,1,64,0,96
3,10754,1000,11.822397,0,0,101742498841,0,1,0,1,63,0,97
3,10783,1000,11.823794,0,0,101742498841,0,1,0,1,63,0,97
3,10808,1000,11.808723,0,0,101742498841,0,1,0,1,64,0,96
11,10828,1000,11.818803,0,0,101742498841,0,1,0,1,65,0,43
11,10828,1000,11.816431,0,0,101742498841,0,1,0,1,63,0,11
err,hipFuncGetAttribute is missing from HIP shared library.


hashcat arguments,hashcat.exe -a 1 --runtime 15 -m 29542 ..\bachelors-thesis-main\hash-files\hashcat_luks_ripemd160_serpent_xts-plain64_256.txt ..\bachelors-thesis-main\dictionaries\English.dic ..\bachelors-thesis-main\dictionaries\English2.dic --machine-readable --status --status-timer=1 --quiet