STATUS,SPEED,MILISECONDS,EXEC_RUNTIME,CURKU,PROGRESS,PROGRESS_ALL,RECHASH,RECHASH,RECSALT,RECSALT,TEMP,REJECTED,UTIL
5,400,1000,0.553044,100,1000,1000,0,1,0,1,54,0,0
err,hipFuncGetAttribute is missing from HIP shared library.


hashcat arguments,hashcat.exe -a 0 --runtime 20 -m 18300 $fvde$2$16$58778104701476542047675521040224$20000$39602e86b7cea4a34f4ff69ff6ed706d68954ee474de1d2a9f6a6f2d24d172001e484c1d4eaa237d ..\bachelors-thesis-main\dictionaries-dict\test-dic1.dic -r ..\bachelors-thesis-main\rules\ruleset1.rule --machine-readable --status --status-timer=1 --quiet