STATUS,SPEED,MILISECONDS,EXEC_RUNTIME,CURKU,PROGRESS,PROGRESS_ALL,RECHASH,RECHASH,RECSALT,RECSALT,TEMP,REJECTED,UTIL
3,80,1000,0.554935,0,200,1000,0,1,0,1,53,0,76
3,80,1000,0.554972,0,300,1000,0,1,0,1,53,0,73
3,80,1000,0.554949,0,400,1000,0,1,0,1,54,0,73
3,80,1000,0.555015,0,500,1000,0,1,0,1,54,0,72
3,80,1000,0.554932,0,600,1000,0,1,0,1,54,0,79
3,80,1000,0.548833,0,700,1000,0,1,0,1,53,0,75
3,80,1000,0.554918,0,700,1000,0,1,0,1,54,0,73
3,80,1000,0.554927,0,800,1000,0,1,0,1,54,0,76
3,80,1000,0.554937,0,900,1000,0,1,0,1,54,0,73
5,81,1000,0.548826,100,1000,1000,0,1,0,1,53,0,0
err,hipFuncGetAttribute is missing from HIP shared library.


hashcat arguments,hashcat.exe -a 0 --runtime 20 -m 23400 $bitwarden$2*100000*2*bm9yZXBseUBoYXNoY2F0Lm5ldA==*+v5rHxYydSRUDlan+4pSoiYQwAgEhdmivlb+exQX+fg= ..\bachelors-thesis-main\dictionaries-dict\test-dic1.dic -r ..\bachelors-thesis-main\rules\ruleset1.rule --machine-readable --status --status-timer=1 --quiet