STATUS,SPEED,MILISECONDS,EXEC_RUNTIME,CURKU,PROGRESS,PROGRESS_ALL,RECHASH,RECHASH,RECSALT,RECSALT,TEMP,REJECTED,UTIL
3,6806,1000,131.151924,0,14336,101742498841,0,1,0,1,60,0,100
3,6803,1000,131.151870,0,28672,101742498841,0,1,0,1,60,0,100
3,6803,1000,131.154283,0,43008,101742498841,0,1,0,1,60,0,100
3,6803,1000,131.146387,0,43008,101742498841,0,1,0,1,60,0,100
3,6804,1000,131.147131,0,57344,101742498841,0,1,0,1,60,0,100
11,6804,1000,131.140061,0,57344,101742498841,0,1,0,1,60,0,100
11,6804,1000,131.140613,0,57344,101742498841,0,1,0,1,60,0,100
err,
hashcat arguments,hashcat.exe -a 1 --runtime 10 -m 23700 $RAR3$*1*e54a73729887cb53*49b0a846*16*14*1*34620bcca8176642a210b1051901921e*30 ..\bachelors-thesis-main\dictionaries\English.dic ..\bachelors-thesis-main\dictionaries\English2.dic --machine-readable --status --status-timer=1 --quiet
