STATUS,SPEED,MILISECONDS,EXEC_RUNTIME,CURKU,PROGRESS,PROGRESS_ALL,RECHASH,RECHASH,RECSALT,RECSALT,TEMP,REJECTED,UTIL
3,211598,1000,8.446161,0,637942,101742498841,0,1,0,1,70,0,98
3,211598,1000,8.442845,0,637942,101742498841,0,1,0,1,74,0,96
3,211734,1000,8.849513,0,956913,101742498841,0,1,0,1,70,0,97
3,211734,1000,9.926637,0,956913,101742498841,0,1,0,1,64,0,99
3,203528,1000,10.456404,0,1275884,101742498841,0,1,0,1,66,0,97
3,196201,1000,10.487684,0,1594855,101742498841,0,1,0,1,64,0,97
11,196201,1000,10.497507,0,1594855,101742498841,0,1,0,1,66,0,97
11,196201,1000,10.499299,0,1594855,101742498841,0,1,0,1,66,0,100
err,
hashcat arguments,hashcat.exe -a 1 --runtime 10 -m 6243 ..\bachelors-thesis-main\hash-files\hashcat_ripemd160_aes-twofish-serpent_boot.tc ..\bachelors-thesis-main\dictionaries\English.dic ..\bachelors-thesis-main\dictionaries\English2.dic --machine-readable --status --status-timer=1 --quiet
