STATUS,SPEED,MILISECONDS,EXEC_RUNTIME,CURKU,PROGRESS,PROGRESS_ALL,RECHASH,RECHASH,RECSALT,RECSALT,TEMP,REJECTED,UTIL
3,224770,1000,6.258631,0,745472,101742498841,0,1,0,1,71,0,95
3,224740,1000,6.260596,0,974848,101742498841,0,1,0,1,72,0,95
3,221472,1000,6.937272,0,1175552,101742498841,0,1,0,1,67,0,96
3,215188,1000,7.709079,0,1376256,101742498841,0,1,0,1,65,0,96
3,210977,1000,7.845208,0,1548288,101742498841,0,1,0,1,64,0,96
3,207270,1000,7.788825,0,1748992,101742498841,0,1,0,1,64,0,96
3,204809,1000,7.840423,0,1921024,101742498841,0,1,0,1,64,0,96
11,202481,1000,7.786541,0,2121728,101742498841,0,1,0,1,64,0,96
11,202481,1000,7.786669,0,2121728,101742498841,0,1,0,1,64,0,96
err,
hashcat arguments,hashcat.exe -a 1 --runtime 10 -m 20012 ..\bachelors-thesis-main\hash-files\hashcat_serpent_aes.dc ..\bachelors-thesis-main\dictionaries\English.dic ..\bachelors-thesis-main\dictionaries\English2.dic --machine-readable --status --status-timer=1 --quiet
