STATUS,SPEED,MILISECONDS,EXEC_RUNTIME,CURKU,PROGRESS,PROGRESS_ALL,RECHASH,RECHASH,RECSALT,RECSALT,TEMP,REJECTED,UTIL
3,2753285359,1000,10.479469,0,9072279552,101742498841,0,1,0,1,65,0,95
3,2749851009,1000,10.610785,0,11861491712,101742498841,0,1,0,1,66,0,94
3,2774972328,1000,9.523665,0,14768144384,101742498841,0,1,0,1,66,0,94
6,2773258936,1000,9.591981,0,15061745664,101742498841,1,1,1,1,66,0,93
err,
hashcat arguments,hashcat.exe -a 1 --runtime 10 -m 170 b9798556b741befdbddcbf640d1dd59d19b1e193 ..\bachelors-thesis-main\dictionaries\English.dic ..\bachelors-thesis-main\dictionaries\English2.dic --machine-readable --status --status-timer=1 --quiet
