STATUS,SPEED,MILISECONDS,EXEC_RUNTIME,CURKU,PROGRESS,PROGRESS_ALL,RECHASH,RECHASH,RECSALT,RECSALT,TEMP,REJECTED,UTIL
3,164837,1000,6.792133,0,318971,101742498841,0,1,0,1,73,0,96
3,164888,1000,6.792262,0,637942,101742498841,0,1,0,1,72,0,95
3,164888,1000,7.217718,0,637942,101742498841,0,1,0,1,70,0,96
3,159778,1000,8.258074,0,956913,101742498841,0,1,0,1,65,0,96
3,159778,1000,8.384351,0,956913,101742498841,0,1,0,1,65,0,97
3,159778,1000,8.367996,0,956913,101742498841,0,1,0,1,64,0,99
3,152722,1000,8.375544,0,1275884,101742498841,0,1,0,1,65,0,96
11,152722,1000,8.386964,0,1275884,101742498841,0,1,0,1,65,0,98
11,152722,1000,8.386828,0,1275884,101742498841,0,1,0,1,65,0,98
err,
hashcat arguments,hashcat.exe -a 1 --runtime 10 -m 6212 ..\bachelors-thesis-main\hash-files\hashcat_ripemd160_serpent-aes.tc ..\bachelors-thesis-main\dictionaries\English.dic ..\bachelors-thesis-main\dictionaries\English2.dic --machine-readable --status --status-timer=1 --quiet
