STATUS,SPEED,MILISECONDS,EXEC_RUNTIME,CURKU,PROGRESS,PROGRESS_ALL,RECHASH,RECHASH,RECSALT,RECSALT,TEMP,REJECTED,UTIL
3,882,1000,47.896742,0,3584,101742498841,0,1,0,1,58,0,100
3,882,1000,47.864451,0,4480,101742498841,0,1,0,1,58,0,100
3,882,1000,47.847194,0,5376,101742498841,0,1,0,1,58,0,99
3,883,1000,47.823924,0,6272,101742498841,0,1,0,1,58,0,99
3,883,1000,47.746724,0,7168,101742498841,0,1,0,1,58,0,99
11,883,1000,47.741061,0,8064,101742498841,0,1,0,1,58,0,99
11,883,1000,47.740597,0,8064,101742498841,0,1,0,1,58,0,99
err,
hashcat arguments,hashcat.exe -a 1 --runtime 10 -m 28200 EXODUS:16384:8:1:IYkXZgFETRmFp4wQXyP8XMe3LtuOw8wMdLcBVQ+9YWE=:lq0W9ekN5sC0O7Xw:UD4a6mUUhkTbQtGWitXHZUg0pQ4RHI6W/KUyYE95m3k=:ZuNQckXOtr4r21x+DT1zpQ== ..\bachelors-thesis-main\dictionaries\English.dic ..\bachelors-thesis-main\dictionaries\English2.dic --machine-readable --status --status-timer=1 --quiet
