STATUS,SPEED,MILISECONDS,EXEC_RUNTIME,CURKU,PROGRESS,PROGRESS_ALL,RECHASH,RECHASH,RECSALT,RECSALT,TEMP,REJECTED,UTIL
3,386886,1000,7.576952,0,1261568,101742498841,0,1,0,1,66,0,96
3,386693,1000,7.566003,0,1662976,101742498841,0,1,0,1,66,0,96
3,386593,1000,7.571512,0,2064384,101742498841,0,1,0,1,67,0,96
3,386539,1000,7.565756,0,2465792,101742498841,0,1,0,1,67,0,96
3,386483,1000,7.576108,0,2867200,101742498841,0,1,0,1,67,0,96
3,386430,1000,7.564346,0,3268608,101742498841,0,1,0,1,67,0,96
11,386422,1000,7.565933,0,3612672,101742498841,0,1,0,1,67,0,96
11,386422,1000,7.565933,0,3612672,101742498841,0,1,0,1,67,0,96
err,
hashcat arguments,hashcat.exe -a 1 --runtime 10 -m 20011 ..\bachelors-thesis-main\hash-files\hashcat_aes.dc ..\bachelors-thesis-main\dictionaries\English.dic ..\bachelors-thesis-main\dictionaries\English2.dic --machine-readable --status --status-timer=1 --quiet
