STATUS,SPEED,MILISECONDS,EXEC_RUNTIME,CURKU,PROGRESS,PROGRESS_ALL,RECHASH,RECHASH,RECSALT,RECSALT,TEMP,REJECTED,UTIL
3,396019,1000,6.886868,0,1261568,101742498841,0,1,0,1,70,0,95
3,395707,1000,6.886619,0,1720320,101742498841,0,1,0,1,70,0,95
3,395576,1000,6.888281,0,2064384,101742498841,0,1,0,1,70,0,96
3,395492,1000,6.888414,0,2523136,101742498841,0,1,0,1,70,0,95
3,395490,1000,6.887846,0,2867200,101742498841,0,1,0,1,70,0,95
3,395333,1000,6.886218,0,3325952,101742498841,0,1,0,1,71,0,95
11,395272,1000,6.862845,0,3784704,101742498841,0,1,0,1,71,0,96
11,395272,1000,6.862845,0,3784704,101742498841,0,1,0,1,71,0,96
err,
hashcat arguments,hashcat.exe -a 1 --runtime 10 -m 24100 $mongodb-scram$*0*dXNlcg==*10000*4p+f1tKpK18hQqrVr0UGOw==*Jv9lrpUQ2bVg2ZkXvRm2rppsqNw= ..\bachelors-thesis-main\dictionaries\English.dic ..\bachelors-thesis-main\dictionaries\English2.dic --machine-readable --status --status-timer=1 --quiet
