STATUS,SPEED,MILISECONDS,EXEC_RUNTIME,CURKU,PROGRESS,PROGRESS_ALL,RECHASH,RECHASH,RECSALT,RECSALT,TEMP,REJECTED,UTIL
3,2030752802,1000,6.702281,0,6884950016,101742498841,0,1,0,1,70,0,92
3,2031394427,1000,6.702371,0,8969519104,101742498841,0,1,0,1,71,0,92
3,2032116821,1000,6.703179,0,11054088192,101742498841,0,1,0,1,70,0,92
3,2019152495,1000,7.043934,0,13065256960,101742498841,0,1,0,1,68,0,93
3,1998274973,1000,7.344770,0,14929625088,101742498841,0,1,0,1,67,0,93
6,1996536511,1000,7.345504,0,15061745664,101742498841,1,1,1,1,67,0,93
err,
hashcat arguments,hashcat.exe -a 1 --runtime 10 -m 1420 eb368a2dfd38b405f014118c7d9747fcc97f4f0ee75c05963cd9da6ee65ef498:560407001617 ..\bachelors-thesis-main\dictionaries\English.dic ..\bachelors-thesis-main\dictionaries\English2.dic --machine-readable --status --status-timer=1 --quiet
