STATUS,SPEED,MILISECONDS,EXEC_RUNTIME,CURKU,PROGRESS,PROGRESS_ALL,RECHASH,RECHASH,RECSALT,RECSALT,TEMP,REJECTED,UTIL
3,2596,1000,3.921486,0,0,101742498841,0,1,0,1,63,0,94
3,2578,1000,3.924123,0,0,101742498841,0,1,0,1,63,0,94
3,2566,1000,3.922669,0,0,101742498841,0,1,0,1,63,0,94
3,2559,1000,3.922572,0,0,101742498841,0,1,0,1,63,0,94
3,2553,1000,3.916947,0,0,101742498841,0,1,0,1,63,0,94
3,2549,1000,3.919145,0,0,101742498841,0,1,0,1,63,0,94
11,2546,1000,3.920365,0,0,101742498841,0,1,0,1,64,0,94
11,2546,1000,3.920493,0,0,101742498841,0,1,0,1,64,0,94
err,
hashcat arguments,hashcat.exe -a 1 --runtime 10 -m 13761 ..\bachelors-thesis-main\hash-files\hashcat_sha256_twofish_boot.vc ..\bachelors-thesis-main\dictionaries\English.dic ..\bachelors-thesis-main\dictionaries\English2.dic --machine-readable --status --status-timer=1 --quiet
