STATUS,SPEED,MILISECONDS,EXEC_RUNTIME,CURKU,PROGRESS,PROGRESS_ALL,RECHASH,RECHASH,RECSALT,RECSALT,TEMP,REJECTED,UTIL
3,3204850,1000,6.270176,0,10895360,101742498841,0,1,0,1,64,0,93
3,3207910,1000,6.333771,0,14106624,101742498841,0,1,0,1,64,0,93
3,3210588,1000,6.266322,0,17432576,101742498841,0,1,0,1,64,0,94
3,3213044,1000,6.267337,0,20758528,101742498841,0,1,0,1,64,0,94
3,3214215,1000,6.320362,0,24084480,101742498841,0,1,0,1,65,0,93
3,3214362,1000,6.250105,0,27410432,101742498841,0,1,0,1,64,0,93
3,3214325,1000,6.260159,0,30736384,101742498841,0,1,0,1,65,0,93
11,3215015,1000,6.268633,0,34062336,101742498841,0,1,0,1,65,0,93
11,3215015,1000,6.276249,0,34062336,101742498841,0,1,0,1,65,0,93
err,
hashcat arguments,hashcat.exe -a 1 --runtime 10 -m 6600 ..\bachelors-thesis-main\hash-files\hashcat.agilekeychain ..\bachelors-thesis-main\dictionaries\English.dic ..\bachelors-thesis-main\dictionaries\English2.dic --machine-readable --status --status-timer=1 --quiet
