STATUS,SPEED,MILISECONDS,EXEC_RUNTIME,CURKU,PROGRESS,PROGRESS_ALL,RECHASH,RECHASH,RECSALT,RECSALT,TEMP,REJECTED,UTIL
3,289459443,1000,12.109961,0,983564288,101742498841,0,1,0,1,62,0,95
3,289455860,1000,12.109321,0,1280835584,101742498841,0,1,0,1,62,0,95
3,289435938,1000,12.112148,0,1574436864,101742498841,0,1,0,1,63,0,95
3,289432384,1000,12.111972,0,1868038144,101742498841,0,1,0,1,63,0,95
3,289442101,1000,12.111588,0,2165309440,101742498841,0,1,0,1,63,0,95
3,289491518,1000,12.109457,0,2462580736,101742498841,0,1,0,1,63,0,95
11,289496147,1000,12.111674,0,2759852032,101742498841,0,1,0,1,63,0,95
11,289496147,1000,12.111762,0,2759852032,101742498841,0,1,0,1,63,0,95
err,
hashcat arguments,hashcat.exe -a 1 --runtime 10 -m 21000 caec04bdf7c17f763a9ec7439f7c9abda112f1bfc9b1bb684fef9b6142636979b9896cfc236896d821a69a961a143dd19c96d59777258201f1bbe5ecc2a2ecf5 ..\bachelors-thesis-main\dictionaries\English.dic ..\bachelors-thesis-main\dictionaries\English2.dic --machine-readable --status --status-timer=1 --quiet
