STATUS,SPEED,MILISECONDS,EXEC_RUNTIME,CURKU,PROGRESS,PROGRESS_ALL,RECHASH,RECHASH,RECSALT,RECSALT,TEMP,REJECTED,UTIL
3,131383,1000,10.820215,0,229376,101742498841,0,1,0,1,67,0,97
3,131189,1000,10.757463,0,458752,101742498841,0,1,0,1,67,0,97
3,131189,1000,10.755251,0,688128,101742498841,0,1,0,1,67,0,97
3,131189,1000,10.759738,0,688128,101742498841,0,1,0,1,67,0,97
3,131114,1000,10.764447,0,917504,101742498841,0,1,0,1,68,0,97
3,131114,1000,10.759846,0,917504,101742498841,0,1,0,1,68,0,97
3,131109,1000,10.752894,0,1146880,101742498841,0,1,0,1,68,0,97
11,131109,1000,10.809299,0,1146880,101742498841,0,1,0,1,68,0,97
11,131109,1000,10.809555,0,1146880,101742498841,0,1,0,1,68,0,97
err,
hashcat arguments,hashcat.exe -a 1 --runtime 10 -m 16900 $ansible$0*0*6b761adc6faeb0cc0bf197d3d4a4a7d3f1682e4b169cae8fa6b459b3214ed41e*426d313c5809d4a80a4b9bc7d4823070*d8bad190c7fbc7c3cb1c60a27abfb0ff59d6fb73178681c7454d94a0f56a4360 ..\bachelors-thesis-main\dictionaries\English.dic ..\bachelors-thesis-main\dictionaries\English2.dic --machine-readable --status --status-timer=1 --quiet
