STATUS,SPEED,MILISECONDS,EXEC_RUNTIME,CURKU,PROGRESS,PROGRESS_ALL,RECHASH,RECHASH,RECSALT,RECSALT,TEMP,REJECTED,UTIL
3,232,1000,3.010840,0,0,101742498841,0,1,0,1,62,0,90
3,233,1000,3.008316,0,0,101742498841,0,1,0,1,62,0,90
3,233,1000,3.011350,0,0,101742498841,0,1,0,1,62,0,91
3,233,1000,3.006290,0,0,101742498841,0,1,0,1,63,0,91
3,232,1000,3.017316,0,0,101742498841,0,1,0,1,63,0,91
3,233,1000,3.010876,0,0,101742498841,0,1,0,1,63,0,91
11,232,1000,3.050106,0,0,101742498841,0,1,0,1,63,0,100
11,232,1000,3.049938,0,0,101742498841,0,1,0,1,63,0,100
err,
hashcat arguments,hashcat.exe -a 1 --runtime 10 -m 13713 ..\bachelors-thesis-main\hash-files\hashcat_ripemd160_serpent-twofish-aes_13713.vc ..\bachelors-thesis-main\dictionaries\English.dic ..\bachelors-thesis-main\dictionaries\English2.dic --machine-readable --status --status-timer=1 --quiet
