STATUS,SPEED,MILISECONDS,EXEC_RUNTIME,CURKU,PROGRESS,PROGRESS_ALL,RECHASH,RECHASH,RECSALT,RECSALT,TEMP,REJECTED,UTIL
3,89491,1000,10.564911,0,229376,101742498841,0,1,0,1,67,0,97
3,89491,1000,10.617088,0,229376,101742498841,0,1,0,1,67,0,97
3,89341,1000,10.566975,0,458752,101742498841,0,1,0,1,68,0,96
3,89341,1000,10.566877,0,458752,101742498841,0,1,0,1,68,0,97
3,89341,1000,10.617680,0,458752,101742498841,0,1,0,1,68,0,97
3,89275,1000,10.567475,0,688128,101742498841,0,1,0,1,68,0,97
11,89275,1000,10.620367,0,688128,101742498841,0,1,0,1,68,0,97
11,89275,1000,10.620223,0,688128,101742498841,0,1,0,1,68,0,97
err,
hashcat arguments,hashcat.exe -a 1 --runtime 10 -m 24200 $mongodb-scram$*1*dXNlcg==*15000*qYaA1K1ZZSSpWfY+yqShlcTn0XVcrNipxiYCLQ==*QWVry9aTS/JW+y5CWCBr8lcEH9Kr/D4je60ncooPer8= ..\bachelors-thesis-main\dictionaries\English.dic ..\bachelors-thesis-main\dictionaries\English2.dic --machine-readable --status --status-timer=1 --quiet
