STATUS,SPEED,MILISECONDS,EXEC_RUNTIME,CURKU,PROGRESS,PROGRESS_ALL,RECHASH,RECHASH,RECSALT,RECSALT,TEMP,REJECTED,UTIL
3,34862,1000,5.975723,0,0,101742498841,0,1,0,1,70,0,96
3,34800,1000,6.104580,0,0,101742498841,0,1,0,1,70,0,96
3,35310,1000,5.784910,0,0,101742498841,0,1,0,1,68,0,95
3,35438,1000,5.875182,0,0,101742498841,0,1,0,1,68,0,95
3,35448,1000,5.876419,0,229376,101742498841,0,1,0,1,67,0,95
3,35448,1000,5.881698,0,229376,101742498841,0,1,0,1,67,0,95
11,35448,1000,6.281572,0,229376,101742498841,0,1,0,1,67,0,98
11,35448,1000,6.285212,0,229376,101742498841,0,1,0,1,67,0,98
err,
hashcat arguments,hashcat.exe -a 1 --runtime 10 -m 13000 $rar5$16$74575567518807622265582327032280$15$f8b4064de34ac02ecabfe9abdf93ed6a$8$9843834ed0f7c754 ..\bachelors-thesis-main\dictionaries\English.dic ..\bachelors-thesis-main\dictionaries\English2.dic --machine-readable --status --status-timer=1 --quiet
