STATUS,SPEED,MILISECONDS,EXEC_RUNTIME,CURKU,PROGRESS,PROGRESS_ALL,RECHASH,RECHASH,RECSALT,RECSALT,TEMP,REJECTED,UTIL
3,130441,1000,10.861481,0,344064,101742498841,0,1,0,1,66,0,97
3,130285,1000,10.862785,0,458752,101742498841,0,1,0,1,66,0,97
3,130150,1000,10.784616,0,688128,101742498841,0,1,0,1,67,0,97
3,130091,1000,10.784706,0,802816,101742498841,0,1,0,1,67,0,97
3,130057,1000,10.785705,0,917504,101742498841,0,1,0,1,67,0,97
3,130025,1000,10.859290,0,1032192,101742498841,0,1,0,1,67,0,97
11,130002,1000,10.858537,0,1146880,101742498841,0,1,0,1,67,0,97
11,130002,1000,10.858489,0,1146880,101742498841,0,1,0,1,67,0,97
err,
hashcat arguments,hashcat.exe -a 1 --runtime 10 -m 26100 $mozilla$*AES*5add91733b9b13310ea79a4b38de5c3f797c3bf1*54c17e2a8a066cbdc55f2080c5e9f02ea3954d712cb34b4547f5186548f46512*10000*040e4b5a00f993e63f67a34f6cfc5704*eae9c6c003e6d1b2aa8aa21630838808 ..\bachelors-thesis-main\dictionaries\English.dic ..\bachelors-thesis-main\dictionaries\English2.dic --machine-readable --status --status-timer=1 --quiet
