STATUS,SPEED,MILISECONDS,EXEC_RUNTIME,CURKU,PROGRESS,PROGRESS_ALL,RECHASH,RECHASH,RECSALT,RECSALT,TEMP,REJECTED,UTIL
3,468818,1000,7.215138,0,1548288,101742498841,0,1,0,1,68,0,95
3,468616,1000,7.212922,0,2007040,101742498841,0,1,0,1,69,0,95
3,468460,1000,7.212557,0,2523136,101742498841,0,1,0,1,69,0,95
3,468362,1000,7.212849,0,2981888,101742498841,0,1,0,1,69,0,95
3,468256,1000,7.214888,0,3497984,101742498841,0,1,0,1,69,0,95
3,468301,1000,7.213993,0,3956736,101742498841,0,1,0,1,69,0,95
11,468256,1000,7.213184,0,4415488,101742498841,0,1,0,1,70,0,95
11,468256,1000,7.213128,0,4415488,101742498841,0,1,0,1,70,0,95
err,
hashcat arguments,hashcat.exe -a 1 --runtime 10 -m 19900 $krb5pa$18$hashcat$HASHCATDOMAIN.COM$96c289009b05181bfd32062962740b1b1ce5f74eb12e0266cde74e81094661addab08c0c1a178882c91a0ed89ae4e0e68d2820b9cce69770 ..\bachelors-thesis-main\dictionaries\English.dic ..\bachelors-thesis-main\dictionaries\English2.dic --machine-readable --status --status-timer=1 --quiet
