STATUS,SPEED,MILISECONDS,EXEC_RUNTIME,CURKU,PROGRESS,PROGRESS_ALL,RECHASH,RECHASH,RECSALT,RECSALT,TEMP,REJECTED,UTIL
3,455623143,1000,15.585586,0,1541406720,101742498841,0,1,0,1,64,0,96
3,455635955,1000,15.559400,0,2011168768,101742498841,0,1,0,1,65,0,96
3,455379572,1000,15.581579,0,2473590784,101742498841,0,1,0,1,64,0,95
3,453016179,1000,15.854919,0,2928672768,101742498841,0,1,0,1,63,0,96
3,448490298,1000,16.468402,0,3361734656,101742498841,0,1,0,1,62,0,97
3,445176484,1000,16.896535,0,3787456512,101742498841,0,1,0,1,62,0,96
11,442567643,1000,16.881325,0,4227858432,101742498841,0,1,0,1,62,0,96
11,442567643,1000,16.880685,0,4227858432,101742498841,0,1,0,1,62,0,96
err,
hashcat arguments,hashcat.exe -a 1 --runtime 10 -m 600 $BLAKE2$296c269e70ac5f0095e6fb47693480f0f7b97ccd0307f5c3bfa4df8f5ca5c9308a0e7108e80a0a9c0ebb715e8b7109b072046c6cd5e155b4cfd2f27216283b1e ..\bachelors-thesis-main\dictionaries\English.dic ..\bachelors-thesis-main\dictionaries\English2.dic --machine-readable --status --status-timer=1 --quiet
