STATUS,SPEED,MILISECONDS,EXEC_RUNTIME,CURKU,PROGRESS,PROGRESS_ALL,RECHASH,RECHASH,RECSALT,RECSALT,TEMP,REJECTED,UTIL
3,708,1000,4.135870,0,0,101742498841,0,1,0,1,61,0,95
3,709,1000,4.111878,0,0,101742498841,0,1,0,1,62,0,94
3,709,1000,4.107379,0,0,101742498841,0,1,0,1,62,0,95
3,710,1000,4.114996,0,0,101742498841,0,1,0,1,62,0,95
3,709,1000,4.139962,0,0,101742498841,0,1,0,1,62,0,94
3,709,1000,4.138073,0,0,101742498841,0,1,0,1,62,0,94
3,709,1000,4.127490,0,0,101742498841,0,1,0,1,62,0,94
11,709,1000,4.132788,0,0,101742498841,0,1,0,1,62,0,94
11,709,1000,4.133212,0,0,101742498841,0,1,0,1,62,0,94
err,
hashcat arguments,hashcat.exe -a 1 --runtime 10 -m 13711 ..\bachelors-thesis-main\hash-files\hashcat_ripemd160_aes_13711.vc ..\bachelors-thesis-main\dictionaries\English.dic ..\bachelors-thesis-main\dictionaries\English2.dic --machine-readable --status --status-timer=1 --quiet
