STATUS,SPEED,MILISECONDS,EXEC_RUNTIME,CURKU,PROGRESS,PROGRESS_ALL,RECHASH,RECHASH,RECSALT,RECSALT,TEMP,REJECTED,UTIL
3,144,1000,11.418413,0,0,101742498841,0,1,0,1,85,0,97
3,144,1000,11.279156,0,0,101742498841,0,1,0,1,84,0,98
3,143,1000,11.553371,0,0,101742498841,0,1,0,1,83,0,97
3,144,1000,11.389186,0,0,101742498841,0,1,0,1,84,0,97
3,143,1000,11.462212,0,0,101742498841,0,1,0,1,83,0,98
3,143,1000,11.381894,0,0,101742498841,0,1,0,1,84,0,97
11,143,1000,11.507178,0,0,101742498841,0,1,0,1,83,0,97
11,143,1000,11.482378,0,0,101742498841,0,1,0,1,83,0,97
err,
hashcat arguments,hashcat.exe -a 1 --runtime 10 -m 14800 $itunes_backup$*10*8b715f516ff8e64442c478c2d9abb046fc6979ab079007d3dbcef3ddd84217f4c3db01362d88fa68*10000*2353363784073608264337337723324886300850*10000000*425b4bb4e200b5fd4c66979c9caca31716052063 ..\bachelors-thesis-main\dictionaries\English.dic ..\bachelors-thesis-main\dictionaries\English2.dic --machine-readable --status --status-timer=1 --quiet
