STATUS,SPEED,MILISECONDS,EXEC_RUNTIME,CURKU,PROGRESS,PROGRESS_ALL,RECHASH,RECHASH,RECSALT,RECSALT,TEMP,REJECTED,UTIL
3,997,1000,3.812598,0,0,101742498841,0,1,0,1,62,0,94
3,998,1000,3.810588,0,0,101742498841,0,1,0,1,62,0,94
3,998,1000,3.822025,0,0,101742498841,0,1,0,1,63,0,94
3,997,1000,3.854080,0,0,101742498841,0,1,0,1,63,0,94
3,997,1000,3.852967,0,0,101742498841,0,1,0,1,63,0,94
3,996,1000,3.851572,0,0,101742498841,0,1,0,1,63,0,94
11,995,1000,3.852652,0,0,101742498841,0,1,0,1,63,0,94
11,995,1000,3.852747,0,0,101742498841,0,1,0,1,63,0,94
err,
hashcat arguments,hashcat.exe -a 1 --runtime 10 -m 13751 ..\bachelors-thesis-main\hash-files\hashcat_sha256_aes_13751.vc ..\bachelors-thesis-main\dictionaries\English.dic ..\bachelors-thesis-main\dictionaries\English2.dic --machine-readable --status --status-timer=1 --quiet
