STATUS,SPEED,MILISECONDS,EXEC_RUNTIME,CURKU,PROGRESS,PROGRESS_ALL,RECHASH,RECHASH,RECSALT,RECSALT,TEMP,REJECTED,UTIL
3,51854578,1000,8.321688,0,177078272,101742498841,0,1,0,1,56,0,93
3,51880437,1000,8.316887,0,229834752,101742498841,0,1,0,1,56,0,93
3,51872305,1000,8.325392,0,283049984,101742498841,0,1,0,1,56,0,93
3,51882615,1000,8.320497,0,335806464,101742498841,0,1,0,1,56,0,93
3,51887003,1000,8.318860,0,388562944,101742498841,0,1,0,1,56,0,93
3,51893879,1000,8.307835,0,442236928,101742498841,0,1,0,1,56,0,93
3,51910453,1000,8.290929,0,495452160,101742498841,0,1,0,1,56,0,93
11,51905190,1000,8.310894,0,548667392,101742498841,0,1,0,1,56,0,93
11,51905190,1000,8.311054,0,548667392,101742498841,0,1,0,1,56,0,92
err,
hashcat arguments,hashcat.exe -a 1 --runtime 10 -m 5400 ..\bachelors-thesis-main\hash-files\hashcat.ikesha1 ..\bachelors-thesis-main\dictionaries\English.dic ..\bachelors-thesis-main\dictionaries\English2.dic --machine-readable --status --status-timer=1 --quiet
