STATUS,SPEED,MILISECONDS,EXEC_RUNTIME,CURKU,PROGRESS,PROGRESS_ALL,RECHASH,RECHASH,RECSALT,RECSALT,TEMP,REJECTED,UTIL
3,83937,1000,8.791595,0,229376,101742498841,0,1,0,1,82,0,97
3,82772,1000,8.651199,0,344064,101742498841,0,1,0,1,85,0,96
3,82772,1000,8.727428,0,344064,101742498841,0,1,0,1,83,0,96
3,82270,1000,8.726042,0,458752,101742498841,0,1,0,1,84,0,96
3,82005,1000,8.712026,0,573440,101742498841,0,1,0,1,84,0,97
3,81665,1000,8.785014,0,688128,101742498841,0,1,0,1,84,0,97
11,81665,1000,8.795400,0,688128,101742498841,0,1,0,1,83,0,97
11,81665,1000,8.796952,0,688128,101742498841,0,1,0,1,83,0,97
err,
hashcat arguments,hashcat.exe -a 1 --runtime 10 -m 16200 $ASN$*1*20000*80771171105233481004850004085037*d04b17af7f6b184346aad3efefe8bec0987ee73418291a41 ..\bachelors-thesis-main\dictionaries\English.dic ..\bachelors-thesis-main\dictionaries\English2.dic --machine-readable --status --status-timer=1 --quiet
