STATUS,SPEED,MILISECONDS,EXEC_RUNTIME,CURKU,PROGRESS,PROGRESS_ALL,RECHASH,RECHASH,RECSALT,RECSALT,TEMP,REJECTED,UTIL
3,879,1000,48.083129,0,3584,101742498841,0,1,0,1,58,0,100
3,880,1000,48.038953,0,4480,101742498841,0,1,0,1,59,0,100
3,881,1000,47.974823,0,5376,101742498841,0,1,0,1,58,0,99
3,881,1000,47.947637,0,6272,101742498841,0,1,0,1,58,0,99
3,881,1000,47.849692,0,7168,101742498841,0,1,0,1,58,0,99
11,882,1000,47.855228,0,8064,101742498841,0,1,0,1,58,0,99
11,882,1000,47.857700,0,8064,101742498841,0,1,0,1,58,0,99
err,
hashcat arguments,hashcat.exe -a 1 --runtime 10 -m 22700 $multibit$2*2e311aa2cc5ec99f7073cacc8a2d1938*e3ad782e7f92d66a3cdfaec43a46be29*5d1cabd4f4a50ba125f88c47027fff9b ..\bachelors-thesis-main\dictionaries\English.dic ..\bachelors-thesis-main\dictionaries\English2.dic --machine-readable --status --status-timer=1 --quiet
