STATUS,SPEED,MILISECONDS,EXEC_RUNTIME,CURKU,PROGRESS,PROGRESS_ALL,RECHASH,RECHASH,RECSALT,RECSALT,TEMP,REJECTED,UTIL
3,599496541,1000,11.673004,0,2033188864,101742498841,0,1,0,1,66,0,95
3,599305603,1000,11.679328,0,2642411520,101742498841,0,1,0,1,66,0,95
3,599374969,1000,11.677149,0,3258974208,101742498841,0,1,0,1,66,0,95
3,591340982,1000,12.372522,0,3816816640,101742498841,0,1,0,1,64,0,96
3,585329043,1000,12.846926,0,4367319040,101742498841,0,1,0,1,63,0,95
3,580850880,1000,12.848426,0,4925161472,101742498841,0,1,0,1,63,0,95
11,577345090,1000,12.851432,0,5475663872,101742498841,0,1,0,1,63,0,95
11,577345090,1000,12.851432,0,5475663872,101742498841,0,1,0,1,63,0,95
err,
hashcat arguments,hashcat.exe -a 1 --runtime 10 -m 10200 $cram_md5$PG5vLXJlcGx5QGhhc2hjYXQubmV0Pg==$dXNlciA0NGVhZmQyMmZlNzY2NzBmNmIyODc5MDgxYTdmNWY3MQ== ..\bachelors-thesis-main\dictionaries\English.dic ..\bachelors-thesis-main\dictionaries\English2.dic --machine-readable --status --status-timer=1 --quiet
