STATUS,SPEED,MILISECONDS,EXEC_RUNTIME,CURKU,PROGRESS,PROGRESS_ALL,RECHASH,RECHASH,RECSALT,RECSALT,TEMP,REJECTED,UTIL
3,119423,1000,3.437871,0,482944,101742498841,0,1,0,1,59,0,85
3,119803,1000,3.437897,0,605696,101742498841,0,1,0,1,59,0,86
3,120091,1000,3.445785,0,729344,101742498841,0,1,0,1,59,0,86
3,120029,1000,3.506853,0,851200,101742498841,0,1,0,1,59,0,86
3,119289,1000,3.677677,0,966784,101742498841,0,1,0,1,58,0,86
3,118727,1000,3.678204,0,1082368,101742498841,0,1,0,1,58,0,86
11,118292,1000,3.678096,0,1198848,101742498841,0,1,0,1,58,0,86
11,118292,1000,3.678088,0,1198848,101742498841,0,1,0,1,58,0,86
err,
hashcat arguments,hashcat.exe -a 1 --runtime 10 -m 8900 SCRYPT:1024:1:1:MDIwMzMwNTQwNDQyNQ==:5FW+zWivLxgCWj7qLiQbeC8zaNQ+qdO0NUinvqyFcfo= ..\bachelors-thesis-main\dictionaries\English.dic ..\bachelors-thesis-main\dictionaries\English2.dic --machine-readable --status --status-timer=1 --quiet
