STATUS,SPEED,MILISECONDS,EXEC_RUNTIME,CURKU,PROGRESS,PROGRESS_ALL,RECHASH,RECHASH,RECSALT,RECSALT,TEMP,REJECTED,UTIL
3,840978,1000,6.284574,0,2752512,101742498841,0,1,0,1,75,0,95
3,841067,1000,6.310952,0,3555328,101742498841,0,1,0,1,76,0,95
3,840884,1000,6.285124,0,4472832,101742498841,0,1,0,1,76,0,95
3,831813,1000,6.848424,0,5275648,101742498841,0,1,0,1,72,0,95
3,823612,1000,6.889946,0,6078464,101742498841,0,1,0,1,71,0,95
3,817458,1000,6.862333,0,6881280,101742498841,0,1,0,1,71,0,95
11,812667,1000,6.862032,0,7684096,101742498841,0,1,0,1,72,0,95
11,812667,1000,6.862032,0,7684096,101742498841,0,1,0,1,72,0,95
err,
hashcat arguments,hashcat.exe -a 1 --runtime 10 -m 9100 (HsjFebq0Kh9kH7aAZYc7kY30mC30mC3KmC30mCluagXrvWKj1) ..\bachelors-thesis-main\dictionaries\English.dic ..\bachelors-thesis-main\dictionaries\English2.dic --machine-readable --status --status-timer=1 --quiet
