STATUS,SPEED,MILISECONDS,EXEC_RUNTIME,CURKU,PROGRESS,PROGRESS_ALL,RECHASH,RECHASH,RECSALT,RECSALT,TEMP,REJECTED,UTIL
3,121224,1000,6.504412,0,229376,101742498841,0,1,0,1,74,0,96
3,121443,1000,6.487485,0,458752,101742498841,0,1,0,1,74,0,95
3,121443,1000,6.727287,0,458752,101742498841,0,1,0,1,72,0,96
3,119252,1000,7.769379,0,688128,101742498841,0,1,0,1,67,0,96
3,119252,1000,8.033251,0,688128,101742498841,0,1,0,1,66,0,96
3,113564,1000,8.045562,0,917504,101742498841,0,1,0,1,65,0,96
3,113564,1000,8.042620,0,917504,101742498841,0,1,0,1,66,0,96
11,110371,1000,8.036367,0,1146880,101742498841,0,1,0,1,63,0,98
11,110371,1000,8.036567,0,1146880,101742498841,0,1,0,1,63,0,99
err,
hashcat arguments,hashcat.exe -a 1 --runtime 10 -m 6213 ..\bachelors-thesis-main\hash-files\hashcat_ripemd160_serpent-twofish-aes.tc ..\bachelors-thesis-main\dictionaries\English.dic ..\bachelors-thesis-main\dictionaries\English2.dic --machine-readable --status --status-timer=1 --quiet
