STATUS,SPEED,MILISECONDS,EXEC_RUNTIME,CURKU,PROGRESS,PROGRESS_ALL,RECHASH,RECHASH,RECSALT,RECSALT,TEMP,REJECTED,UTIL
3,20554,1000,7.941645,0,57344,101742498841,0,1,0,1,62,0,96
3,20554,1000,7.968756,0,57344,101742498841,0,1,0,1,62,0,96
3,20554,1000,9.103679,0,57344,101742498841,0,1,0,1,59,0,97
3,19893,1000,9.795966,0,114688,101742498841,0,1,0,1,58,0,97
3,19893,1000,9.802204,0,114688,101742498841,0,1,0,1,58,0,97
3,19893,1000,9.804738,0,114688,101742498841,0,1,0,1,58,0,97
11,18723,1000,9.804060,0,172032,101742498841,0,1,0,1,58,0,96
11,18723,1000,9.804060,0,172032,101742498841,0,1,0,1,58,0,96
err,
hashcat arguments,hashcat.exe -a 1 --runtime 10 -m 6232 ..\bachelors-thesis-main\hash-files\hashcat_whirlpool_aes-twofish.tc ..\bachelors-thesis-main\dictionaries\English.dic ..\bachelors-thesis-main\dictionaries\English2.dic --machine-readable --status --status-timer=1 --quiet
