STATUS,SPEED,MILISECONDS,EXEC_RUNTIME,CURKU,PROGRESS,PROGRESS_ALL,RECHASH,RECHASH,RECSALT,RECSALT,TEMP,REJECTED,UTIL
3,1111673,1000,24.035255,0,3612672,101742498841,0,1,0,1,64,0,96
3,1108662,1000,24.276388,0,4759552,101742498841,0,1,0,1,64,0,96
3,1106035,1000,24.344158,0,5877760,101742498841,0,1,0,1,65,0,97
3,1105127,1000,24.334277,0,7024640,101742498841,0,1,0,1,65,0,96
3,1104125,1000,24.334975,0,8171520,101742498841,0,1,0,1,65,0,97
3,1103138,1000,24.339826,0,9318400,101742498841,0,1,0,1,65,0,96
11,1103439,1000,24.290182,0,10465280,101742498841,0,1,0,1,65,0,96
11,1103439,1000,24.290870,0,10465280,101742498841,0,1,0,1,65,0,90
err,
hashcat arguments,hashcat.exe -a 1 --runtime 10 -m 23900 $bcve$3$08$234b8182cee7098b$35c12ef76a1e88175c4c222da3558310a0075bc7a06ecf46746d149c02a81fb8a97637d1103d2e13ddd5deaf982889594b18c12d7ca18a54875c5da4a47f90ae615ab94b8e3ed9e3c793d872a1b5ac35cfdb66c221d6d0853e9ff2e0f4435b43 ..\bachelors-thesis-main\dictionaries\English.dic ..\bachelors-thesis-main\dictionaries\English2.dic --machine-readable --status --status-timer=1 --quiet
