STATUS,SPEED,MILISECONDS,EXEC_RUNTIME,CURKU,PROGRESS,PROGRESS_ALL,RECHASH,RECHASH,RECSALT,RECSALT,TEMP,REJECTED,UTIL
3,751913989,1000,9.246142,0,2510290944,101742498841,0,1,0,1,69,0,95
3,752041833,1000,9.257161,0,3273654272,101742498841,0,1,0,1,69,0,95
3,751722024,1000,9.258222,0,4044357632,101742498841,0,1,0,1,69,0,95
3,741039698,1000,9.957543,0,4741660672,101742498841,0,1,0,1,66,0,95
3,733834427,1000,10.163610,0,5446303744,101742498841,0,1,0,1,66,0,95
3,728256129,1000,10.157160,0,6143606784,101742498841,0,1,0,1,65,0,95
11,723851156,1000,10.156175,0,6840909824,101742498841,0,1,0,1,65,0,95
11,723851156,1000,10.156167,0,6840909824,101742498841,0,1,0,1,65,0,88
err,
hashcat arguments,hashcat.exe -a 1 --runtime 10 -m 1700 82a9dda829eb7f8ffe9fbe49e45d47d2dad9664fbb7adf72492e3c81ebd3e29134d9bc12212bf83c6840f10e8246b9db54a4859b7ccd0123d86e5872c1e5082f ..\bachelors-thesis-main\dictionaries\English.dic ..\bachelors-thesis-main\dictionaries\English2.dic --machine-readable --status --status-timer=1 --quiet
