STATUS,SPEED,MILISECONDS,EXEC_RUNTIME,CURKU,PROGRESS,PROGRESS_ALL,RECHASH,RECHASH,RECSALT,RECSALT,TEMP,REJECTED,UTIL
3,852,1000,5.897253,0,0,101742498841,0,1,0,1,63,0,96
3,851,1000,5.907731,0,0,101742498841,0,1,0,1,63,0,96
3,852,1000,5.905916,0,0,101742498841,0,1,0,1,63,0,96
3,852,1000,5.907344,0,0,101742498841,0,1,0,1,63,0,96
3,852,1000,5.905021,0,0,101742498841,0,1,0,1,64,0,96
3,852,1000,5.877651,0,0,101742498841,0,1,0,1,63,0,96
11,852,1000,5.900233,0,0,101742498841,0,1,0,1,64,0,96
11,852,1000,5.900097,0,0,101742498841,0,1,0,1,64,0,99
err,
hashcat arguments,hashcat.exe -a 1 --runtime 10 -m 13763 ..\bachelors-thesis-main\hash-files\hashcat_sha256_serpent-twofish-aes_boot.vc ..\bachelors-thesis-main\dictionaries\English.dic ..\bachelors-thesis-main\dictionaries\English2.dic --machine-readable --status --status-timer=1 --quiet
