STATUS,SPEED,MILISECONDS,EXEC_RUNTIME,CURKU,PROGRESS,PROGRESS_ALL,RECHASH,RECHASH,RECSALT,RECSALT,TEMP,REJECTED,UTIL
3,143485,1000,9.549578,0,229376,101742498841,0,1,0,1,70,0,98
3,143627,1000,9.559744,0,458752,101742498841,0,1,0,1,72,0,96
3,143633,1000,9.566641,0,688128,101742498841,0,1,0,1,71,0,97
3,143633,1000,10.425354,0,688128,101742498841,0,1,0,1,67,0,97
3,140060,1000,11.568922,0,917504,101742498841,0,1,0,1,65,0,97
3,140060,1000,11.874522,0,917504,101742498841,0,1,0,1,65,0,100
11,134651,1000,11.878436,0,1146880,101742498841,0,1,0,1,64,0,97
11,134651,1000,11.878356,0,1146880,101742498841,0,1,0,1,64,0,99
err,
hashcat arguments,hashcat.exe -a 1 --runtime 10 -m 6223 ..\bachelors-thesis-main\hash-files\hashcat_sha512_serpent-twofish-aes.tc ..\bachelors-thesis-main\dictionaries\English.dic ..\bachelors-thesis-main\dictionaries\English2.dic --machine-readable --status --status-timer=1 --quiet
