STATUS,SPEED,MILISECONDS,EXEC_RUNTIME,CURKU,PROGRESS,PROGRESS_ALL,RECHASH,RECHASH,RECSALT,RECSALT,TEMP,REJECTED,UTIL
3,429841,1000,13.078322,0,1376256,101742498841,0,1,0,1,83,0,97
3,424174,1000,13.498986,0,1720320,101742498841,0,1,0,1,77,0,99
3,416172,1000,14.127216,0,2179072,101742498841,0,1,0,1,77,0,98
3,409994,1000,14.301533,0,2523136,101742498841,0,1,0,1,76,0,98
7,418558,1000,12.811417,0,3096576,101742498841,0,1,0,1,91,0,98
7,418558,1000,12.765417,0,3096576,101742498841,0,1,0,1,91,0,95
err,
hashcat arguments,hashcat.exe -a 1 --runtime 10 -m 2100 $DCC2$10240#tom#e4e938d12fe5974dc42a90120bd9c90f ..\bachelors-thesis-main\dictionaries\English.dic ..\bachelors-thesis-main\dictionaries\English2.dic --machine-readable --status --status-timer=1 --quiet
