STATUS,SPEED,MILISECONDS,EXEC_RUNTIME,CURKU,PROGRESS,PROGRESS_ALL,RECHASH,RECHASH,RECSALT,RECSALT,TEMP,REJECTED,UTIL
3,20589,1000,7.936214,0,57344,101742498841,0,1,0,1,64,0,96
3,20589,1000,8.874454,0,57344,101742498841,0,1,0,1,61,0,97
3,20589,1000,9.817129,0,57344,101742498841,0,1,0,1,60,0,97
3,19283,1000,9.813830,0,114688,101742498841,0,1,0,1,60,0,97
3,19283,1000,9.809867,0,114688,101742498841,0,1,0,1,60,0,97
3,19283,1000,9.807857,0,114688,101742498841,0,1,0,1,60,0,96
11,18353,1000,9.807387,0,172032,101742498841,0,1,0,1,60,0,97
11,18353,1000,9.807387,0,172032,101742498841,0,1,0,1,60,0,97
err,
hashcat arguments,hashcat.exe -a 1 --runtime 10 -m 6232 ..\bachelors-thesis-main\hash-files\hashcat_whirlpool_serpent-aes.tc ..\bachelors-thesis-main\dictionaries\English.dic ..\bachelors-thesis-main\dictionaries\English2.dic --machine-readable --status --status-timer=1 --quiet
