STATUS,SPEED,MILISECONDS,EXEC_RUNTIME,CURKU,PROGRESS,PROGRESS_ALL,RECHASH,RECHASH,RECSALT,RECSALT,TEMP,REJECTED,UTIL
3,492,1000,3.027014,0,0,101742498841,0,1,0,1,62,0,93
3,492,1000,3.003610,0,0,101742498841,0,1,0,1,62,0,93
3,492,1000,3.016621,0,0,101742498841,0,1,0,1,63,0,92
3,493,1000,3.002828,0,0,101742498841,0,1,0,1,63,0,93
3,493,1000,3.005108,0,0,101742498841,0,1,0,1,63,0,93
3,493,1000,2.985834,0,0,101742498841,0,1,0,1,63,0,93
11,493,1000,2.996783,0,0,101742498841,0,1,0,1,63,0,93
11,493,1000,2.996999,0,0,101742498841,0,1,0,1,63,0,96
err,
hashcat arguments,hashcat.exe -a 1 --runtime 10 -m 13743 ..\bachelors-thesis-main\hash-files\hashcat_ripemd160_aes-twofish-serpent_boot.vc ..\bachelors-thesis-main\dictionaries\English.dic ..\bachelors-thesis-main\dictionaries\English2.dic --machine-readable --status --status-timer=1 --quiet
