STATUS,SPEED,MILISECONDS,EXEC_RUNTIME,CURKU,PROGRESS,PROGRESS_ALL,RECHASH,RECHASH,RECSALT,RECSALT,TEMP,REJECTED,UTIL
3,177,1000,7.075333,0,0,101742498841,0,1,0,1,56,0,95
3,177,1000,7.080497,0,672,101742498841,0,1,0,1,56,0,96
3,177,1000,7.076138,0,672,101742498841,0,1,0,1,56,0,96
3,177,1000,7.076081,0,672,101742498841,0,1,0,1,56,0,96
3,177,1000,7.076235,0,1344,101742498841,0,1,0,1,56,0,95
3,177,1000,7.075914,0,1344,101742498841,0,1,0,1,56,0,95
3,177,1000,7.075606,0,1344,101742498841,0,1,0,1,56,0,96
11,177,1000,7.075836,0,1344,101742498841,0,1,0,1,56,0,96
11,177,1000,7.075836,0,1344,101742498841,0,1,0,1,56,0,96
err,
hashcat arguments,hashcat.exe -a 1 --runtime 10 -m 28400 $2a$12$KhivLhCuLhSyMBOxLxCyLu78x4z2X/EJdZNfS3Gy36fvRt56P2jbS ..\bachelors-thesis-main\dictionaries\English.dic ..\bachelors-thesis-main\dictionaries\English2.dic --machine-readable --status --status-timer=1 --quiet
