STATUS,SPEED,MILISECONDS,EXEC_RUNTIME,CURKU,PROGRESS,PROGRESS_ALL,RECHASH,RECHASH,RECSALT,RECSALT,TEMP,REJECTED,UTIL
3,21239,1000,6.529382,0,57344,101742498841,0,1,0,1,72,0,95
3,21244,1000,6.528899,0,86016,101742498841,0,1,0,1,73,0,95
3,21244,1000,7.063905,0,86016,101742498841,0,1,0,1,69,0,96
3,20976,1000,7.141511,0,114688,101742498841,0,1,0,1,69,0,96
3,20670,1000,7.140849,0,143360,101742498841,0,1,0,1,69,0,95
3,20470,1000,7.142889,0,172032,101742498841,0,1,0,1,69,0,96
11,20470,1000,7.180365,0,172032,101742498841,0,1,0,1,69,0,96
11,20470,1000,7.180365,0,172032,101742498841,0,1,0,1,69,0,96
err,
hashcat arguments,hashcat.exe -a 1 --runtime 10 -m 20200 $pbkdf2-sha512$25000$LyWE0HrP2RsjZCxlDGFMKQ$1vC5Ohk2mCS9b6akqsEfgeb4l74SF8XjH.SljXf3dMLHdlY1GK9ojcCKts6/asR4aPqBmk74nCDddU3tvSCJvw ..\bachelors-thesis-main\dictionaries\English.dic ..\bachelors-thesis-main\dictionaries\English2.dic --machine-readable --status --status-timer=1 --quiet
