STATUS,SPEED,MILISECONDS,EXEC_RUNTIME,CURKU,PROGRESS,PROGRESS_ALL,RECHASH,RECHASH,RECSALT,RECSALT,TEMP,REJECTED,UTIL
3,119041093,1000,7.191181,0,400949248,101742498841,0,1,0,1,62,0,92
3,119096557,1000,7.182466,0,522977280,101742498841,0,1,0,1,62,0,93
3,119002002,1000,7.209573,0,645005312,101742498841,0,1,0,1,61,0,93
3,118214726,1000,7.514334,0,761528320,101742498841,0,1,0,1,60,0,93
3,117646448,1000,7.511162,0,876216320,101742498841,0,1,0,1,60,0,92
3,117180055,1000,7.547279,0,992739328,101742498841,0,1,0,1,60,0,93
11,116813274,1000,7.550917,0,1109262336,101742498841,0,1,0,1,60,0,92
11,116813274,1000,7.552669,0,1109262336,101742498841,0,1,0,1,60,0,92
err,
hashcat arguments,hashcat.exe -a 1 --runtime 10 -m 8300 7b5n74kq8r441blc2c5qbbat19baj79r:.lvdsiqfj.net:33164473:1 ..\bachelors-thesis-main\dictionaries\English.dic ..\bachelors-thesis-main\dictionaries\English2.dic --machine-readable --status --status-timer=1 --quiet
