STATUS,SPEED,MILISECONDS,EXEC_RUNTIME,CURKU,PROGRESS,PROGRESS_ALL,RECHASH,RECHASH,RECSALT,RECSALT,TEMP,REJECTED,UTIL
3,164762,1000,6.799329,0,318971,101742498841,0,1,0,1,73,0,95
3,164791,1000,6.777999,0,637942,101742498841,0,1,0,1,72,0,95
3,164791,1000,6.794190,0,637942,101742498841,0,1,0,1,74,0,95
3,163847,1000,7.592957,0,956913,101742498841,0,1,0,1,67,0,97
3,163847,1000,8.393601,0,956913,101742498841,0,1,0,1,66,0,97
3,155711,1000,8.388890,0,1275884,101742498841,0,1,0,1,64,0,97
11,155711,1000,8.386849,0,1275884,101742498841,0,1,0,1,65,0,96
11,155711,1000,8.386961,0,1275884,101742498841,0,1,0,1,65,0,97
err,
hashcat arguments,hashcat.exe -a 1 --runtime 10 -m 6212 ..\bachelors-thesis-main\hash-files\hashcat_ripemd160_aes-twofish.tc ..\bachelors-thesis-main\dictionaries\English.dic ..\bachelors-thesis-main\dictionaries\English2.dic --machine-readable --status --status-timer=1 --quiet
