STATUS,SPEED,MILISECONDS,EXEC_RUNTIME,CURKU,PROGRESS,PROGRESS_ALL,RECHASH,RECHASH,RECSALT,RECSALT,TEMP,REJECTED,UTIL
3,915998818,1000,7.449569,0,3163553792,101742498841,0,1,0,1,64,0,92
3,916241197,1000,7.452032,0,4103077888,101742498841,0,1,0,1,64,0,92
3,915958137,1000,7.465809,0,5035261952,101742498841,0,1,0,1,64,0,93
3,915139218,1000,7.500341,0,5960105984,101742498841,0,1,0,1,64,0,93
3,913667012,1000,7.564478,0,6884950016,101742498841,0,1,0,1,64,0,93
3,912407690,1000,7.568005,0,7809794048,101742498841,0,1,0,1,64,0,92
11,911455478,1000,7.565291,0,8734638080,101742498841,0,1,0,1,64,0,92
11,911455478,1000,7.565747,0,8734638080,101742498841,0,1,0,1,64,0,92
err,
hashcat arguments,hashcat.exe -a 1 --runtime 10 -m 28300 $teamspeak$3$E0aV0IQ29EDyxRfkFoQflUGJ6zo=$mRgDUkNpd0IwUEcTJQBmE0NHYwdDEhFzQ0VgMRcFJUIRYnaHBwNXRZJwk2ZUaURzdXkVYiUROERmI0hYYGFYCDiIJCeIU3N5EhRVcZFnSIRCJlkUFkY4YFMDcheYeTl4RYZEdpKGJYhxAIQJEYGYEA== ..\bachelors-thesis-main\dictionaries\English.dic ..\bachelors-thesis-main\dictionaries\English2.dic --machine-readable --status --status-timer=1 --quiet
