STATUS,SPEED,MILISECONDS,EXEC_RUNTIME,CURKU,PROGRESS,PROGRESS_ALL,RECHASH,RECHASH,RECSALT,RECSALT,TEMP,REJECTED,UTIL
3,880700176,1000,7.748087,0,3046113280,101742498841,0,1,0,1,62,0,93
3,880913761,1000,7.735163,0,3941597184,101742498841,0,1,0,1,62,0,94
3,880633639,1000,7.747288,0,4829741056,101742498841,0,1,0,1,62,0,93
3,880619397,1000,7.747081,0,5725224960,101742498841,0,1,0,1,62,0,93
3,880415392,1000,7.751096,0,6628048896,101742498841,0,1,0,1,62,0,93
3,880453790,1000,7.739798,0,7530872832,101742498841,0,1,0,1,63,0,93
11,880369664,1000,7.750915,0,8426356736,101742498841,0,1,0,1,62,0,94
11,880369664,1000,7.750931,0,8426356736,101742498841,0,1,0,1,62,0,94
err,
hashcat arguments,hashcat.exe -a 1 --runtime 10 -m 24300 94520b02c04e79e08a75a84c2a6e3ed4e3874fe8:ThisIsATestSalt ..\bachelors-thesis-main\dictionaries\English.dic ..\bachelors-thesis-main\dictionaries\English2.dic --machine-readable --status --status-timer=1 --quiet
