STATUS,SPEED,MILISECONDS,EXEC_RUNTIME,CURKU,PROGRESS,PROGRESS_ALL,RECHASH,RECHASH,RECSALT,RECSALT,TEMP,REJECTED,UTIL
3,166,1000,23.655933,0,0,101742498841,0,1,0,1,56,0,99
3,166,1000,23.656634,0,0,101742498841,0,1,0,1,56,0,99
3,166,1000,23.657003,0,1024,101742498841,0,1,0,1,56,0,99
3,166,1000,23.656871,0,1024,101742498841,0,1,0,1,56,0,99
3,166,1000,23.657057,0,1024,101742498841,0,1,0,1,56,0,99
11,166,1000,23.657391,0,1024,101742498841,0,1,0,1,56,0,99
11,166,1000,23.657399,0,1024,101742498841,0,1,0,1,56,0,99
err,
hashcat arguments,hashcat.exe -a 1 --runtime 10 -m 22100 $bitlocker$1$16$6f972989ddc209f1eccf07313a7266a2$1048576$12$3a33a8eaff5e6f81d907b591$60$316b0f6d4cb445fb056f0e3e0633c413526ff4481bbf588917b70a4e8f8075f5ceb45958a800b42cb7ff9b7f5e17c6145bf8561ea86f52d3592059fb ..\bachelors-thesis-main\dictionaries\English.dic ..\bachelors-thesis-main\dictionaries\English2.dic --machine-readable --status --status-timer=1 --quiet
