STATUS,SPEED,MILISECONDS,EXEC_RUNTIME,CURKU,PROGRESS,PROGRESS_ALL,RECHASH,RECHASH,RECSALT,RECSALT,TEMP,REJECTED,UTIL
3,71226324,1000,0.000000,0,254220684,101742498841,0,1,0,1,58,0,77
3,70787579,1000,0.000000,0,325032468,101742498841,0,1,0,1,58,0,76
3,70529825,1000,0.000000,0,396003738,101742498841,0,1,0,1,58,0,75
3,70343843,1000,0.000000,0,466018092,101742498841,0,1,0,1,58,0,75
3,70162774,1000,0.000000,0,536032446,101742498841,0,1,0,1,58,0,75
3,70048812,1000,0.000000,0,606844230,101742498841,0,1,0,1,58,0,75
11,69140507,1000,0.000000,0,677496528,101742498841,0,1,0,1,58,0,76
11,69140507,1000,0.000000,0,677496528,101742498841,0,1,0,1,58,0,76
err,
hashcat arguments,hashcat.exe -a 1 --runtime 10 -m 27100 0UL5G37JOI0SX::6VB1IS0KA74:ebe1afa18b7fbfa6:aab8bf8675658dd2a939458a1077ba08:010100000000000031c8aa092510945398b9f7b7dde1a9fb00000000f7876f2b04b700 ..\bachelors-thesis-main\dictionaries\English.dic ..\bachelors-thesis-main\dictionaries\English2.dic --machine-readable --status --status-timer=1 --quiet
