STATUS,SPEED,MILISECONDS,EXEC_RUNTIME,CURKU,PROGRESS,PROGRESS_ALL,RECHASH,RECHASH,RECSALT,RECSALT,TEMP,REJECTED,UTIL
err,Cannot load module ./modules/module_31200.dll


hashcat arguments,hashcat.exe -a 1 --runtime 10 -m 31200 $vbk$*54731702769149752741495960625996207399688284541933702394775960978730695504382155223405444342855920150089170058956647576461877712*10000*78cf7df8f1ed8bb50bda1129ec8e6810 ..\bachelors-thesis-main\dictionaries\English.dic ..\bachelors-thesis-main\dictionaries\English2.dic --machine-readable --status --status-timer=1 --quiet
