STATUS,SPEED,MILISECONDS,EXEC_RUNTIME,CURKU,PROGRESS,PROGRESS_ALL,RECHASH,RECHASH,RECSALT,RECSALT,TEMP,REJECTED,UTIL
3,68251,1000,13.611688,0,0,101742498841,0,1,0,1,83,0,98
3,68171,1000,13.264200,0,229376,101742498841,0,1,0,1,85,0,98
3,68171,1000,12.973723,0,229376,101742498841,0,1,0,1,83,0,98
3,68171,1000,12.908705,0,229376,101742498841,0,1,0,1,83,0,98
3,68134,1000,12.606933,0,458752,101742498841,0,1,0,1,85,0,98
3,68134,1000,13.874799,0,458752,101742498841,0,1,0,1,74,0,98
11,68134,1000,15.088602,0,458752,101742498841,0,1,0,1,73,0,98
11,68134,1000,15.088642,0,458752,101742498841,0,1,0,1,73,0,98
err,
hashcat arguments,hashcat.exe -a 1 --runtime 10 -m 7900 $S$C33783772bRXEx1aCsvY.dqgaaSu76XmVlKrW9Qu8IQlvxHlmzLf ..\bachelors-thesis-main\dictionaries\English.dic ..\bachelors-thesis-main\dictionaries\English2.dic --machine-readable --status --status-timer=1 --quiet
