STATUS,SPEED,MILISECONDS,EXEC_RUNTIME,CURKU,PROGRESS,PROGRESS_ALL,RECHASH,RECHASH,RECSALT,RECSALT,TEMP,REJECTED,UTIL
3,9932,1000,8.463693,0,0,101742498841,0,1,0,1,69,0,96
3,9786,1000,8.727470,0,0,101742498841,0,1,0,1,68,0,96
3,9689,1000,8.735264,0,0,101742498841,0,1,0,1,68,0,96
3,9625,1000,8.730643,0,0,101742498841,0,1,0,1,69,0,96
3,9577,1000,8.730667,0,0,101742498841,0,1,0,1,68,0,96
3,9539,1000,8.728486,0,0,101742498841,0,1,0,1,68,0,96
11,9510,1000,8.728258,0,0,101742498841,0,1,0,1,68,0,96
11,9510,1000,8.728098,0,0,101742498841,0,1,0,1,68,0,96
err,
hashcat arguments,hashcat.exe -a 1 --runtime 10 -m 9600 $office$*2013*100000*256*16*7dd611d7eb4c899f74816d1dec817b3b*948dc0b2c2c6c32f14b5995a543ad037*0b7ee0e48e935f937192a59de48a7d561ef2691d5c8a3ba87ec2d04402a94895 ..\bachelors-thesis-main\dictionaries\English.dic ..\bachelors-thesis-main\dictionaries\English2.dic --machine-readable --status --status-timer=1 --quiet
