STATUS,SPEED,MILISECONDS,EXEC_RUNTIME,CURKU,PROGRESS,PROGRESS_ALL,RECHASH,RECHASH,RECSALT,RECSALT,TEMP,REJECTED,UTIL
3,7436,1000,119.978502,0,14336,101742498841,0,1,0,1,63,0,100
3,7438,1000,119.971417,0,28672,101742498841,0,1,0,1,63,0,100
3,7438,1000,121.110509,0,28672,101742498841,0,1,0,1,61,0,100
3,7326,1000,122.987841,0,43008,101742498841,0,1,0,1,61,0,100
3,7326,1000,124.173564,0,43008,101742498841,0,1,0,1,61,0,100
3,7173,1000,125.096042,0,57344,101742498841,0,1,0,1,61,0,100
11,7173,1000,125.819740,0,57344,101742498841,0,1,0,1,61,0,100
11,7173,1000,125.900418,0,57344,101742498841,0,1,0,1,61,0,100
err,
hashcat arguments,hashcat.exe -a 1 --runtime 10 -m 12500 $RAR3$*0*45109af8ab5f297a*adbf6c5385d7a40373e8f77d7b89d317 ..\bachelors-thesis-main\dictionaries\English.dic ..\bachelors-thesis-main\dictionaries\English2.dic --machine-readable --status --status-timer=1 --quiet
