STATUS,SPEED,MILISECONDS,EXEC_RUNTIME,CURKU,PROGRESS,PROGRESS_ALL,RECHASH,RECHASH,RECSALT,RECSALT,TEMP,REJECTED,UTIL
3,112571,1000,6.007166,0,344064,101742498841,0,1,0,1,61,0,95
3,112614,1000,6.015223,0,458752,101742498841,0,1,0,1,61,0,95
3,112658,1000,6.014970,0,573440,101742498841,0,1,0,1,61,0,95
3,112672,1000,6.014307,0,688128,101742498841,0,1,0,1,62,0,95
3,112722,1000,6.008017,0,802816,101742498841,0,1,0,1,62,0,95
3,112755,1000,6.005202,0,917504,101742498841,0,1,0,1,62,0,95
11,112779,1000,6.006944,0,1032192,101742498841,0,1,0,1,62,0,95
11,112779,1000,6.007064,0,1032192,101742498841,0,1,0,1,62,0,95
err,
hashcat arguments,hashcat.exe -a 1 --runtime 10 -m 20013 ..\bachelors-thesis-main\hash-files\hashcat_aes_twofish_serpent.dc ..\bachelors-thesis-main\dictionaries\English.dic ..\bachelors-thesis-main\dictionaries\English2.dic --machine-readable --status --status-timer=1 --quiet
