STATUS,SPEED,MILISECONDS,EXEC_RUNTIME,CURKU,PROGRESS,PROGRESS_ALL,RECHASH,RECHASH,RECSALT,RECSALT,TEMP,REJECTED,UTIL
3,933,1000,3.816131,0,0,101742498841,0,1,0,1,62,0,94
3,946,1000,3.847358,0,0,101742498841,0,1,0,1,63,0,94
3,952,1000,3.969981,0,0,101742498841,0,1,0,1,63,0,94
3,942,1000,4.599482,0,0,101742498841,0,1,0,1,63,0,96
3,940,1000,4.218361,0,0,101742498841,0,1,0,1,63,0,95
3,935,1000,4.176336,0,0,101742498841,0,1,0,1,63,0,95
11,933,1000,4.312127,0,0,101742498841,0,1,0,1,63,0,94
11,933,1000,4.298526,0,0,101742498841,0,1,0,1,63,0,94
err,
hashcat arguments,hashcat.exe -a 1 --runtime 10 -m 13751 ..\bachelors-thesis-main\hash-files\hashcat_sha256_serpent_13751.vc ..\bachelors-thesis-main\dictionaries\English.dic ..\bachelors-thesis-main\dictionaries\English2.dic --machine-readable --status --status-timer=1 --quiet
