STATUS,SPEED,MILISECONDS,EXEC_RUNTIME,CURKU,PROGRESS,PROGRESS_ALL,RECHASH,RECHASH,RECSALT,RECSALT,TEMP,REJECTED,UTIL
3,431,1000,4.462755,0,0,101742498841,0,1,0,1,61,0,95
3,431,1000,4.456736,0,0,101742498841,0,1,0,1,61,0,95
3,431,1000,4.458601,0,0,101742498841,0,1,0,1,61,0,95
3,431,1000,4.457142,0,0,101742498841,0,1,0,1,61,0,95
3,431,1000,4.458965,0,0,101742498841,0,1,0,1,61,0,95
3,431,1000,4.460158,0,0,101742498841,0,1,0,1,61,0,95
11,431,1000,4.463287,0,0,101742498841,0,1,0,1,61,0,95
11,431,1000,4.463563,0,0,101742498841,0,1,0,1,61,0,97
err,
hashcat arguments,hashcat.exe -a 1 --runtime 10 -m 13752 ..\bachelors-thesis-main\hash-files\hashcat_sha256_aes-twofish_13752.vc ..\bachelors-thesis-main\dictionaries\English.dic ..\bachelors-thesis-main\dictionaries\English2.dic --machine-readable --status --status-timer=1 --quiet
