STATUS,SPEED,MILISECONDS,EXEC_RUNTIME,CURKU,PROGRESS,PROGRESS_ALL,RECHASH,RECHASH,RECSALT,RECSALT,TEMP,REJECTED,UTIL
3,2821074406,1000,10.216836,0,9424601088,101742498841,0,1,0,1,84,0,94
3,2805720381,1000,10.112812,0,12272533504,101742498841,0,1,0,1,84,0,94
6,2790506231,1000,10.218236,0,15061745664,101742498841,1,1,1,1,83,0,95
6,2790506231,1000,10.218236,0,15061745664,101742498841,1,1,1,1,83,0,95
err,
hashcat arguments,hashcat.exe -a 1 --runtime 10 -m 4510 9138d472fce6fe50e2a32da4eec4ecdc8860f4d5:hashcat1 ..\bachelors-thesis-main\dictionaries\English.dic ..\bachelors-thesis-main\dictionaries\English2.dic --machine-readable --status --status-timer=1 --quiet
