STATUS,SPEED,MILISECONDS,EXEC_RUNTIME,CURKU,PROGRESS,PROGRESS_ALL,RECHASH,RECHASH,RECSALT,RECSALT,TEMP,REJECTED,UTIL
3,53768,1000,12.825268,0,157696,101742498841,0,1,0,1,76,0,98
3,54424,1000,12.348589,0,229376,101742498841,0,1,0,1,76,0,97
3,54868,1000,12.174089,0,286720,101742498841,0,1,0,1,76,0,98
3,55008,1000,12.283317,0,344064,101742498841,0,1,0,1,76,0,97
3,54983,1000,12.609151,0,401408,101742498841,0,1,0,1,75,0,97
3,55058,1000,12.536223,0,458752,101742498841,0,1,0,1,76,0,97
3,55220,1000,12.372718,0,516096,101742498841,0,1,0,1,76,0,97
11,55382,1000,12.174665,0,573440,101742498841,0,1,0,1,76,0,97
11,55382,1000,12.180993,0,573440,101742498841,0,1,0,1,76,0,97
err,
hashcat arguments,hashcat.exe -a 1 --runtime 10 -m 7400 $5$rounds=5000$GX7BopJZJxPc/KEK$le16UF8I2Anb.rOrn22AUPWvzUETDGefUmAV8AZkGcD ..\bachelors-thesis-main\dictionaries\English.dic ..\bachelors-thesis-main\dictionaries\English2.dic --machine-readable --status --status-timer=1 --quiet
