STATUS,SPEED,MILISECONDS,EXEC_RUNTIME,CURKU,PROGRESS,PROGRESS_ALL,RECHASH,RECHASH,RECSALT,RECSALT,TEMP,REJECTED,UTIL
3,42487,1000,9.007209,0,114688,101742498841,0,1,0,1,63,0,97
3,42522,1000,9.279367,0,172032,101742498841,0,1,0,1,61,0,97
3,41212,1000,10.715215,0,229376,101742498841,0,1,0,1,59,0,97
3,41212,1000,11.109205,0,229376,101742498841,0,1,0,1,59,0,97
3,39704,1000,11.107481,0,286720,101742498841,0,1,0,1,59,0,97
3,38765,1000,11.110920,0,344064,101742498841,0,1,0,1,58,0,97
11,38765,1000,11.116093,0,344064,101742498841,0,1,0,1,59,0,97
11,38765,1000,11.116133,0,344064,101742498841,0,1,0,1,59,0,97
err,
hashcat arguments,hashcat.exe -a 1 --runtime 10 -m 6231 ..\bachelors-thesis-main\hash-files\hashcat_whirlpool_aes.tc ..\bachelors-thesis-main\dictionaries\English.dic ..\bachelors-thesis-main\dictionaries\English2.dic --machine-readable --status --status-timer=1 --quiet
