STATUS,SPEED,MILISECONDS,EXEC_RUNTIME,CURKU,PROGRESS,PROGRESS_ALL,RECHASH,RECHASH,RECSALT,RECSALT,TEMP,REJECTED,UTIL
3,141733520,1000,12.002335,0,486277120,101742498841,0,1,0,1,59,0,96
3,142625512,1000,12.018680,0,636747776,101742498841,0,1,0,1,59,0,96
3,142033868,1000,12.420212,0,779878400,101742498841,0,1,0,1,59,0,96
3,141769414,1000,12.583858,0,923009024,101742498841,0,1,0,1,59,0,96
3,141667802,1000,12.420539,0,1067974656,101742498841,0,1,0,1,59,0,96
3,142301676,1000,12.128215,0,1218445312,101742498841,0,1,0,1,60,0,95
11,143729219,1000,11.427420,0,1378091008,101742498841,0,1,0,1,60,0,96
11,143729219,1000,11.390549,0,1378091008,101742498841,0,1,0,1,60,0,96
err,
hashcat arguments,hashcat.exe -a 1 --runtime 10 -m 24800 8uigXlGMNI7BzwLCJlDbcKR2FP4= ..\bachelors-thesis-main\dictionaries\English.dic ..\bachelors-thesis-main\dictionaries\English2.dic --machine-readable --status --status-timer=1 --quiet
