STATUS,SPEED,MILISECONDS,EXEC_RUNTIME,CURKU,PROGRESS,PROGRESS_ALL,RECHASH,RECHASH,RECSALT,RECSALT,TEMP,REJECTED,UTIL
3,21014,1000,7.966075,0,57344,101742498841,0,1,0,1,65,0,98
3,21014,1000,8.005407,0,57344,101742498841,0,1,0,1,64,0,97
3,20966,1000,8.102190,0,114688,101742498841,0,1,0,1,63,0,98
3,20966,1000,8.098983,0,114688,101742498841,0,1,0,1,63,0,98
3,20966,1000,8.109710,0,114688,101742498841,0,1,0,1,63,0,98
11,20859,1000,8.103167,0,172032,101742498841,0,1,0,1,63,0,96
11,20859,1000,8.103160,0,172032,101742498841,0,1,0,1,63,0,96
err,
hashcat arguments,hashcat.exe -a 1 --runtime 10 -m 21501 $solarwinds$1$3pHkk55NTYpAeV3EJjcAww==$N4Ii2PxXX/bTZZwslQLIKrp0wvfZ5aN9hpyiR896ozJMJTPO1Q7BK1Eht8Vhl4kXq/42Vn2zp3qYeAkRuqsuEw== ..\bachelors-thesis-main\dictionaries\English.dic ..\bachelors-thesis-main\dictionaries\English2.dic --machine-readable --status --status-timer=1 --quiet
