STATUS,SPEED,MILISECONDS,EXEC_RUNTIME,CURKU,PROGRESS,PROGRESS_ALL,RECHASH,RECHASH,RECSALT,RECSALT,TEMP,REJECTED,UTIL
3,42554,1000,8.997206,0,114688,101742498841,0,1,0,1,62,0,97
3,42539,1000,9.057799,0,172032,101742498841,0,1,0,1,62,0,97
3,41801,1000,10.259249,0,229376,101742498841,0,1,0,1,59,0,97
3,41801,1000,11.155718,0,229376,101742498841,0,1,0,1,58,0,97
3,40107,1000,11.123327,0,286720,101742498841,0,1,0,1,58,0,97
3,39079,1000,11.126769,0,344064,101742498841,0,1,0,1,58,0,97
11,39079,1000,11.130197,0,344064,101742498841,0,1,0,1,58,0,97
11,39079,1000,11.130300,0,344064,101742498841,0,1,0,1,58,0,97
err,
hashcat arguments,hashcat.exe -a 1 --runtime 10 -m 6231 ..\bachelors-thesis-main\hash-files\hashcat_whirlpool_twofish.tc ..\bachelors-thesis-main\dictionaries\English.dic ..\bachelors-thesis-main\dictionaries\English2.dic --machine-readable --status --status-timer=1 --quiet
