STATUS,SPEED,MILISECONDS,EXEC_RUNTIME,CURKU,PROGRESS,PROGRESS_ALL,RECHASH,RECHASH,RECSALT,RECSALT,TEMP,REJECTED,UTIL
3,27056,1000,5.748036,0,100128,101742498841,0,1,0,1,63,0,94
3,26807,1000,5.883882,0,127008,101742498841,0,1,0,1,63,0,93
3,27072,1000,5.335193,0,155232,101742498841,0,1,0,1,63,0,93
3,27023,1000,5.648561,0,182784,101742498841,0,1,0,1,61,0,93
3,26350,1000,7.027325,0,204960,101742498841,0,1,0,1,58,0,94
3,25600,1000,7.720479,0,225120,101742498841,0,1,0,1,57,0,95
11,24995,1000,7.829093,0,244608,101742498841,0,1,0,1,57,0,95
11,24995,1000,7.839717,0,244608,101742498841,0,1,0,1,57,0,95
err,
hashcat arguments,hashcat.exe -a 1 --runtime 10 -m 3200 $2a$05$LhayLxezLhK1LhWvKxCyLOj0j1u.Kj0jZ0pEmm134uzrQlFvQJLF6 ..\bachelors-thesis-main\dictionaries\English.dic ..\bachelors-thesis-main\dictionaries\English2.dic --machine-readable --status --status-timer=1 --quiet
