STATUS,SPEED,MILISECONDS,EXEC_RUNTIME,CURKU,PROGRESS,PROGRESS_ALL,RECHASH,RECHASH,RECSALT,RECSALT,TEMP,REJECTED,UTIL
3,598,1000,3.146086,0,0,101742498841,0,1,0,1,62,0,93
3,598,1000,3.131538,0,0,101742498841,0,1,0,1,62,0,92
3,598,1000,3.143128,0,0,101742498841,0,1,0,1,62,0,92
3,598,1000,3.139399,0,0,101742498841,0,1,0,1,62,0,92
3,598,1000,3.141304,0,0,101742498841,0,1,0,1,62,0,93
3,599,1000,3.139867,0,0,101742498841,0,1,0,1,62,0,93
11,598,1000,3.171745,0,0,101742498841,0,1,0,1,62,0,93
11,598,1000,3.171924,0,0,101742498841,0,1,0,1,62,0,93
err,
hashcat arguments,hashcat.exe -a 1 --runtime 10 -m 13721 ..\bachelors-thesis-main\hash-files\hashcat_sha512_aes_13721.vc ..\bachelors-thesis-main\dictionaries\English.dic ..\bachelors-thesis-main\dictionaries\English2.dic --machine-readable --status --status-timer=1 --quiet
