STATUS,SPEED,MILISECONDS,EXEC_RUNTIME,CURKU,PROGRESS,PROGRESS_ALL,RECHASH,RECHASH,RECSALT,RECSALT,TEMP,REJECTED,UTIL
3,121245808,1000,7.028216,0,410124288,101742498841,0,1,0,1,69,0,93
3,121496642,1000,7.043975,0,533987328,101742498841,0,1,0,1,69,0,93
3,120624623,1000,7.421162,0,652345344,101742498841,0,1,0,1,69,0,95
3,119681840,1000,7.539673,0,768868352,101742498841,0,1,0,1,69,0,94
3,118904742,1000,7.594804,0,884473856,101742498841,0,1,0,1,69,0,95
3,119022699,1000,7.207978,0,1006501888,101742498841,0,1,0,1,69,0,95
3,119306541,1000,7.091665,0,1130364928,101742498841,0,1,0,1,70,0,94
11,119466420,1000,7.164390,0,1254227968,101742498841,0,1,0,1,70,0,93
11,119466420,1000,7.165990,0,1254227968,101742498841,0,1,0,1,70,0,93
err,
hashcat arguments,hashcat.exe -a 1 --runtime 10 -m 16500 eyJhbGciOiJIUzI1NiJ9.eyIzNDM2MzQyMCI6NTc2ODc1NDd9.f1nXZ3V_Hrr6ee-AFCTLaHRnrkiKmio2t3JqwL32guY ..\bachelors-thesis-main\dictionaries\English.dic ..\bachelors-thesis-main\dictionaries\English2.dic --machine-readable --status --status-timer=1 --quiet
