STATUS,SPEED,MILISECONDS,EXEC_RUNTIME,CURKU,PROGRESS,PROGRESS_ALL,RECHASH,RECHASH,RECSALT,RECSALT,TEMP,REJECTED,UTIL
3,476239,1000,6.115540,0,1548288,101742498841,0,1,0,1,75,0,95
3,476288,1000,6.071554,0,2064384,101742498841,0,1,0,1,75,0,95
3,476277,1000,6.070843,0,2523136,101742498841,0,1,0,1,76,0,95
3,467281,1000,6.983926,0,2981888,101742498841,0,1,0,1,70,0,96
3,456604,1000,7.478093,0,3383296,101742498841,0,1,0,1,68,0,96
3,448581,1000,7.475373,0,3784704,101742498841,0,1,0,1,68,0,96
3,442323,1000,7.478146,0,4186112,101742498841,0,1,0,1,68,0,96
11,437287,1000,7.476657,0,4587520,101742498841,0,1,0,1,68,0,96
11,437287,1000,7.476601,0,4587520,101742498841,0,1,0,1,68,0,96
err,
hashcat arguments,hashcat.exe -a 1 --runtime 10 -m 20011 ..\bachelors-thesis-main\hash-files\hashcat_twofish.dc ..\bachelors-thesis-main\dictionaries\English.dic ..\bachelors-thesis-main\dictionaries\English2.dic --machine-readable --status --status-timer=1 --quiet
