STATUS,SPEED,MILISECONDS,EXEC_RUNTIME,CURKU,PROGRESS,PROGRESS_ALL,RECHASH,RECHASH,RECSALT,RECSALT,TEMP,REJECTED,UTIL
3,278394,1000,9.894251,0,917504,101742498841,0,1,0,1,66,0,97
3,278327,1000,9.970775,0,1146880,101742498841,0,1,0,1,67,0,97
3,278222,1000,9.889620,0,1490944,101742498841,0,1,0,1,67,0,96
3,278179,1000,9.962933,0,1720320,101742498841,0,1,0,1,67,0,97
3,278066,1000,9.962533,0,2064384,101742498841,0,1,0,1,67,0,97
3,277994,1000,9.962937,0,2293760,101742498841,0,1,0,1,68,0,97
11,277953,1000,9.965896,0,2637824,101742498841,0,1,0,1,68,0,97
11,277953,1000,9.965848,0,2637824,101742498841,0,1,0,1,68,0,97
err,
hashcat arguments,hashcat.exe -a 1 --runtime 10 -m 18800 YnM6WYERjJfhxwepT7zV6odWoEUz1X4esYQb4bQ3KZ7bbZAyOTc1MDM3OTc1NjMyODA0ECcAAD3vFoc= ..\bachelors-thesis-main\dictionaries\English.dic ..\bachelors-thesis-main\dictionaries\English2.dic --machine-readable --status --status-timer=1 --quiet
