STATUS,SPEED,MILISECONDS,EXEC_RUNTIME,CURKU,PROGRESS,PROGRESS_ALL,RECHASH,RECHASH,RECSALT,RECSALT,TEMP,REJECTED,UTIL
3,18956,1000,10.594986,0,65536,101742498841,0,1,0,1,62,0,96
3,18493,1000,11.264934,0,86016,101742498841,0,1,0,1,62,0,97
3,18727,1000,10.233330,0,102400,101742498841,0,1,0,1,61,0,98
3,18133,1000,12.211348,0,118784,101742498841,0,1,0,1,60,0,98
3,17858,1000,12.539728,0,135168,101742498841,0,1,0,1,62,0,97
3,18341,1000,9.175943,0,159744,101742498841,0,1,0,1,68,0,96
11,18622,1000,9.034961,0,180224,101742498841,0,1,0,1,69,0,96
11,18622,1000,9.036025,0,180224,101742498841,0,1,0,1,69,0,96
err,
hashcat arguments,hashcat.exe -a 1 --runtime 10 -m 1800 $6$52450745$k5ka2p8bFuSmoVT1tzOyyuaREkkKBcCNqoDKzYiJL9RaE8yMnPgh2XzzF0NDrUhgrcLwg78xs1w5pJiypEdFX/ ..\bachelors-thesis-main\dictionaries\English.dic ..\bachelors-thesis-main\dictionaries\English2.dic --machine-readable --status --status-timer=1 --quiet
