STATUS,SPEED,MILISECONDS,EXEC_RUNTIME,CURKU,PROGRESS,PROGRESS_ALL,RECHASH,RECHASH,RECSALT,RECSALT,TEMP,REJECTED,UTIL
3,1080,1000,4.599546,0,0,101742498841,0,1,0,1,61,0,95
3,1080,1000,4.593322,0,0,101742498841,0,1,0,1,62,0,95
3,1081,1000,4.586552,0,0,101742498841,0,1,0,1,62,0,95
3,1081,1000,4.590154,0,0,101742498841,0,1,0,1,62,0,95
3,1081,1000,4.592398,0,0,101742498841,0,1,0,1,62,0,95
3,1081,1000,4.592307,0,0,101742498841,0,1,0,1,62,0,95
11,1081,1000,4.597721,0,0,101742498841,0,1,0,1,62,0,95
11,1081,1000,4.597776,0,0,101742498841,0,1,0,1,62,0,95
err,
hashcat arguments,hashcat.exe -a 1 --runtime 10 -m 13762 ..\bachelors-thesis-main\hash-files\hashcat_sha256_serpent-aes_boot.vc ..\bachelors-thesis-main\dictionaries\English.dic ..\bachelors-thesis-main\dictionaries\English2.dic --machine-readable --status --status-timer=1 --quiet
