STATUS,SPEED,MILISECONDS,EXEC_RUNTIME,CURKU,PROGRESS,PROGRESS_ALL,RECHASH,RECHASH,RECSALT,RECSALT,TEMP,REJECTED,UTIL
3,471010,1000,7.214470,0,1605632,101742498841,0,1,0,1,69,0,96
3,470743,1000,7.215332,0,2064384,101742498841,0,1,0,1,70,0,95
3,470459,1000,7.214757,0,2523136,101742498841,0,1,0,1,70,0,95
3,470215,1000,7.215320,0,3039232,101742498841,0,1,0,1,70,0,96
3,470122,1000,7.221992,0,3497984,101742498841,0,1,0,1,70,0,96
3,470064,1000,7.215007,0,4014080,101742498841,0,1,0,1,70,0,95
11,469977,1000,7.214119,0,4472832,101742498841,0,1,0,1,70,0,95
11,469977,1000,7.214111,0,4472832,101742498841,0,1,0,1,70,0,95
err,
hashcat arguments,hashcat.exe -a 1 --runtime 10 -m 28900 $krb5db$18$test$TEST.LOCAL$266b5a53a6d663c3f69174f3309acada8e467c097c7973699f86286a6cf1a6c7 ..\bachelors-thesis-main\dictionaries\English.dic ..\bachelors-thesis-main\dictionaries\English2.dic --machine-readable --status --status-timer=1 --quiet
