STATUS,SPEED,MILISECONDS,EXEC_RUNTIME,CURKU,PROGRESS,PROGRESS_ALL,RECHASH,RECHASH,RECSALT,RECSALT,TEMP,REJECTED,UTIL
3,12458703,1000,8.703556,0,41287680,101742498841,0,1,0,1,63,0,95
3,12456298,1000,8.701018,0,54018048,101742498841,0,1,0,1,63,0,94
3,12453815,1000,8.701869,0,66748416,101742498841,0,1,0,1,63,0,95
3,12305483,1000,9.293385,0,78446592,101742498841,0,1,0,1,62,0,95
3,12188630,1000,9.496298,0,90259456,101742498841,0,1,0,1,61,0,95
3,12099658,1000,9.494144,0,101957632,101742498841,0,1,0,1,61,0,95
11,12029904,1000,9.493723,0,113770496,101742498841,0,1,0,1,61,0,95
11,12029904,1000,9.493673,0,113770496,101742498841,0,1,0,1,61,0,95
err,
hashcat arguments,hashcat.exe -a 1 --runtime 10 -m 11850 be4555415af4a05078dcf260bb3c0a35948135df3dbf93f7c8b80574ceb0d71ea4312127f839b7707bf39ccc932d9e7cb799671183455889e8dde3738dfab5b6:08151337 ..\bachelors-thesis-main\dictionaries\English.dic ..\bachelors-thesis-main\dictionaries\English2.dic --machine-readable --status --status-timer=1 --quiet
