STATUS,SPEED,MILISECONDS,EXEC_RUNTIME,CURKU,PROGRESS,PROGRESS_ALL,RECHASH,RECHASH,RECSALT,RECSALT,TEMP,REJECTED,UTIL
3,459276167,1000,15.444562,0,1548746752,101742498841,0,1,0,1,64,0,96
3,459368681,1000,15.434245,0,2018508800,101742498841,0,1,0,1,64,0,96
3,459351206,1000,15.427182,0,2488270848,101742498841,0,1,0,1,65,0,96
3,457371651,1000,15.637309,0,2943352832,101742498841,0,1,0,1,63,0,97
3,452537892,1000,16.282894,0,3376414720,101742498841,0,1,0,1,62,0,97
3,448721718,1000,16.853354,0,3809476608,101742498841,0,1,0,1,62,0,96
11,445732420,1000,16.867707,0,4242538496,101742498841,0,1,0,1,62,0,97
11,445732420,1000,16.868835,0,4242538496,101742498841,0,1,0,1,62,0,90
err,
hashcat arguments,hashcat.exe -a 1 --runtime 10 -m 620 $BLAKE2$f0325fdfc3f82a014935442f7adbc069d4636d67276a85b09f8de368f122cf5195a0b780d7fee709fbf1dcd02ddcb581df84508cf1fb0f3393af1be0565491c6:3301 ..\bachelors-thesis-main\dictionaries\English.dic ..\bachelors-thesis-main\dictionaries\English2.dic --machine-readable --status --status-timer=1 --quiet
