STATUS,SPEED,MILISECONDS,EXEC_RUNTIME,CURKU,PROGRESS,PROGRESS_ALL,RECHASH,RECHASH,RECSALT,RECSALT,TEMP,REJECTED,UTIL
3,52490131,1000,8.238228,0,179372032,101742498841,0,1,0,1,57,0,94
3,52487239,1000,8.234551,0,232587264,101742498841,0,1,0,1,57,0,94
3,52486888,1000,8.236318,0,286261248,101742498841,0,1,0,1,57,0,94
3,52484734,1000,8.239500,0,339476480,101742498841,0,1,0,1,57,0,94
3,52484643,1000,8.234684,0,393150464,101742498841,0,1,0,1,57,0,94
3,52477817,1000,8.249291,0,446365696,101742498841,0,1,0,1,57,0,94
11,52499832,1000,8.237710,0,500039680,101742498841,0,1,0,1,57,0,94
11,52499832,1000,8.237706,0,500039680,101742498841,0,1,0,1,57,0,94
err,
hashcat arguments,hashcat.exe -a 1 --runtime 10 -m 26000 $mozilla$*3DES*b735d19e6cadb5136376a98c2369f22819d08c79*2b36961682200a877f7d5550975b614acc9fefe3*f03f3575fd5bdbc9e32232316eab7623 ..\bachelors-thesis-main\dictionaries\English.dic ..\bachelors-thesis-main\dictionaries\English2.dic --machine-readable --status --status-timer=1 --quiet
