STATUS,SPEED,MILISECONDS,EXEC_RUNTIME,CURKU,PROGRESS,PROGRESS_ALL,RECHASH,RECHASH,RECSALT,RECSALT,TEMP,REJECTED,UTIL
3,1389413,1000,3.162502,0,4585280,101742498841,0,1,0,1,59,0,90
3,1386214,1000,3.140991,0,5980800,101742498841,0,1,0,1,59,0,89
3,1382888,1000,3.170712,0,7416192,101742498841,0,1,0,1,59,0,89
3,1381523,1000,3.154201,0,8811712,101742498841,0,1,0,1,60,0,89
3,1380643,1000,3.154755,0,10207232,101742498841,0,1,0,1,59,0,89
3,1379264,1000,3.170710,0,11602752,101742498841,0,1,0,1,60,0,89
11,1379388,1000,3.096513,0,12998272,101742498841,0,1,0,1,60,0,89
11,1379388,1000,3.096433,0,12998272,101742498841,0,1,0,1,60,0,89
err,
hashcat arguments,hashcat.exe -a 1 --runtime 10 -m 19100 @s@0b365cab7e17ee1e7e1a90078501cc1aa85888d6da34e2f5b04f5c614b882a93@5498317092471604 ..\bachelors-thesis-main\dictionaries\English.dic ..\bachelors-thesis-main\dictionaries\English2.dic --machine-readable --status --status-timer=1 --quiet
