STATUS,SPEED,MILISECONDS,EXEC_RUNTIME,CURKU,PROGRESS,PROGRESS_ALL,RECHASH,RECHASH,RECSALT,RECSALT,TEMP,REJECTED,UTIL
3,6395917993,1000,8.545532,0,21785214976,101742498841,0,1,0,1,83,0,93
3,6389520720,1000,8.554754,0,28244443136,101742498841,0,1,0,1,83,0,93
3,6384634273,1000,8.553397,0,34703671296,101742498841,0,1,0,1,84,0,93
3,6268424032,1000,8.548420,114688,40457682944,101742498841,0,1,0,1,83,0,93
6,6276318031,1000,8.543533,114688,44157059072,101742498841,1,1,1,1,84,0,93
err,
hashcat arguments,hashcat.exe -a 1 --runtime 10 -m 16100 $tacacs-plus$0$5fde8e68$4e13e8fb33df$c006 ..\bachelors-thesis-main\dictionaries\English.dic ..\bachelors-thesis-main\dictionaries\English2.dic --machine-readable --status --status-timer=1 --quiet
