STATUS,SPEED,MILISECONDS,EXEC_RUNTIME,CURKU,PROGRESS,PROGRESS_ALL,RECHASH,RECHASH,RECSALT,RECSALT,TEMP,REJECTED,UTIL
3,153969,1000,7.357004,0,516096,101742498841,0,1,0,1,65,0,96
3,153962,1000,7.390296,0,659456,101742498841,0,1,0,1,65,0,95
3,153960,1000,7.379267,0,831488,101742498841,0,1,0,1,65,0,95
3,151975,1000,8.033996,0,974848,101742498841,0,1,0,1,63,0,96
3,150525,1000,8.048404,0,1118208,101742498841,0,1,0,1,63,0,96
3,149430,1000,8.085067,0,1261568,101742498841,0,1,0,1,62,0,96
11,148553,1000,8.085581,0,1404928,101742498841,0,1,0,1,63,0,96
11,148553,1000,8.085597,0,1404928,101742498841,0,1,0,1,63,0,96
err,
hashcat arguments,hashcat.exe -a 1 --runtime 10 -m 13400 $keepass$*2*6000*222*a279e37c38b0124559a83fa452a0269d56dc4119a5866d18e76f1f3fd536d64d*7ec7a06bc975ea2ae7c8dcb99e826a308564849b6b25d858cbbc78475af3733f*d477c849bf2278b7a1f626c81e343553*38c8ec186141c2705f2bcb334a730933ed3b0ee11391e1100fbaf429f6c99078*1ada85fe78cf36ab0537562a787dd83e446f13cd3d9a60fd495003de3537b702 ..\bachelors-thesis-main\dictionaries\English.dic ..\bachelors-thesis-main\dictionaries\English2.dic --machine-readable --status --status-timer=1 --quiet
