STATUS,SPEED,MILISECONDS,EXEC_RUNTIME,CURKU,PROGRESS,PROGRESS_ALL,RECHASH,RECHASH,RECSALT,RECSALT,TEMP,REJECTED,UTIL
3,14140475769,1000,0.871602,79743,50463523461,101742498841,0,1,0,1,56,0,64
3,14512581775,1000,0.648631,159486,66733248522,101742498841,0,1,0,1,57,0,57
3,14803239114,1000,0.633417,239229,83207029135,101742498841,0,1,0,1,57,0,58
3,18276959144,1000,0.633937,239229,101518344079,101742498841,0,1,0,1,57,0,57
5,18239979400,1000,0.634218,318971,101742498841,101742498841,0,1,0,1,57,0,18
err,
hashcat arguments,hashcat.exe -a 1 --runtime 10 -m 28506 3LovFVx5zBRvusVcj7pf3JxV9V46kjKhKu ..\bachelors-thesis-main\dictionaries\English.dic ..\bachelors-thesis-main\dictionaries\English2.dic --machine-readable --status --status-timer=1 --quiet
