STATUS,SPEED,MILISECONDS,EXEC_RUNTIME,CURKU,PROGRESS,PROGRESS_ALL,RECHASH,RECHASH,RECSALT,RECSALT,TEMP,REJECTED,UTIL
3,473367,1000,5.745445,0,1548288,101742498841,0,1,0,1,71,0,95
3,473899,1000,5.747255,0,2035712,101742498841,0,1,0,1,72,0,96
3,470937,1000,5.981108,0,2494464,101742498841,0,1,0,1,69,0,94
3,457673,1000,7.069523,0,2895872,101742498841,0,1,0,1,65,0,95
3,447092,1000,7.150193,0,3297280,101742498841,0,1,0,1,64,0,95
3,439093,1000,7.171520,0,3698688,101742498841,0,1,0,1,64,0,95
3,432974,1000,7.157182,0,4100096,101742498841,0,1,0,1,64,0,95
11,428002,1000,7.178485,0,4501504,101742498841,0,1,0,1,64,0,95
11,428002,1000,7.178605,0,4501504,101742498841,0,1,0,1,64,0,95
err,
hashcat arguments,hashcat.exe -a 1 --runtime 10 -m 6221 ..\bachelors-thesis-main\hash-files\hashcat_sha512_twofish.tc ..\bachelors-thesis-main\dictionaries\English.dic ..\bachelors-thesis-main\dictionaries\English2.dic --machine-readable --status --status-timer=1 --quiet
