STATUS,SPEED,MILISECONDS,EXEC_RUNTIME,CURKU,PROGRESS,PROGRESS_ALL,RECHASH,RECHASH,RECSALT,RECSALT,TEMP,REJECTED,UTIL
3,705,1000,4.165345,0,0,101742498841,0,1,0,1,63,0,94
3,704,1000,4.161399,0,0,101742498841,0,1,0,1,63,0,96
3,704,1000,4.160725,0,0,101742498841,0,1,0,1,63,0,95
3,704,1000,4.159261,0,0,101742498841,0,1,0,1,63,0,95
3,704,1000,4.167615,0,0,101742498841,0,1,0,1,63,0,95
3,703,1000,4.151355,0,0,101742498841,0,1,0,1,64,0,95
11,703,1000,4.195886,0,0,101742498841,0,1,0,1,64,0,95
11,703,1000,4.198782,0,0,101742498841,0,1,0,1,64,0,95
err,
hashcat arguments,hashcat.exe -a 1 --runtime 10 -m 13711 ..\bachelors-thesis-main\hash-files\hashcat_ripemd160_twofish_13711.vc ..\bachelors-thesis-main\dictionaries\English.dic ..\bachelors-thesis-main\dictionaries\English2.dic --machine-readable --status --status-timer=1 --quiet
