STATUS,SPEED,MILISECONDS,EXEC_RUNTIME,CURKU,PROGRESS,PROGRESS_ALL,RECHASH,RECHASH,RECSALT,RECSALT,TEMP,REJECTED,UTIL
3,17,1000,4.428234,0,0,101742498841,0,1,0,1,60,0,95
3,17,1000,4.423881,0,0,101742498841,0,1,0,1,60,0,95
3,17,1000,4.425161,0,0,101742498841,0,1,0,1,60,0,95
3,17,1000,4.424111,0,0,101742498841,0,1,0,1,60,0,95
3,17,1000,4.424593,0,0,101742498841,0,1,0,1,60,0,95
3,17,1000,4.422067,0,0,101742498841,0,1,0,1,60,0,95
11,17,1000,4.421316,0,0,101742498841,0,1,0,1,60,0,95
11,17,1000,4.421420,0,0,101742498841,0,1,0,1,60,0,95
err,
hashcat arguments,hashcat.exe -a 1 --runtime 10 -m 13783 ..\bachelors-thesis-main\hash-files\hashcat_streebog512_serpent-twofish-aes_boot_13783.vc ..\bachelors-thesis-main\dictionaries\English.dic ..\bachelors-thesis-main\dictionaries\English2.dic --machine-readable --status --status-timer=1 --quiet
