STATUS,SPEED,MILISECONDS,EXEC_RUNTIME,CURKU,PROGRESS,PROGRESS_ALL,RECHASH,RECHASH,RECSALT,RECSALT,TEMP,REJECTED,UTIL
3,9038773,1000,0.313080,0,29704640,101742498841,0,1,0,1,75,0,58
3,9032290,1000,0.310400,0,38755584,101742498841,0,1,0,1,75,0,58
3,9031939,1000,0.315952,0,47966016,101742498841,0,1,0,1,75,0,57
3,9049577,1000,0.315830,0,57176448,101742498841,0,1,0,1,75,0,57
3,9046998,1000,0.308696,0,66267264,101742498841,0,1,0,1,75,0,56
3,9044895,1000,0.314903,0,75417888,101742498841,0,1,0,1,75,0,58
3,8961097,1000,0.310193,0,84528640,101742498841,0,1,0,1,75,0,56
11,9019609,1000,0.318690,0,93699200,101742498841,0,1,0,1,75,0,57
11,9019609,1000,0.318690,0,93699200,101742498841,0,1,0,1,75,0,57
err,
hashcat arguments,hashcat.exe -a 1 --runtime 10 -m 6400 {ssha256}06$aJckFGJAB30LTe10$ohUsB7LBPlgclE3hJg9x042DLJvQyxVCX.nZZLEz.g2 ..\bachelors-thesis-main\dictionaries\English.dic ..\bachelors-thesis-main\dictionaries\English2.dic --machine-readable --status --status-timer=1 --quiet
