STATUS,SPEED,MILISECONDS,EXEC_RUNTIME,CURKU,PROGRESS,PROGRESS_ALL,RECHASH,RECHASH,RECSALT,RECSALT,TEMP,REJECTED,UTIL
err,Cannot load module ./modules/module_26610.dll


hashcat arguments,hashcat.exe -a 1 --runtime 10 -m 26610 $metamask-short$jfGI3TXguhb8GPnKSXFrMzRk2NCEc131Gt5G3kZr5+s=$h+BoIf2CQ5BEjaIOShFE7g==$R95fzGt4UQ0uwrcrVYnIi4UcSlWn9wlmer+//526ZDwYAp50K82F1u1oacYcdjjhuEvbZnWk/uBG00UkgLLlOw== ..\bachelors-thesis-main\dictionaries\English.dic ..\bachelors-thesis-main\dictionaries\English2.dic --machine-readable --status --status-timer=1 --quiet
