STATUS,SPEED,MILISECONDS,EXEC_RUNTIME,CURKU,PROGRESS,PROGRESS_ALL,RECHASH,RECHASH,RECSALT,RECSALT,TEMP,REJECTED,UTIL
3,61315,1000,0.394372,0,189392,101742498841,0,1,0,1,60,0,63
3,61418,1000,0.394158,0,259168,101742498841,0,1,0,1,60,0,61
3,61494,1000,0.393920,0,318976,101742498841,0,1,0,1,60,0,63
3,61384,1000,0.394106,0,378784,101742498841,0,1,0,1,61,0,62
3,61465,1000,0.393245,0,438592,101742498841,0,1,0,1,61,0,66
3,61423,1000,0.394166,0,498400,101742498841,0,1,0,1,61,0,63
11,61416,1000,0.394629,0,568176,101742498841,0,1,0,1,61,0,63
11,61416,1000,0.394629,0,568176,101742498841,0,1,0,1,61,0,63
err,
hashcat arguments,hashcat.exe -a 1 --runtime 10 -m 22400 $aescrypt$1*efc648908ca7ec727f37f3316dfd885c*eff5c87a35545406a57b56de57bd0554*3a66401271aec08cbd10cf2070332214093a33f36bd0dced4a4bb09fab817184*6a3c49fea0cafb19190dc4bdadb787e73b1df244c51780beef912598bd3bdf7e ..\bachelors-thesis-main\dictionaries\English.dic ..\bachelors-thesis-main\dictionaries\English2.dic --machine-readable --status --status-timer=1 --quiet
