STATUS,SPEED,MILISECONDS,EXEC_RUNTIME,CURKU,PROGRESS,PROGRESS_ALL,RECHASH,RECHASH,RECSALT,RECSALT,TEMP,REJECTED,UTIL
3,19,1000,2.824316,0,0,101742498841,0,1,0,1,56,0,92
3,19,1000,2.823281,0,0,101742498841,0,1,0,1,56,0,92
3,19,1000,2.826933,0,0,101742498841,0,1,0,1,56,0,92
3,19,1000,2.826021,0,0,101742498841,0,1,0,1,56,0,92
3,19,1000,2.824925,0,0,101742498841,0,1,0,1,56,0,92
3,19,1000,2.824282,0,0,101742498841,0,1,0,1,56,0,92
11,19,1000,2.826138,0,0,101742498841,0,1,0,1,56,0,92
11,19,1000,2.826042,0,0,101742498841,0,1,0,1,56,0,92
err,
hashcat arguments,hashcat.exe -a 1 --runtime 10 -m 13771 ..\bachelors-thesis-main\hash-files\hashcat_streebog512_aes_13771.vc ..\bachelors-thesis-main\dictionaries\English.dic ..\bachelors-thesis-main\dictionaries\English2.dic --machine-readable --status --status-timer=1 --quiet
