STATUS,SPEED,MILISECONDS,EXEC_RUNTIME,CURKU,PROGRESS,PROGRESS_ALL,RECHASH,RECHASH,RECSALT,RECSALT,TEMP,REJECTED,UTIL
3,600488031,1000,23.835055,0,2055208960,101742498841,0,1,0,1,60,0,98
3,590834123,1000,24.414503,0,2627731456,101742498841,0,1,0,1,60,0,98
3,596544685,1000,24.137168,0,3273654272,101742498841,0,1,0,1,60,0,98
3,598643611,1000,23.983080,0,3904897024,101742498841,0,1,0,1,60,0,98
3,595188125,1000,23.814700,0,4492099584,101742498841,0,1,0,1,60,0,98
3,593096116,1000,24.284723,0,5093982208,101742498841,0,1,0,1,60,0,98
11,590051340,1000,24.995239,0,5681184768,101742498841,0,1,0,1,60,0,97
11,590051340,1000,24.988607,0,5681184768,101742498841,0,1,0,1,60,0,97
err,
hashcat arguments,hashcat.exe -a 1 --runtime 10 -m 26300 SH2MCKr6kt9rLQKbn/YTlncOnR6OtcJ1YL/h8hw2wWicjSRf3bbkSrL+q6cDpg= ..\bachelors-thesis-main\dictionaries\English.dic ..\bachelors-thesis-main\dictionaries\English2.dic --machine-readable --status --status-timer=1 --quiet
