STATUS,SPEED,MILISECONDS,EXEC_RUNTIME,CURKU,PROGRESS,PROGRESS_ALL,RECHASH,RECHASH,RECSALT,RECSALT,TEMP,REJECTED,UTIL
3,4625,1000,11.026983,0,0,101742498841,0,1,0,1,67,0,97
3,4626,1000,11.029616,0,0,101742498841,0,1,0,1,67,0,98
3,4625,1000,11.027238,0,0,101742498841,0,1,0,1,67,0,97
3,4624,1000,11.029749,0,0,101742498841,0,1,0,1,67,0,97
3,4623,1000,11.031332,0,0,101742498841,0,1,0,1,68,0,97
3,4623,1000,11.029970,0,0,101742498841,0,1,0,1,68,0,97
11,4622,1000,11.031493,0,0,101742498841,0,1,0,1,68,0,97
11,4622,1000,11.031621,0,0,101742498841,0,1,0,1,68,0,97
err,
hashcat arguments,hashcat.exe -a 1 --runtime 10 -m 27500 $vbox$0$260000$fcc37189521686699a43e49514b91f159306be108b98895666583cd15c3e206b$8$288c3957db47e7c3dff2f7932121eb3395d21ab76b9cf3de2dc660310a25e7ad$20000$8847cd90f8acef74bae41155392908780eebb1d16452aa09b2f7b6cd7d8a4096$9f4d615b484f95c73944a98f392a3ce04f93403e8bb6257e6b6c854273d3a08a ..\bachelors-thesis-main\dictionaries\English.dic ..\bachelors-thesis-main\dictionaries\English2.dic --machine-readable --status --status-timer=1 --quiet
