STATUS,SPEED,MILISECONDS,EXEC_RUNTIME,CURKU,PROGRESS,PROGRESS_ALL,RECHASH,RECHASH,RECSALT,RECSALT,TEMP,REJECTED,UTIL
3,601,1000,3.117979,0,0,101742498841,0,1,0,1,63,0,93
3,602,1000,3.116798,0,0,101742498841,0,1,0,1,63,0,93
3,602,1000,3.122647,0,0,101742498841,0,1,0,1,63,0,93
3,602,1000,3.118226,0,0,101742498841,0,1,0,1,63,0,92
3,602,1000,3.113324,0,0,101742498841,0,1,0,1,64,0,92
3,602,1000,3.107724,0,0,101742498841,0,1,0,1,64,0,93
11,603,1000,3.106201,0,0,101742498841,0,1,0,1,64,0,93
11,603,1000,3.106153,0,0,101742498841,0,1,0,1,64,0,93
err,
hashcat arguments,hashcat.exe -a 1 --runtime 10 -m 13721 ..\bachelors-thesis-main\hash-files\hashcat_sha512_twofish_13721.vc ..\bachelors-thesis-main\dictionaries\English.dic ..\bachelors-thesis-main\dictionaries\English2.dic --machine-readable --status --status-timer=1 --quiet
