STATUS,SPEED,MILISECONDS,EXEC_RUNTIME,CURKU,PROGRESS,PROGRESS_ALL,RECHASH,RECHASH,RECSALT,RECSALT,TEMP,REJECTED,UTIL
3,70780,1000,9.971017,0,229376,101742498841,0,1,0,1,74,0,96
3,70780,1000,9.974482,0,229376,101742498841,0,1,0,1,74,0,97
3,70740,1000,10.391363,0,344064,101742498841,0,1,0,1,71,0,97
3,70740,1000,10.987590,0,344064,101742498841,0,1,0,1,70,0,97
3,69151,1000,10.924747,0,458752,101742498841,0,1,0,1,70,0,97
3,68250,1000,10.924230,0,573440,101742498841,0,1,0,1,70,0,97
11,68250,1000,10.923112,0,573440,101742498841,0,1,0,1,70,0,97
11,68250,1000,10.922888,0,573440,101742498841,0,1,0,1,70,0,91
err,
hashcat arguments,hashcat.exe -a 1 --runtime 10 -m 9200 $8$TnGX/fE4KGHOVU$pEhnEvxrvaynpi8j4f.EMHr6M.FzU8xnZnBr/tJdFWk ..\bachelors-thesis-main\dictionaries\English.dic ..\bachelors-thesis-main\dictionaries\English2.dic --machine-readable --status --status-timer=1 --quiet
