STATUS,SPEED,MILISECONDS,EXEC_RUNTIME,CURKU,PROGRESS,PROGRESS_ALL,RECHASH,RECHASH,RECSALT,RECSALT,TEMP,REJECTED,UTIL
3,294,1000,3.202330,0,0,101742498841,0,1,0,1,61,0,92
3,294,1000,3.194076,0,0,101742498841,0,1,0,1,61,0,93
3,294,1000,3.203942,0,0,101742498841,0,1,0,1,61,0,92
3,294,1000,3.196820,0,0,101742498841,0,1,0,1,62,0,93
3,294,1000,3.197833,0,0,101742498841,0,1,0,1,62,0,93
3,294,1000,3.196408,0,0,101742498841,0,1,0,1,62,0,93
11,294,1000,3.201255,0,0,101742498841,0,1,0,1,62,0,93
11,294,1000,3.200823,0,0,101742498841,0,1,0,1,62,0,94
err,
hashcat arguments,hashcat.exe -a 1 --runtime 10 -m 13722 ..\bachelors-thesis-main\hash-files\hashcat_sha512_twofish-serpent_13722.vc ..\bachelors-thesis-main\dictionaries\English.dic ..\bachelors-thesis-main\dictionaries\English2.dic --machine-readable --status --status-timer=1 --quiet
