STATUS,SPEED,MILISECONDS,EXEC_RUNTIME,CURKU,PROGRESS,PROGRESS_ALL,RECHASH,RECHASH,RECSALT,RECSALT,TEMP,REJECTED,UTIL
3,10697,1000,8.243313,0,0,101742498841,0,1,0,1,63,0,96
3,10703,1000,8.234469,0,0,101742498841,0,1,0,1,63,0,96
3,10706,1000,8.239918,0,0,101742498841,0,1,0,1,63,0,96
3,10705,1000,8.249771,0,57344,101742498841,0,1,0,1,63,0,96
3,10705,1000,8.245171,0,57344,101742498841,0,1,0,1,63,0,96
3,10705,1000,8.243891,0,57344,101742498841,0,1,0,1,63,0,96
11,10705,1000,8.234903,0,57344,101742498841,0,1,0,1,63,0,96
11,10705,1000,8.234919,0,57344,101742498841,0,1,0,1,63,0,96
err,
hashcat arguments,hashcat.exe -a 1 --runtime 10 -m 8200 ..\bachelors-thesis-main\hash-files\hashcat.cloudkeychain ..\bachelors-thesis-main\dictionaries\English.dic ..\bachelors-thesis-main\dictionaries\English2.dic --machine-readable --status --status-timer=1 --quiet
