STATUS,SPEED,MILISECONDS,EXEC_RUNTIME,CURKU,PROGRESS,PROGRESS_ALL,RECHASH,RECHASH,RECSALT,RECSALT,TEMP,REJECTED,UTIL
3,302625,1000,7.634515,0,956913,101742498841,0,1,0,1,71,0,97
3,302854,1000,7.635721,0,1275884,101742498841,0,1,0,1,71,0,97
3,302328,1000,7.700203,0,1594855,101742498841,0,1,0,1,70,0,97
3,302328,1000,8.968595,0,1594855,101742498841,0,1,0,1,66,0,97
3,293219,1000,9.461023,0,1913826,101742498841,0,1,0,1,65,0,97
3,285410,1000,9.500534,0,2232797,101742498841,0,1,0,1,64,0,97
3,280037,1000,9.516240,0,2551768,101742498841,0,1,0,1,64,0,98
11,275746,1000,9.495122,0,2870739,101742498841,0,1,0,1,64,0,98
11,275746,1000,9.495658,0,2870739,101742498841,0,1,0,1,64,0,98
err,
hashcat arguments,hashcat.exe -a 1 --runtime 10 -m 6211 ..\bachelors-thesis-main\hash-files\hashcat_ripemd160_serpent.tc ..\bachelors-thesis-main\dictionaries\English.dic ..\bachelors-thesis-main\dictionaries\English2.dic --machine-readable --status --status-timer=1 --quiet
