STATUS,SPEED,MILISECONDS,EXEC_RUNTIME,CURKU,PROGRESS,PROGRESS_ALL,RECHASH,RECHASH,RECSALT,RECSALT,TEMP,REJECTED,UTIL
3,1162446,1000,10.323252,0,3784704,101742498841,0,1,0,1,64,0,96
3,1162728,1000,10.416592,0,4931584,101742498841,0,1,0,1,64,0,97
3,1162766,1000,10.427706,0,6193152,101742498841,0,1,0,1,64,0,96
3,1162525,1000,10.428562,0,7340032,101742498841,0,1,0,1,65,0,97
3,1162742,1000,10.324707,0,8601600,101742498841,0,1,0,1,65,0,97
3,1162808,1000,10.411378,0,9748480,101742498841,0,1,0,1,65,0,97
11,1162917,1000,10.411120,0,11010048,101742498841,0,1,0,1,65,0,97
11,1162917,1000,10.411112,0,11010048,101742498841,0,1,0,1,65,0,97
err,
hashcat arguments,hashcat.exe -a 1 --runtime 10 -m 5200 ..\bachelors-thesis-main\hash-files\hashcat.psafe3 ..\bachelors-thesis-main\dictionaries\English.dic ..\bachelors-thesis-main\dictionaries\English2.dic --machine-readable --status --status-timer=1 --quiet
