STATUS,SPEED,MILISECONDS,EXEC_RUNTIME,CURKU,PROGRESS,PROGRESS_ALL,RECHASH,RECHASH,RECSALT,RECSALT,TEMP,REJECTED,UTIL
3,177504922,1000,20.152023,0,587202560,101742498841,0,1,0,1,61,0,98
3,177670578,1000,20.151578,0,767033344,101742498841,0,1,0,1,61,0,98
3,177647260,1000,20.147632,0,946864128,101742498841,0,1,0,1,61,0,98
3,175925633,1000,20.623914,0,1115684864,101742498841,0,1,0,1,60,0,98
3,174433521,1000,21.176107,0,1284505600,101742498841,0,1,0,1,59,0,98
3,173333753,1000,21.647453,0,1453326336,101742498841,0,1,0,1,60,0,98
11,172469696,1000,21.655540,0,1622147072,101742498841,0,1,0,1,59,0,98
11,172469696,1000,21.654452,0,1622147072,101742498841,0,1,0,1,59,0,98
err,
hashcat arguments,hashcat.exe -a 1 --runtime 10 -m 610 $BLAKE2$41fcd44c789c735c08b43a871b81c8f617ca43918d38aee6cf8291c58a0b00a03115857425e5ff6f044be7a5bec8536b52d6c9992e21cd43cdca8a55bbf1f5c1:1033 ..\bachelors-thesis-main\dictionaries\English.dic ..\bachelors-thesis-main\dictionaries\English2.dic --machine-readable --status --status-timer=1 --quiet
