STATUS,SPEED,MILISECONDS,EXEC_RUNTIME,CURKU,PROGRESS,PROGRESS_ALL,RECHASH,RECHASH,RECSALT,RECSALT,TEMP,REJECTED,UTIL
err,Cannot load module ./modules/module_31300.dll


hashcat arguments,hashcat.exe -a 1 --runtime 10 -m 31300 $sntp-ms$cfc7023381cf6bb474cdcbeb0a67bdb3$907733697536811342962140955567108526489624716566696971338784438986103976327367763739445744705380 ..\bachelors-thesis-main\dictionaries\English.dic ..\bachelors-thesis-main\dictionaries\English2.dic --machine-readable --status --status-timer=1 --quiet
