STATUS,SPEED,MILISECONDS,EXEC_RUNTIME,CURKU,PROGRESS,PROGRESS_ALL,RECHASH,RECHASH,RECSALT,RECSALT,TEMP,REJECTED,UTIL
3,20571,1000,7.950102,0,57344,101742498841,0,1,0,1,65,0,96
3,20571,1000,8.396610,0,57344,101742498841,0,1,0,1,63,0,97
3,20571,1000,9.703311,0,57344,101742498841,0,1,0,1,62,0,97
3,19535,1000,9.799682,0,114688,101742498841,0,1,0,1,61,0,97
3,19535,1000,9.822534,0,114688,101742498841,0,1,0,1,61,0,97
3,19535,1000,9.805633,0,114688,101742498841,0,1,0,1,61,0,97
11,18504,1000,9.808998,0,172032,101742498841,0,1,0,1,61,0,97
11,18504,1000,9.809262,0,172032,101742498841,0,1,0,1,61,0,97
err,
hashcat arguments,hashcat.exe -a 1 --runtime 10 -m 6232 ..\bachelors-thesis-main\hash-files\hashcat_whirlpool_twofish-serpent.tc ..\bachelors-thesis-main\dictionaries\English.dic ..\bachelors-thesis-main\dictionaries\English2.dic --machine-readable --status --status-timer=1 --quiet
