STATUS,SPEED,MILISECONDS,EXEC_RUNTIME,CURKU,PROGRESS,PROGRESS_ALL,RECHASH,RECHASH,RECSALT,RECSALT,TEMP,REJECTED,UTIL
3,75,1000,3.025099,0,0,101742498841,0,1,0,1,73,0,92
3,74,1000,3.807168,0,0,101742498841,0,1,0,1,68,0,95
3,70,1000,4.593443,0,0,101742498841,0,1,0,1,63,0,95
3,67,1000,4.623088,0,0,101742498841,0,1,0,1,62,0,95
3,65,1000,4.627203,0,0,101742498841,0,1,0,1,62,0,95
3,64,1000,3.306500,0,0,101742498841,0,1,0,1,67,0,93
11,65,1000,3.114244,0,0,101742498841,0,1,0,1,72,0,93
11,65,1000,3.113556,0,0,101742498841,0,1,0,1,72,0,93
err,
hashcat arguments,hashcat.exe -a 1 --runtime 10 -m 13731 ..\bachelors-thesis-main\hash-files\hashcat_whirlpool_serpent_13731.vc ..\bachelors-thesis-main\dictionaries\English.dic ..\bachelors-thesis-main\dictionaries\English2.dic --machine-readable --status --status-timer=1 --quiet
