STATUS,SPEED,MILISECONDS,EXEC_RUNTIME,CURKU,PROGRESS,PROGRESS_ALL,RECHASH,RECHASH,RECSALT,RECSALT,TEMP,REJECTED,UTIL
3,42489,1000,9.009983,0,114688,101742498841,0,1,0,1,62,0,97
3,42483,1000,9.175417,0,172032,101742498841,0,1,0,1,61,0,97
3,41456,1000,10.568920,0,229376,101742498841,0,1,0,1,59,0,97
3,41456,1000,11.126206,0,229376,101742498841,0,1,0,1,58,0,97
3,39877,1000,11.117056,0,286720,101742498841,0,1,0,1,58,0,97
3,38897,1000,11.109010,0,344064,101742498841,0,1,0,1,58,0,97
11,38897,1000,11.124987,0,344064,101742498841,0,1,0,1,58,0,98
11,38897,1000,11.125163,0,344064,101742498841,0,1,0,1,58,0,98
err,
hashcat arguments,hashcat.exe -a 1 --runtime 10 -m 6231 ..\bachelors-thesis-main\hash-files\hashcat_whirlpool_serpent.tc ..\bachelors-thesis-main\dictionaries\English.dic ..\bachelors-thesis-main\dictionaries\English2.dic --machine-readable --status --status-timer=1 --quiet
