STATUS,SPEED,MILISECONDS,EXEC_RUNTIME,CURKU,PROGRESS,PROGRESS_ALL,RECHASH,RECHASH,RECSALT,RECSALT,TEMP,REJECTED,UTIL
3,13345,1000,10.646817,0,0,101742498841,0,1,0,1,67,0,97
3,13349,1000,10.649061,0,0,101742498841,0,1,0,1,67,0,97
3,13352,1000,10.647773,0,0,101742498841,0,1,0,1,67,0,97
3,13352,1000,10.653259,0,0,101742498841,0,1,0,1,68,0,97
3,13352,1000,10.655317,0,0,101742498841,0,1,0,1,68,0,97
3,13352,1000,10.649418,0,0,101742498841,0,1,0,1,68,0,97
11,13353,1000,10.646446,0,0,101742498841,0,1,0,1,68,0,97
11,13353,1000,10.568247,0,0,101742498841,0,1,0,1,68,0,97
err,
hashcat arguments,hashcat.exe -a 1 --runtime 10 -m 23400 $bitwarden$2*100000*2*bm9yZXBseUBoYXNoY2F0Lm5ldA==*+v5rHxYydSRUDlan+4pSoiYQwAgEhdmivlb+exQX+fg= ..\bachelors-thesis-main\dictionaries\English.dic ..\bachelors-thesis-main\dictionaries\English2.dic --machine-readable --status --status-timer=1 --quiet
