STATUS,SPEED,MILISECONDS,EXEC_RUNTIME,CURKU,PROGRESS,PROGRESS_ALL,RECHASH,RECHASH,RECSALT,RECSALT,TEMP,REJECTED,UTIL
3,6884807,1000,3.511798,0,21690096,101742498841,0,1,0,1,82,0,91
3,6863342,1000,3.445255,0,28707480,101742498841,0,1,0,1,84,0,91
3,6861436,1000,3.487090,0,35724864,101742498841,0,1,0,1,83,0,91
3,6844572,1000,3.535094,0,42582762,101742498841,0,1,0,1,83,0,92
3,6850502,1000,3.431739,0,49759632,101742498841,0,1,0,1,85,0,91
3,6840918,1000,3.492419,0,56617530,101742498841,0,1,0,1,83,0,91
11,6834131,1000,3.516945,0,63475428,101742498841,0,1,0,1,83,0,91
11,6834131,1000,3.537363,0,63475428,101742498841,0,1,0,1,83,0,91
err,
hashcat arguments,hashcat.exe -a 1 --runtime 10 -m 6500 {ssha512}06$bJbkFGJAB30L2e23$bXiXjyH5YGIyoWWmEVwq67nCU5t7GLy9HkCzrodRCQCx3r9VvG98o7O3V0r9cVrX3LPPGuHqT5LLn0oGCuI1.. ..\bachelors-thesis-main\dictionaries\English.dic ..\bachelors-thesis-main\dictionaries\English2.dic --machine-readable --status --status-timer=1 --quiet
