STATUS,SPEED,MILISECONDS,EXEC_RUNTIME,CURKU,PROGRESS,PROGRESS_ALL,RECHASH,RECHASH,RECSALT,RECSALT,TEMP,REJECTED,UTIL
3,12587,1000,9.359245,0,28672,101742498841,0,1,0,1,62,0,97
3,12587,1000,9.393376,0,28672,101742498841,0,1,0,1,62,0,97
3,12580,1000,9.366399,0,57344,101742498841,0,1,0,1,62,0,97
3,12580,1000,9.408302,0,57344,101742498841,0,1,0,1,62,0,97
3,12566,1000,9.416009,0,86016,101742498841,0,1,0,1,62,0,97
3,12566,1000,9.503872,0,86016,101742498841,0,1,0,1,62,0,97
11,12531,1000,9.450223,0,114688,101742498841,0,1,0,1,63,0,97
11,12531,1000,9.450229,0,114688,101742498841,0,1,0,1,63,0,97
err,
hashcat arguments,hashcat.exe -a 1 --runtime 10 -m 29700 $keepass$*2*60000*0*02078d460c3c837003f22ee2ba42b3ac2a9ad9e913efb61349b3f91aacd0b004*c901781373cb6806df4b4c7b427ba698440f9e9dd68101e6a198e4a95cb10098*c602f182f8b03671c944a5af357eede7*135443633e6d2b6dba314dee0a1e2b5d0c025ca5fcaf692a20d77fb62cc44f63*51b0b2d19d82c88a0d1a646151be0b68c5e3c841a7a21b4abb2e9be14f298ed1 ..\bachelors-thesis-main\dictionaries\English.dic ..\bachelors-thesis-main\dictionaries\English2.dic --machine-readable --status --status-timer=1 --quiet
