STATUS,SPEED,MILISECONDS,EXEC_RUNTIME,CURKU,PROGRESS,PROGRESS_ALL,RECHASH,RECHASH,RECSALT,RECSALT,TEMP,REJECTED,UTIL
3,67788,1000,10.495165,0,114688,101742498841,0,1,0,1,66,0,97
3,67666,1000,10.431442,0,229376,101742498841,0,1,0,1,67,0,97
3,67643,1000,10.434449,0,344064,101742498841,0,1,0,1,67,0,97
3,67643,1000,10.432931,0,344064,101742498841,0,1,0,1,67,0,97
3,67630,1000,10.430808,0,458752,101742498841,0,1,0,1,67,0,97
3,67630,1000,10.492516,0,458752,101742498841,0,1,0,1,67,0,97
11,67610,1000,10.432116,0,573440,101742498841,0,1,0,1,67,0,97
11,67610,1000,10.431956,0,573440,101742498841,0,1,0,1,67,0,90
err,
hashcat arguments,hashcat.exe -a 1 --runtime 10 -m 18300 $fvde$2$16$58778104701476542047675521040224$20000$39602e86b7cea4a34f4ff69ff6ed706d68954ee474de1d2a9f6a6f2d24d172001e484c1d4eaa237d ..\bachelors-thesis-main\dictionaries\English.dic ..\bachelors-thesis-main\dictionaries\English2.dic --machine-readable --status --status-timer=1 --quiet
