STATUS,SPEED,MILISECONDS,EXEC_RUNTIME,CURKU,PROGRESS,PROGRESS_ALL,RECHASH,RECHASH,RECSALT,RECSALT,TEMP,REJECTED,UTIL
3,153814,1000,7.353890,0,516096,101742498841,0,1,0,1,64,0,95
3,153832,1000,7.393628,0,659456,101742498841,0,1,0,1,64,0,95
3,153866,1000,7.356564,0,831488,101742498841,0,1,0,1,64,0,95
3,152237,1000,7.918628,0,974848,101742498841,0,1,0,1,62,0,96
3,150731,1000,8.047932,0,1118208,101742498841,0,1,0,1,62,0,95
3,149602,1000,8.084603,0,1261568,101742498841,0,1,0,1,62,0,96
11,148720,1000,8.085365,0,1404928,101742498841,0,1,0,1,62,0,96
11,148720,1000,8.085357,0,1404928,101742498841,0,1,0,1,62,0,96
err,
hashcat arguments,hashcat.exe -a 1 --runtime 10 -m 13400 $keepass$*2*6000*222*15b6b685bae998f2f608c909dc554e514f2843fbac3c7c16ea3600cc0de30212*c417098b445cfc7a87d56ba17200836f30208d38f75a4169c0280bab3b10ca2a*0d15a81eadccc58b1d3942090cd0ba66*57c4aa5ac7295a97da10f8b2f2d2bfd7a98b0faf75396bc1b55164a1e1dc7e52*2b822bb7e7d060bb42324459cb24df4d3ecd66dc5fc627ac50bf2d7c4255e4f8*1*64*aaf72933951a03351e032b382232bcafbeeabc9bc8e6988b18407bc5b8f0e3cc ..\bachelors-thesis-main\dictionaries\English.dic ..\bachelors-thesis-main\dictionaries\English2.dic --machine-readable --status --status-timer=1 --quiet
