STATUS,SPEED,MILISECONDS,EXEC_RUNTIME,CURKU,PROGRESS,PROGRESS_ALL,RECHASH,RECHASH,RECSALT,RECSALT,TEMP,REJECTED,UTIL
3,181821,1000,7.881389,0,573440,101742498841,0,1,0,1,63,0,96
3,181829,1000,7.817600,0,774144,101742498841,0,1,0,1,63,0,96
3,181855,1000,7.821194,0,946176,101742498841,0,1,0,1,63,0,96
3,181845,1000,7.870291,0,1146880,101742498841,0,1,0,1,63,0,96
3,181888,1000,7.808842,0,1347584,101742498841,0,1,0,1,63,0,96
3,181925,1000,7.865872,0,1519616,101742498841,0,1,0,1,63,0,96
11,181952,1000,7.816533,0,1720320,101742498841,0,1,0,1,63,0,96
11,181952,1000,7.816525,0,1720320,101742498841,0,1,0,1,63,0,96
err,
hashcat arguments,hashcat.exe -a 1 --runtime 10 -m 20012 ..\bachelors-thesis-main\hash-files\hashcat_aes_twofish.dc ..\bachelors-thesis-main\dictionaries\English.dic ..\bachelors-thesis-main\dictionaries\English2.dic --machine-readable --status --status-timer=1 --quiet
