STATUS,SPEED,MILISECONDS,EXEC_RUNTIME,CURKU,PROGRESS,PROGRESS_ALL,RECHASH,RECHASH,RECSALT,RECSALT,TEMP,REJECTED,UTIL
3,1033507,1000,6.266192,0,3440640,101742498841,0,1,0,1,65,0,94
3,1027915,1000,6.206754,0,4472832,101742498841,0,1,0,1,65,0,95
3,1020683,1000,6.304020,0,5505024,101742498841,0,1,0,1,65,0,95
3,997037,1000,7.372994,0,6307840,101742498841,0,1,0,1,63,0,96
3,983443,1000,7.062856,0,7225344,101742498841,0,1,0,1,63,0,96
3,973685,1000,6.909705,0,8257536,101742498841,0,1,0,1,63,0,95
11,963419,1000,7.261241,0,9060352,101742498841,0,1,0,1,63,0,95
11,963419,1000,7.259712,0,9060352,101742498841,0,1,0,1,63,0,95
err,
hashcat arguments,hashcat.exe -a 1 --runtime 10 -m 501 3u+UR6n8AgABAAAAHxxdXKmiOmUoqKnZlf8lTOhlPYy93EAkbPfs5+49YLFd/B1+omSKbW7DoqNM40/EeVnwJ8kYoXv9zy9D5C5m5A== ..\bachelors-thesis-main\dictionaries\English.dic ..\bachelors-thesis-main\dictionaries\English2.dic --machine-readable --status --status-timer=1 --quiet
