STATUS,SPEED,MILISECONDS,EXEC_RUNTIME,CURKU,PROGRESS,PROGRESS_ALL,RECHASH,RECHASH,RECSALT,RECSALT,TEMP,REJECTED,UTIL
3,2831668,1000,7.310434,0,9289728,101742498841,0,1,0,1,83,0,95
3,2818507,1000,7.287043,0,12156928,101742498841,0,1,0,1,84,0,95
3,2797611,1000,7.466213,0,14909440,101742498841,0,1,0,1,82,0,95
3,2798312,1000,7.273431,0,17776640,101742498841,0,1,0,1,85,0,94
3,2789993,1000,7.397828,0,20643840,101742498841,0,1,0,1,83,0,95
3,2789012,1000,7.287914,0,23511040,101742498841,0,1,0,1,85,0,94
11,2786473,1000,7.327578,0,26378240,101742498841,0,1,0,1,84,0,94
11,2786473,1000,7.325666,0,26378240,101742498841,0,1,0,1,84,0,94
err,
hashcat arguments,hashcat.exe -a 1 --runtime 10 -m 6800 a2d1f7b7a1862d0d4a52644e72d59df5:500:lp@trash-mail.com ..\bachelors-thesis-main\dictionaries\English.dic ..\bachelors-thesis-main\dictionaries\English2.dic --machine-readable --status --status-timer=1 --quiet
