STATUS,SPEED,MILISECONDS,EXEC_RUNTIME,CURKU,PROGRESS,PROGRESS_ALL,RECHASH,RECHASH,RECSALT,RECSALT,TEMP,REJECTED,UTIL
3,224743,1000,6.258051,0,745472,101742498841,0,1,0,1,71,0,95
3,224806,1000,6.257634,0,974848,101742498841,0,1,0,1,71,0,95
3,224816,1000,6.259501,0,1204224,101742498841,0,1,0,1,72,0,95
3,220299,1000,7.222758,0,1404928,101742498841,0,1,0,1,66,0,96
3,215080,1000,7.700126,0,1605632,101742498841,0,1,0,1,65,0,96
3,211690,1000,7.766065,0,1777664,101742498841,0,1,0,1,65,0,96
3,208329,1000,7.786027,0,1978368,101742498841,0,1,0,1,64,0,96
11,205998,1000,7.789764,0,2150400,101742498841,0,1,0,1,64,0,96
11,205998,1000,7.789764,0,2150400,101742498841,0,1,0,1,64,0,90
err,
hashcat arguments,hashcat.exe -a 1 --runtime 10 -m 20012 ..\bachelors-thesis-main\hash-files\hashcat_twofish_serpent.dc ..\bachelors-thesis-main\dictionaries\English.dic ..\bachelors-thesis-main\dictionaries\English2.dic --machine-readable --status --status-timer=1 --quiet
