STATUS,SPEED,MILISECONDS,EXEC_RUNTIME,CURKU,PROGRESS,PROGRESS_ALL,RECHASH,RECHASH,RECSALT,RECSALT,TEMP,REJECTED,UTIL
3,10032,1000,7.004675,0,0,101742498841,0,1,0,1,67,0,96
3,10029,1000,7.007734,0,0,101742498841,0,1,0,1,67,0,96
3,10028,1000,7.004540,0,0,101742498841,0,1,0,1,67,0,96
3,10025,1000,6.967661,0,57344,101742498841,0,1,0,1,67,0,95
3,10025,1000,7.000899,0,57344,101742498841,0,1,0,1,68,0,96
3,10025,1000,7.003852,0,57344,101742498841,0,1,0,1,68,0,96
11,10025,1000,7.005499,0,57344,101742498841,0,1,0,1,68,0,96
11,10025,1000,7.005555,0,57344,101742498841,0,1,0,1,68,0,96
err,
hashcat arguments,hashcat.exe -a 1 --runtime 10 -m 25300 $office$2016$0$100000$876MLoKTq42+/DLp415iZQ==$TNDvpvYyvlSUy97UOLKNhXynhUDDA7H8kLql0ISH5SxcP6hbthdjaTo4Z3/MU0dcR2SAd+AduYb3TB5CLZ8+ow== ..\bachelors-thesis-main\dictionaries\English.dic ..\bachelors-thesis-main\dictionaries\English2.dic --machine-readable --status --status-timer=1 --quiet
