STATUS,SPEED,MILISECONDS,EXEC_RUNTIME,CURKU,PROGRESS,PROGRESS_ALL,RECHASH,RECHASH,RECSALT,RECSALT,TEMP,REJECTED,UTIL
3,16833958648,1000,1.263230,159486,60343601418,101742498841,0,1,0,1,55,0,69
3,17325421998,1000,1.255254,239229,79859141007,101742498841,0,1,0,1,55,0,53
3,18113258461,1000,1.248126,239229,101742498841,101742498841,0,1,0,1,55,0,68
5,18113258461,1000,1.248126,318971,101742498841,101742498841,0,1,0,1,55,0,68
err,
hashcat arguments,hashcat.exe -a 1 --runtime 10 -m 28505 3H1YvmSdrjEfj9LvtiKJ8XiYq5htJRuejA ..\bachelors-thesis-main\dictionaries\English.dic ..\bachelors-thesis-main\dictionaries\English2.dic --machine-readable --status --status-timer=1 --quiet
