STATUS,SPEED,MILISECONDS,EXEC_RUNTIME,CURKU,PROGRESS,PROGRESS_ALL,RECHASH,RECHASH,RECSALT,RECSALT,TEMP,REJECTED,UTIL
3,707,1000,4.124773,0,0,101742498841,0,1,0,1,62,0,95
3,707,1000,4.119349,0,0,101742498841,0,1,0,1,63,0,95
3,708,1000,4.122133,0,0,101742498841,0,1,0,1,63,0,95
3,708,1000,4.129481,0,0,101742498841,0,1,0,1,63,0,95
3,708,1000,4.145753,0,0,101742498841,0,1,0,1,63,0,95
3,709,1000,4.124275,0,0,101742498841,0,1,0,1,63,0,96
11,709,1000,4.131796,0,0,101742498841,0,1,0,1,63,0,94
11,709,1000,4.131812,0,0,101742498841,0,1,0,1,63,0,94
err,
hashcat arguments,hashcat.exe -a 1 --runtime 10 -m 13711 ..\bachelors-thesis-main\hash-files\hashcat_ripemd160_serpent_13711.vc ..\bachelors-thesis-main\dictionaries\English.dic ..\bachelors-thesis-main\dictionaries\English2.dic --machine-readable --status --status-timer=1 --quiet
