STATUS,SPEED,MILISECONDS,EXEC_RUNTIME,CURKU,PROGRESS,PROGRESS_ALL,RECHASH,RECHASH,RECSALT,RECSALT,TEMP,REJECTED,UTIL
3,2180469,1000,3.866359,0,7176870,101742498841,0,1,0,1,81,0,91
3,2138930,1000,4.062216,0,9250188,101742498841,0,1,0,1,81,0,92
3,2089212,1000,4.150561,0,11084277,101742498841,0,1,0,1,82,0,92
3,2065508,1000,4.134773,0,13157595,101742498841,0,1,0,1,82,0,92
3,2049088,1000,4.157509,0,15071427,101742498841,0,1,0,1,82,0,92
3,2035135,1000,4.155948,0,17065002,101742498841,0,1,0,1,82,0,92
11,2031503,1000,3.966457,0,19138320,101742498841,0,1,0,1,82,0,92
11,2031503,1000,3.961001,0,19138320,101742498841,0,1,0,1,82,0,86
err,
hashcat arguments,hashcat.exe -a 1 --runtime 10 -m 5800 0223b799d526b596fe4ba5628b9e65068227e68e:f6d45822728ddb2c ..\bachelors-thesis-main\dictionaries\English.dic ..\bachelors-thesis-main\dictionaries\English2.dic --machine-readable --status --status-timer=1 --quiet
