STATUS,SPEED,MILISECONDS,EXEC_RUNTIME,CURKU,PROGRESS,PROGRESS_ALL,RECHASH,RECHASH,RECSALT,RECSALT,TEMP,REJECTED,UTIL
3,200,1000,4.755600,0,0,101742498841,0,1,0,1,63,0,95
3,201,1000,4.753043,0,0,101742498841,0,1,0,1,63,0,95
3,201,1000,4.748100,0,0,101742498841,0,1,0,1,63,0,95
3,201,1000,4.750326,0,0,101742498841,0,1,0,1,63,0,95
3,202,1000,4.746136,0,0,101742498841,0,1,0,1,63,0,95
3,202,1000,4.748301,0,0,101742498841,0,1,0,1,63,0,95
11,202,1000,4.755252,0,0,101742498841,0,1,0,1,63,0,95
11,202,1000,4.755452,0,0,101742498841,0,1,0,1,63,0,95
err,
hashcat arguments,hashcat.exe -a 1 --runtime 10 -m 13723 ..\bachelors-thesis-main\hash-files\hashcat_sha512_serpent-twofish-aes_13723.vc ..\bachelors-thesis-main\dictionaries\English.dic ..\bachelors-thesis-main\dictionaries\English2.dic --machine-readable --status --status-timer=1 --quiet
