STATUS,SPEED,MILISECONDS,EXEC_RUNTIME,CURKU,PROGRESS,PROGRESS_ALL,RECHASH,RECHASH,RECSALT,RECSALT,TEMP,REJECTED,UTIL
3,3643515,1000,6.263379,0,12156928,101742498841,0,1,0,1,73,0,96
3,3646915,1000,6.313813,0,15826944,101742498841,0,1,0,1,73,0,95
3,3629768,1000,6.518998,0,19496960,101742498841,0,1,0,1,71,0,95
3,3584457,1000,6.905620,0,22937600,101742498841,0,1,0,1,70,0,95
3,3551500,1000,6.907808,0,26378240,101742498841,0,1,0,1,69,0,95
3,3526116,1000,6.909372,0,29818880,101742498841,0,1,0,1,69,0,95
3,3507038,1000,6.907443,0,33259520,101742498841,0,1,0,1,69,0,94
11,3491097,1000,6.907911,0,36700160,101742498841,0,1,0,1,69,0,95
11,3491097,1000,6.908143,0,36700160,101742498841,0,1,0,1,69,0,95
err,
hashcat arguments,hashcat.exe -a 1 --runtime 10 -m 12000 sha1:1000:MzU4NTA4MzIzNzA1MDQ=:19ofiY+ahBXhvkDsp0j2ww== ..\bachelors-thesis-main\dictionaries\English.dic ..\bachelors-thesis-main\dictionaries\English2.dic --machine-readable --status --status-timer=1 --quiet
