STATUS,SPEED,MILISECONDS,EXEC_RUNTIME,CURKU,PROGRESS,PROGRESS_ALL,RECHASH,RECHASH,RECSALT,RECSALT,TEMP,REJECTED,UTIL
3,294,1000,3.194782,0,0,101742498841,0,1,0,1,61,0,93
3,294,1000,3.197971,0,0,101742498841,0,1,0,1,62,0,93
3,294,1000,3.202701,0,0,101742498841,0,1,0,1,62,0,93
3,294,1000,3.201064,0,0,101742498841,0,1,0,1,62,0,93
3,294,1000,3.170605,0,0,101742498841,0,1,0,1,62,0,93
3,295,1000,3.170617,0,0,101742498841,0,1,0,1,62,0,93
11,295,1000,3.163588,0,0,101742498841,0,1,0,1,62,0,93
11,295,1000,3.163524,0,0,101742498841,0,1,0,1,62,0,93
err,
hashcat arguments,hashcat.exe -a 1 --runtime 10 -m 13722 ..\bachelors-thesis-main\hash-files\hashcat_sha512_serpent-aes_13722.vc ..\bachelors-thesis-main\dictionaries\English.dic ..\bachelors-thesis-main\dictionaries\English2.dic --machine-readable --status --status-timer=1 --quiet
