STATUS,SPEED,MILISECONDS,EXEC_RUNTIME,CURKU,PROGRESS,PROGRESS_ALL,RECHASH,RECHASH,RECSALT,RECSALT,TEMP,REJECTED,UTIL
3,52,1000,4.557262,0,0,101742498841,0,1,0,1,63,0,95
3,52,1000,4.552551,0,0,101742498841,0,1,0,1,63,0,95
3,52,1000,4.564375,0,0,101742498841,0,1,0,1,63,0,95
3,52,1000,4.544635,0,0,101742498841,0,1,0,1,63,0,95
3,52,1000,4.557231,0,0,101742498841,0,1,0,1,64,0,95
3,52,1000,4.554223,0,0,101742498841,0,1,0,1,63,0,95
11,52,1000,4.537655,0,0,101742498841,0,1,0,1,63,0,95
11,52,1000,4.538408,0,0,101742498841,0,1,0,1,63,0,95
err,
hashcat arguments,hashcat.exe -a 1 --runtime 10 -m 13731 ..\bachelors-thesis-main\hash-files\hashcat_whirlpool_twofish_13731.vc ..\bachelors-thesis-main\dictionaries\English.dic ..\bachelors-thesis-main\dictionaries\English2.dic --machine-readable --status --status-timer=1 --quiet
