STATUS,SPEED,MILISECONDS,EXEC_RUNTIME,CURKU,PROGRESS,PROGRESS_ALL,RECHASH,RECHASH,RECSALT,RECSALT,TEMP,REJECTED,UTIL
3,471782,1000,6.090694,0,1548288,101742498841,0,1,0,1,71,0,95
3,472580,1000,6.127025,0,2007040,101742498841,0,1,0,1,72,0,95
3,472992,1000,6.089850,0,2523136,101742498841,0,1,0,1,72,0,95
3,464990,1000,7.071386,0,2924544,101742498841,0,1,0,1,66,0,96
3,454311,1000,7.560401,0,3325952,101742498841,0,1,0,1,65,0,96
3,446251,1000,7.567142,0,3727360,101742498841,0,1,0,1,64,0,96
11,440092,1000,7.569246,0,4128768,101742498841,0,1,0,1,64,0,96
11,440092,1000,7.569664,0,4128768,101742498841,0,1,0,1,64,0,96
err,
hashcat arguments,hashcat.exe -a 1 --runtime 10 -m 6221 ..\bachelors-thesis-main\hash-files\hashcat_sha512_aes.tc ..\bachelors-thesis-main\dictionaries\English.dic ..\bachelors-thesis-main\dictionaries\English2.dic --machine-readable --status --status-timer=1 --quiet
