STATUS,SPEED,MILISECONDS,EXEC_RUNTIME,CURKU,PROGRESS,PROGRESS_ALL,RECHASH,RECHASH,RECSALT,RECSALT,TEMP,REJECTED,UTIL
3,571707,1000,7.136746,0,1594855,101742498841,0,1,0,1,74,0,96
3,572018,1000,7.138988,0,2232797,101742498841,0,1,0,1,74,0,96
3,572270,1000,7.137659,0,2870739,101742498841,0,1,0,1,73,0,96
3,563194,1000,7.888936,0,3508681,101742498841,0,1,0,1,67,0,96
3,553851,1000,8.814590,0,3827652,101742498841,0,1,0,1,66,0,97
3,539621,1000,8.821178,0,4465594,101742498841,0,1,0,1,65,0,98
11,534259,1000,8.806817,0,4784565,101742498841,0,1,0,1,66,0,97
11,534259,1000,8.806521,0,4784565,101742498841,0,1,0,1,66,0,97
err,
hashcat arguments,hashcat.exe -a 1 --runtime 10 -m 6241 ..\bachelors-thesis-main\hash-files\hashcat_ripemd160_twofish_boot.tc ..\bachelors-thesis-main\dictionaries\English.dic ..\bachelors-thesis-main\dictionaries\English2.dic --machine-readable --status --status-timer=1 --quiet
