STATUS,SPEED,MILISECONDS,EXEC_RUNTIME,CURKU,PROGRESS,PROGRESS_ALL,RECHASH,RECHASH,RECSALT,RECSALT,TEMP,REJECTED,UTIL
3,5527806381,1000,1.194200,39872,17995150656,101742498841,0,1,0,1,64,0,71
3,5440826849,1000,1.342975,39872,23282496832,101742498841,0,1,0,1,62,0,73
3,5307477638,1000,1.345769,79744,28089903744,101742498841,0,1,0,1,61,0,71
3,5293635865,1000,1.450246,79744,33377249920,101742498841,0,1,0,1,62,0,73
3,5280637974,1000,1.418245,119616,38154035136,101742498841,0,1,0,1,61,0,39
6,5224558916,1000,1.297796,119616,40777293760,101742498841,1,1,1,1,61,0,70
err,
hashcat arguments,hashcat.exe -a 1 --runtime 10 -m 20500 f1eff5c0368d10311dcfc419 ..\bachelors-thesis-main\dictionaries\English.dic ..\bachelors-thesis-main\dictionaries\English2.dic --machine-readable --status --status-timer=1 --quiet
