STATUS,SPEED,MILISECONDS,EXEC_RUNTIME,CURKU,PROGRESS,PROGRESS_ALL,RECHASH,RECHASH,RECSALT,RECSALT,TEMP,REJECTED,UTIL
3,502338,1000,6.699707,0,1605632,101742498841,0,1,0,1,77,0,95
3,502894,1000,6.685451,0,2064384,101742498841,0,1,0,1,78,0,95
3,502884,1000,6.695516,0,2523136,101742498841,0,1,0,1,78,0,95
3,497432,1000,7.766855,0,2981888,101742498841,0,1,0,1,71,0,96
3,484278,1000,8.239815,0,3440640,101742498841,0,1,0,1,70,0,96
3,474621,1000,8.243952,0,3899392,101742498841,0,1,0,1,69,0,96
11,467279,1000,8.243913,0,4358144,101742498841,0,1,0,1,69,0,96
11,467279,1000,8.243855,0,4358144,101742498841,0,1,0,1,69,0,96
err,
hashcat arguments,hashcat.exe -a 1 --runtime 10 -m 22000 ..\bachelors-thesis-main\hash-files\hashcat.hccapx ..\bachelors-thesis-main\dictionaries\English.dic ..\bachelors-thesis-main\dictionaries\English2.dic --machine-readable --status --status-timer=1 --quiet
