STATUS,SPEED,MILISECONDS,EXEC_RUNTIME,CURKU,PROGRESS,PROGRESS_ALL,RECHASH,RECHASH,RECSALT,RECSALT,TEMP,REJECTED,UTIL
3,515289,1000,5.712389,0,1691648,101742498841,0,1,0,1,73,0,94
3,515065,1000,5.726979,0,2207744,101742498841,0,1,0,1,73,0,94
3,515120,1000,5.668688,0,2752512,101742498841,0,1,0,1,73,0,94
3,509624,1000,6.199425,0,3239936,101742498841,0,1,0,1,70,0,94
3,504916,1000,6.250263,0,3727360,101742498841,0,1,0,1,69,0,95
3,501206,1000,6.248199,0,4214784,101742498841,0,1,0,1,69,0,94
11,498247,1000,6.248293,0,4702208,101742498841,0,1,0,1,69,0,94
11,498247,1000,6.248203,0,4702208,101742498841,0,1,0,1,69,0,94
err,
hashcat arguments,hashcat.exe -a 1 --runtime 10 -m 12100 sha512:1000:ODQyMDEwNjQyODY=:MKaHNWXUsuJB3IEwBHbm3w== ..\bachelors-thesis-main\dictionaries\English.dic ..\bachelors-thesis-main\dictionaries\English2.dic --machine-readable --status --status-timer=1 --quiet
