STATUS,SPEED,MILISECONDS,EXEC_RUNTIME,CURKU,PROGRESS,PROGRESS_ALL,RECHASH,RECHASH,RECSALT,RECSALT,TEMP,REJECTED,UTIL
3,299825,1000,6.035220,0,956913,101742498841,0,1,0,1,70,0,99
3,299825,1000,6.033200,0,956913,101742498841,0,1,0,1,72,0,98
3,300076,1000,6.035047,0,1275884,101742498841,0,1,0,1,72,0,96
3,300076,1000,7.115669,0,1594855,101742498841,0,1,0,1,67,0,96
3,291758,1000,7.428313,0,1913826,101742498841,0,1,0,1,66,0,96
3,284011,1000,7.480175,0,2232797,101742498841,0,1,0,1,65,0,97
11,278443,1000,7.458896,0,2551768,101742498841,0,1,0,1,64,0,96
11,278443,1000,7.458888,0,2551768,101742498841,0,1,0,1,64,0,99
err,
hashcat arguments,hashcat.exe -a 1 --runtime 10 -m 6242 ..\bachelors-thesis-main\hash-files\hashcat_ripemd160_twofish-serpent_boot.tc ..\bachelors-thesis-main\dictionaries\English.dic ..\bachelors-thesis-main\dictionaries\English2.dic --machine-readable --status --status-timer=1 --quiet
