STATUS,SPEED,MILISECONDS,EXEC_RUNTIME,CURKU,PROGRESS,PROGRESS_ALL,RECHASH,RECHASH,RECSALT,RECSALT,TEMP,REJECTED,UTIL
3,120346089,1000,7.090092,0,406454272,101742498841,0,1,0,1,60,0,92
3,120345262,1000,7.091824,0,529399808,101742498841,0,1,0,1,60,0,92
3,120353221,1000,7.090507,0,651427840,101742498841,0,1,0,1,61,0,92
3,119902945,1000,7.277404,0,771620864,101742498841,0,1,0,1,60,0,92
3,119036746,1000,7.553959,0,885391360,101742498841,0,1,0,1,59,0,92
3,118349578,1000,7.553463,0,1000996864,101742498841,0,1,0,1,59,0,92
11,117832493,1000,7.546861,0,1116602368,101742498841,0,1,0,1,59,0,92
11,117832493,1000,7.546413,0,1116602368,101742498841,0,1,0,1,59,0,92
err,
hashcat arguments,hashcat.exe -a 1 --runtime 10 -m 1460 8efbef4cec28f228fa948daaf4893ac3638fbae81358ff9020be1d7a9a509fc6:1234 ..\bachelors-thesis-main\dictionaries\English.dic ..\bachelors-thesis-main\dictionaries\English2.dic --machine-readable --status --status-timer=1 --quiet
