STATUS,SPEED,MILISECONDS,EXEC_RUNTIME,CURKU,PROGRESS,PROGRESS_ALL,RECHASH,RECHASH,RECSALT,RECSALT,TEMP,REJECTED,UTIL
3,32084036,1000,6.631718,0,111017984,101742498841,0,1,0,1,61,0,93
3,32074709,1000,6.644613,0,143589376,101742498841,0,1,0,1,61,0,93
3,32079539,1000,6.633637,0,176390144,101742498841,0,1,0,1,61,0,93
3,32078499,1000,6.630378,0,208961536,101742498841,0,1,0,1,61,0,93
3,32078585,1000,6.629975,0,241762304,101742498841,0,1,0,1,61,0,93
3,32082602,1000,6.629663,0,274104320,101742498841,0,1,0,1,61,0,93
11,32086415,1000,6.629606,0,306675712,101742498841,0,1,0,1,61,0,93
11,32086415,1000,6.629590,0,306675712,101742498841,0,1,0,1,61,0,93
err,
hashcat arguments,hashcat.exe -a 1 --runtime 10 -m 28700 $AWS-Sig-v4$0$20220221T000000Z$us-east-1$s3$421ab6e4af9f49fa30fa9c253fcfeb2ce91668e139e6b23303c5f75b04f8a3c4$3755ed2bc1b2346e003ccaa7d02ae8b73c72bcbe9f452ccf066c78504d786bbb ..\bachelors-thesis-main\dictionaries\English.dic ..\bachelors-thesis-main\dictionaries\English2.dic --machine-readable --status --status-timer=1 --quiet
