STATUS,SPEED,MILISECONDS,EXEC_RUNTIME,CURKU,PROGRESS,PROGRESS_ALL,RECHASH,RECHASH,RECSALT,RECSALT,TEMP,REJECTED,UTIL
3,18112041601,1000,1.158486,159486,64548928266,101742498841,0,1,0,1,55,0,67
3,18617985864,1000,1.148774,239229,85330080143,101742498841,0,1,0,1,56,0,66
5,19202942469,1000,1.148847,318971,101742498841,101742498841,0,1,0,1,55,0,38
err,
hashcat arguments,hashcat.exe -a 1 --runtime 10 -m 28503 bc1qxd76a5zamfyw0g2d2rxkdh0zt9m0uzmxmwjf0q ..\bachelors-thesis-main\dictionaries\English.dic ..\bachelors-thesis-main\dictionaries\English2.dic --machine-readable --status --status-timer=1 --quiet
