STATUS,SPEED,MILISECONDS,EXEC_RUNTIME,CURKU,PROGRESS,PROGRESS_ALL,RECHASH,RECHASH,RECSALT,RECSALT,TEMP,REJECTED,UTIL
3,294,1000,3.199767,0,0,101742498841,0,1,0,1,60,0,93
3,294,1000,3.202265,0,0,101742498841,0,1,0,1,60,0,93
3,294,1000,3.199547,0,0,101742498841,0,1,0,1,61,0,93
3,294,1000,3.199550,0,0,101742498841,0,1,0,1,61,0,93
3,294,1000,3.196323,0,0,101742498841,0,1,0,1,61,0,92
3,294,1000,3.200495,0,0,101742498841,0,1,0,1,61,0,93
11,294,1000,3.198277,0,0,101742498841,0,1,0,1,61,0,92
11,294,1000,3.198317,0,0,101742498841,0,1,0,1,61,0,92
err,
hashcat arguments,hashcat.exe -a 1 --runtime 10 -m 13722 ..\bachelors-thesis-main\hash-files\hashcat_sha512_aes-twofish_13722.vc ..\bachelors-thesis-main\dictionaries\English.dic ..\bachelors-thesis-main\dictionaries\English2.dic --machine-readable --status --status-timer=1 --quiet
