STATUS,SPEED,MILISECONDS,EXEC_RUNTIME,CURKU,PROGRESS,PROGRESS_ALL,RECHASH,RECHASH,RECSALT,RECSALT,TEMP,REJECTED,UTIL
3,96502740,1000,8.956063,0,329383936,101742498841,0,1,0,1,57,0,93
3,96470029,1000,8.957799,0,428474368,101742498841,0,1,0,1,58,0,94
3,96495251,1000,8.956511,0,526647296,101742498841,0,1,0,1,58,0,94
3,96493251,1000,8.954714,0,625737728,101742498841,0,1,0,1,58,0,93
3,96478054,1000,8.956973,0,724828160,101742498841,0,1,0,1,58,0,94
3,96479363,1000,8.960757,0,823001088,101742498841,0,1,0,1,58,0,94
11,96487073,1000,8.957892,0,921174016,101742498841,0,1,0,1,58,0,94
11,96487073,1000,8.957892,0,921174016,101742498841,0,1,0,1,58,0,94
err,
hashcat arguments,hashcat.exe -a 1 --runtime 10 -m 29100 eyJ1c2VybmFtZSI6ImFkbWluIn0.YjdgRQ.1OTlf1PD0H9wXsu_qS0aywAJVD8 ..\bachelors-thesis-main\dictionaries\English.dic ..\bachelors-thesis-main\dictionaries\English2.dic --machine-readable --status --status-timer=1 --quiet
