STATUS,SPEED,MILISECONDS,EXEC_RUNTIME,CURKU,PROGRESS,PROGRESS_ALL,RECHASH,RECHASH,RECSALT,RECSALT,TEMP,REJECTED,UTIL
3,13930224,1000,7.754275,0,46792704,101742498841,0,1,0,1,63,0,94
3,13932626,1000,7.750534,0,61014016,101742498841,0,1,0,1,63,0,94
3,13920322,1000,7.771167,0,75350016,101742498841,0,1,0,1,63,0,94
3,13742054,1000,8.399629,0,88424448,101742498841,0,1,0,1,61,0,94
3,13613861,1000,8.452347,0,101384192,101742498841,0,1,0,1,61,0,95
3,13515477,1000,8.449623,0,114458624,101742498841,0,1,0,1,61,0,95
11,13439184,1000,8.447488,0,127533056,101742498841,0,1,0,1,61,0,94
11,13439184,1000,8.447552,0,127533056,101742498841,0,1,0,1,61,0,94
err,
hashcat arguments,hashcat.exe -a 1 --runtime 10 -m 11750 0f71c7c82700c9094ca95eee3d804cc283b538bec49428a9ef8da7b34effb3ba:08151337 ..\bachelors-thesis-main\dictionaries\English.dic ..\bachelors-thesis-main\dictionaries\English2.dic --machine-readable --status --status-timer=1 --quiet
