STATUS,SPEED,MILISECONDS,EXEC_RUNTIME,CURKU,PROGRESS,PROGRESS_ALL,RECHASH,RECHASH,RECSALT,RECSALT,TEMP,REJECTED,UTIL
3,571901,1000,7.157557,0,1594855,101742498841,0,1,0,1,74,0,96
3,572153,1000,7.127413,0,2232797,101742498841,0,1,0,1,75,0,96
3,572511,1000,7.216059,0,2870739,101742498841,0,1,0,1,74,0,96
3,557662,1000,8.307896,0,3508681,101742498841,0,1,0,1,68,0,97
3,548847,1000,8.802912,0,3827652,101742498841,0,1,0,1,67,0,97
3,535534,1000,8.808938,0,4465594,101742498841,0,1,0,1,66,0,97
3,530565,1000,8.794860,0,4784565,101742498841,0,1,0,1,67,0,97
11,522357,1000,8.799183,0,5422507,101742498841,0,1,0,1,66,0,97
11,522357,1000,8.799343,0,5422507,101742498841,0,1,0,1,66,0,97
err,
hashcat arguments,hashcat.exe -a 1 --runtime 10 -m 6241 ..\bachelors-thesis-main\hash-files\hashcat_ripemd160_aes_boot.tc ..\bachelors-thesis-main\dictionaries\English.dic ..\bachelors-thesis-main\dictionaries\English2.dic --machine-readable --status --status-timer=1 --quiet
