STATUS,SPEED,MILISECONDS,EXEC_RUNTIME,CURKU,PROGRESS,PROGRESS_ALL,RECHASH,RECHASH,RECSALT,RECSALT,TEMP,REJECTED,UTIL
3,472764,1000,5.742405,0,1548288,101742498841,0,1,0,1,71,0,94
3,472633,1000,5.743150,0,2035712,101742498841,0,1,0,1,71,0,95
3,466562,1000,6.190316,0,2494464,101742498841,0,1,0,1,68,0,95
3,454300,1000,7.034002,0,2867200,101742498841,0,1,0,1,65,0,95
3,444323,1000,7.141118,0,3268608,101742498841,0,1,0,1,64,0,95
3,437221,1000,7.096651,0,3670016,101742498841,0,1,0,1,64,0,95
3,431724,1000,7.098414,0,4071424,101742498841,0,1,0,1,64,0,95
11,427308,1000,7.032572,0,4472832,101742498841,0,1,0,1,64,0,95
11,427308,1000,7.099692,0,4472832,101742498841,0,1,0,1,64,0,89
err,
hashcat arguments,hashcat.exe -a 1 --runtime 10 -m 6221 ..\bachelors-thesis-main\hash-files\hashcat_sha512_serpent.tc ..\bachelors-thesis-main\dictionaries\English.dic ..\bachelors-thesis-main\dictionaries\English2.dic --machine-readable --status --status-timer=1 --quiet
