STATUS,SPEED,MILISECONDS,EXEC_RUNTIME,CURKU,PROGRESS,PROGRESS_ALL,RECHASH,RECHASH,RECSALT,RECSALT,TEMP,REJECTED,UTIL
3,598,1000,3.142965,0,0,101742498841,0,1,0,1,61,0,93
3,598,1000,3.136136,0,0,101742498841,0,1,0,1,61,0,93
3,598,1000,3.135854,0,0,101742498841,0,1,0,1,62,0,93
3,598,1000,3.150415,0,0,101742498841,0,1,0,1,62,0,93
3,598,1000,3.150867,0,0,101742498841,0,1,0,1,62,0,92
3,598,1000,3.146323,0,0,101742498841,0,1,0,1,62,0,92
11,598,1000,3.145708,0,0,101742498841,0,1,0,1,62,0,93
11,598,1000,3.145456,0,0,101742498841,0,1,0,1,62,0,93
err,
hashcat arguments,hashcat.exe -a 1 --runtime 10 -m 13721 ..\bachelors-thesis-main\hash-files\hashcat_sha512_serpent_13721.vc ..\bachelors-thesis-main\dictionaries\English.dic ..\bachelors-thesis-main\dictionaries\English2.dic --machine-readable --status --status-timer=1 --quiet
