STATUS,SPEED,MILISECONDS,EXEC_RUNTIME,CURKU,PROGRESS,PROGRESS_ALL,RECHASH,RECHASH,RECSALT,RECSALT,TEMP,REJECTED,UTIL
3,121227,1000,6.506934,0,229376,101742498841,0,1,0,1,74,0,95
3,121391,1000,6.501105,0,458752,101742498841,0,1,0,1,74,0,95
3,121391,1000,7.188233,0,458752,101742498841,0,1,0,1,69,0,96
3,117614,1000,8.036209,0,688128,101742498841,0,1,0,1,66,0,96
3,117614,1000,8.043758,0,688128,101742498841,0,1,0,1,66,0,96
3,112425,1000,8.040595,0,917504,101742498841,0,1,0,1,64,0,96
11,112425,1000,8.045890,0,917504,101742498841,0,1,0,1,66,0,99
11,112425,1000,8.041754,0,917504,101742498841,0,1,0,1,66,0,99
err,
hashcat arguments,hashcat.exe -a 1 --runtime 10 -m 6213 ..\bachelors-thesis-main\hash-files\hashcat_ripemd160_aes-twofish-serpent.tc ..\bachelors-thesis-main\dictionaries\English.dic ..\bachelors-thesis-main\dictionaries\English2.dic --machine-readable --status --status-timer=1 --quiet
