STATUS,SPEED,MILISECONDS,EXEC_RUNTIME,CURKU,PROGRESS,PROGRESS_ALL,RECHASH,RECHASH,RECSALT,RECSALT,TEMP,REJECTED,UTIL
3,48906,1000,9.984434,0,114688,101742498841,0,1,0,1,73,0,97
3,48906,1000,10.035719,0,114688,101742498841,0,1,0,1,73,0,97
3,48889,1000,9.985755,0,229376,101742498841,0,1,0,1,73,0,97
3,48889,1000,10.661317,0,229376,101742498841,0,1,0,1,69,0,97
3,47874,1000,10.946954,0,344064,101742498841,0,1,0,1,69,0,97
3,47874,1000,10.947242,0,344064,101742498841,0,1,0,1,69,0,98
3,47874,1000,10.989885,0,344064,101742498841,0,1,0,1,69,0,97
11,47049,1000,10.950846,0,458752,101742498841,0,1,0,1,69,0,97
11,47049,1000,10.950918,0,458752,101742498841,0,1,0,1,69,0,97
err,
hashcat arguments,hashcat.exe -a 1 --runtime 10 -m 20300 $pbkdf2-sha256$29000$x9h7j/Ge8x6DMEao1VqrdQ$kra3R1wEnY8mPdDWOpTqOTINaAmZvRMcYd8u5OBQP9A ..\bachelors-thesis-main\dictionaries\English.dic ..\bachelors-thesis-main\dictionaries\English2.dic --machine-readable --status --status-timer=1 --quiet
