STATUS,SPEED,MILISECONDS,EXEC_RUNTIME,CURKU,PROGRESS,PROGRESS_ALL,RECHASH,RECHASH,RECSALT,RECSALT,TEMP,REJECTED,UTIL
3,920807,1000,7.350700,0,2981888,101742498841,0,1,0,1,69,0,96
3,920585,1000,7.351635,0,3899392,101742498841,0,1,0,1,70,0,95
3,920296,1000,7.352147,0,4816896,101742498841,0,1,0,1,70,0,96
3,920270,1000,7.350287,0,5963776,101742498841,0,1,0,1,70,0,96
3,920224,1000,7.354427,0,6881280,101742498841,0,1,0,1,70,0,95
3,920154,1000,7.353220,0,7798784,101742498841,0,1,0,1,70,0,95
11,920057,1000,7.368784,0,8716288,101742498841,0,1,0,1,71,0,95
11,920057,1000,7.368864,0,8716288,101742498841,0,1,0,1,71,0,95
err,
hashcat arguments,hashcat.exe -a 1 --runtime 10 -m 23200 $xmpp-scram$0$4096$32$bbc1467455fd9886f6c5d15200601735e159e807d53a1c80853b570321aaeceb$8301c6e0245e4a986ed64a9b1803afb1854d9712 ..\bachelors-thesis-main\dictionaries\English.dic ..\bachelors-thesis-main\dictionaries\English2.dic --machine-readable --status --status-timer=1 --quiet
