STATUS,SPEED,MILISECONDS,EXEC_RUNTIME,CURKU,PROGRESS,PROGRESS_ALL,RECHASH,RECHASH,RECSALT,RECSALT,TEMP,REJECTED,UTIL
3,472378286,1000,7.219327,0,1636827136,101742498841,0,1,0,1,63,0,93
3,472742885,1000,7.224096,0,2117599232,101742498841,0,1,0,1,63,0,93
3,472658439,1000,7.217948,0,2598371328,101742498841,0,1,0,1,63,0,92
3,472549074,1000,7.225313,0,3079143424,101742498841,0,1,0,1,63,0,92
3,472561778,1000,7.218700,0,3563585536,101742498841,0,1,0,1,63,0,92
3,472563244,1000,7.220734,0,4048027648,101742498841,0,1,0,1,63,0,92
11,472448932,1000,7.229742,0,4528799744,101742498841,0,1,0,1,64,0,92
11,472448932,1000,7.229742,0,4528799744,101742498841,0,1,0,1,64,0,89
err,
hashcat arguments,hashcat.exe -a 1 --runtime 10 -m 22200 2f9282ade42ce148175dc3b4d8b5916dae5211eee49886c3f7cc768f6b9f2eb982a5ac2f2672a0223999bfd15349093278adf12f6276e8b61dacf5572b3f93d0b4fa886ce ..\bachelors-thesis-main\dictionaries\English.dic ..\bachelors-thesis-main\dictionaries\English2.dic --machine-readable --status --status-timer=1 --quiet
