STATUS,SPEED,MILISECONDS,EXEC_RUNTIME,CURKU,PROGRESS,PROGRESS_ALL,RECHASH,RECHASH,RECSALT,RECSALT,TEMP,REJECTED,UTIL
3,474199,1000,5.731858,0,1576960,101742498841,0,1,0,1,74,0,94
3,473953,1000,5.731417,0,2064384,101742498841,0,1,0,1,75,0,94
3,473888,1000,5.729798,0,2551808,101742498841,0,1,0,1,75,0,94
3,467266,1000,6.396235,0,2981888,101742498841,0,1,0,1,69,0,95
3,456065,1000,7.061755,0,3383296,101742498841,0,1,0,1,67,0,94
3,447729,1000,7.056450,0,3784704,101742498841,0,1,0,1,67,0,95
3,441411,1000,7.046742,0,4186112,101742498841,0,1,0,1,67,0,95
11,436224,1000,6.998247,0,4587520,101742498841,0,1,0,1,67,0,95
11,436224,1000,6.998247,0,4587520,101742498841,0,1,0,1,67,0,95
err,
hashcat arguments,hashcat.exe -a 1 --runtime 10 -m 20011 ..\bachelors-thesis-main\hash-files\hashcat_serpent.dc ..\bachelors-thesis-main\dictionaries\English.dic ..\bachelors-thesis-main\dictionaries\English2.dic --machine-readable --status --status-timer=1 --quiet
