STATUS,SPEED,MILISECONDS,EXEC_RUNTIME,CURKU,PROGRESS,PROGRESS_ALL,RECHASH,RECHASH,RECSALT,RECSALT,TEMP,REJECTED,UTIL
3,164376,1000,6.793910,0,318971,101742498841,0,1,0,1,73,0,95
3,164684,1000,6.782708,0,637942,101742498841,0,1,0,1,72,0,96
3,164684,1000,6.906952,0,637942,101742498841,0,1,0,1,72,0,96
3,161699,1000,8.037482,0,956913,101742498841,0,1,0,1,66,0,96
3,161699,1000,8.394618,0,956913,101742498841,0,1,0,1,66,0,96
3,154062,1000,8.390967,0,1275884,101742498841,0,1,0,1,64,0,98
3,154062,1000,8.383183,0,1275884,101742498841,0,1,0,1,65,0,96
11,154062,1000,8.371940,0,1275884,101742498841,0,1,0,1,65,0,98
11,154062,1000,8.371940,0,1275884,101742498841,0,1,0,1,65,0,98
err,
hashcat arguments,hashcat.exe -a 1 --runtime 10 -m 6212 ..\bachelors-thesis-main\hash-files\hashcat_ripemd160_twofish-serpent.tc ..\bachelors-thesis-main\dictionaries\English.dic ..\bachelors-thesis-main\dictionaries\English2.dic --machine-readable --status --status-timer=1 --quiet
