STATUS,SPEED,MILISECONDS,EXEC_RUNTIME,CURKU,PROGRESS,PROGRESS_ALL,RECHASH,RECHASH,RECSALT,RECSALT,TEMP,REJECTED,UTIL
3,8360144925,1000,6.342323,0,28538044416,101742498841,0,1,0,1,69,0,91
3,8357558063,1000,6.338331,114688,36582146048,101742498841,0,1,0,1,69,0,84
6,8178080439,1000,6.334964,114688,44157059072,101742498841,1,1,1,1,69,0,91
err,
hashcat arguments,hashcat.exe -a 1 --runtime 10 -m 900 afe04867ec7a3845145579a95f72eca7 ..\bachelors-thesis-main\dictionaries\English.dic ..\bachelors-thesis-main\dictionaries\English2.dic --machine-readable --status --status-timer=1 --quiet
