STATUS,SPEED,MILISECONDS,EXEC_RUNTIME,CURKU,PROGRESS,PROGRESS_ALL,RECHASH,RECHASH,RECSALT,RECSALT,TEMP,REJECTED,UTIL
3,475069,1000,6.201706,0,1576960,101742498841,0,1,0,1,67,0,94
3,474742,1000,6.202558,0,2064384,101742498841,0,1,0,1,68,0,95
3,474601,1000,6.253036,0,2551808,101742498841,0,1,0,1,68,0,94
3,474405,1000,6.202179,0,3039232,101742498841,0,1,0,1,68,0,94
3,474402,1000,6.251982,0,3526656,101742498841,0,1,0,1,68,0,94
3,474278,1000,6.251673,0,4014080,101742498841,0,1,0,1,68,0,94
11,474143,1000,6.251466,0,4501504,101742498841,0,1,0,1,68,0,94
11,474143,1000,6.251466,0,4501504,101742498841,0,1,0,1,68,0,92
err,
hashcat arguments,hashcat.exe -a 1 --runtime 10 -m 21600 pbkdf2(1000,20,sha512)$744943$c5f8cdef76e3327c908d8d96d4abdb3d8caba14c ..\bachelors-thesis-main\dictionaries\English.dic ..\bachelors-thesis-main\dictionaries\English2.dic --machine-readable --status --status-timer=1 --quiet
