STATUS,SPEED,MILISECONDS,EXEC_RUNTIME,CURKU,PROGRESS,PROGRESS_ALL,RECHASH,RECHASH,RECSALT,RECSALT,TEMP,REJECTED,UTIL
err,Cannot load module ./modules/module_30700.dll


hashcat arguments,hashcat.exe -a 1 --runtime 10 -m 30700 sha256:ab67666e1f91cd38c0ab5bee9c8d2132eca7460354477109a739d4e735b14131:47bcfd0d573653943231df07445da774e5d06465c897ce40578b120bde187e26 ..\bachelors-thesis-main\dictionaries\English.dic ..\bachelors-thesis-main\dictionaries\English2.dic --machine-readable --status --status-timer=1 --quiet
