STATUS,SPEED,MILISECONDS,EXEC_RUNTIME,CURKU,PROGRESS,PROGRESS_ALL,RECHASH,RECHASH,RECSALT,RECSALT,TEMP,REJECTED,UTIL
3,32438,1000,6.573244,0,0,101742498841,0,1,0,1,75,0,95
3,32434,1000,6.574105,0,114688,101742498841,0,1,0,1,75,0,95
3,32434,1000,7.172141,0,114688,101742498841,0,1,0,1,71,0,96
3,32434,1000,7.171187,0,114688,101742498841,0,1,0,1,71,0,96
3,31491,1000,7.153394,0,229376,101742498841,0,1,0,1,71,0,96
3,31491,1000,7.172243,0,229376,101742498841,0,1,0,1,71,0,96
11,31491,1000,7.173160,0,229376,101742498841,0,1,0,1,71,0,96
11,31491,1000,7.173192,0,229376,101742498841,0,1,0,1,71,0,96
err,
hashcat arguments,hashcat.exe -a 1 --runtime 10 -m 20400 $pbkdf2$131000$r5WythYixPgfQ2jt3buXcg$8Kdr.QQEOaZIXNOrrru36I/.6Po ..\bachelors-thesis-main\dictionaries\English.dic ..\bachelors-thesis-main\dictionaries\English2.dic --machine-readable --status --status-timer=1 --quiet
