STATUS,SPEED,MILISECONDS,EXEC_RUNTIME,CURKU,PROGRESS,PROGRESS_ALL,RECHASH,RECHASH,RECSALT,RECSALT,TEMP,REJECTED,UTIL
3,192127,1000,7.260397,0,573440,101742498841,0,1,0,1,69,0,96
3,191861,1000,7.204175,0,802816,101742498841,0,1,0,1,69,0,96
3,191766,1000,7.204111,0,1032192,101742498841,0,1,0,1,69,0,96
3,191746,1000,7.258227,0,1146880,101742498841,0,1,0,1,70,0,96
3,191681,1000,7.202141,0,1376256,101742498841,0,1,0,1,70,0,96
3,191652,1000,7.202519,0,1605632,101742498841,0,1,0,1,70,0,96
11,191629,1000,7.203688,0,1720320,101742498841,0,1,0,1,70,0,96
11,191629,1000,7.203688,0,1720320,101742498841,0,1,0,1,70,0,96
err,
hashcat arguments,hashcat.exe -a 1 --runtime 10 -m 27400 $vmx$0$10000$264bbab02fdf7c1a793651120bec3723$cbb368564d8dfb99f509d4922f4693413f3816af713f0e76bc2409ff9336935d ..\bachelors-thesis-main\dictionaries\English.dic ..\bachelors-thesis-main\dictionaries\English2.dic --machine-readable --status --status-timer=1 --quiet
