STATUS,SPEED,MILISECONDS,EXEC_RUNTIME,CURKU,PROGRESS,PROGRESS_ALL,RECHASH,RECHASH,RECSALT,RECSALT,TEMP,REJECTED,UTIL
3,300333,1000,6.029244,0,956913,101742498841,0,1,0,1,70,0,99
3,300342,1000,6.021538,0,1275884,101742498841,0,1,0,1,71,0,97
3,300342,1000,6.070465,0,1275884,101742498841,0,1,0,1,71,0,96
3,299184,1000,7.374191,0,1594855,101742498841,0,1,0,1,67,0,96
3,289134,1000,7.441579,0,1913826,101742498841,0,1,0,1,66,0,96
3,281769,1000,7.488527,0,2232797,101742498841,0,1,0,1,65,0,96
3,276401,1000,7.476408,0,2551768,101742498841,0,1,0,1,64,0,96
11,276401,1000,7.496537,0,2551768,101742498841,0,1,0,1,64,0,97
11,276401,1000,7.496537,0,2551768,101742498841,0,1,0,1,64,0,97
err,
hashcat arguments,hashcat.exe -a 1 --runtime 10 -m 6242 ..\bachelors-thesis-main\hash-files\hashcat_ripemd160_serpent-aes_boot.tc ..\bachelors-thesis-main\dictionaries\English.dic ..\bachelors-thesis-main\dictionaries\English2.dic --machine-readable --status --status-timer=1 --quiet
