STATUS,SPEED,MILISECONDS,EXEC_RUNTIME,CURKU,PROGRESS,PROGRESS_ALL,RECHASH,RECHASH,RECSALT,RECSALT,TEMP,REJECTED,UTIL
3,193597,1000,7.059952,0,630784,101742498841,0,1,0,1,69,0,96
3,193574,1000,7.064681,0,802816,101742498841,0,1,0,1,69,0,95
3,193517,1000,7.062168,0,1032192,101742498841,0,1,0,1,69,0,95
3,193519,1000,7.055050,0,1204224,101742498841,0,1,0,1,70,0,96
3,193501,1000,7.055287,0,1433600,101742498841,0,1,0,1,70,0,95
3,193519,1000,7.062647,0,1605632,101742498841,0,1,0,1,70,0,95
11,193488,1000,7.055930,0,1835008,101742498841,0,1,0,1,70,0,96
11,193488,1000,7.055930,0,1835008,101742498841,0,1,0,1,70,0,96
err,
hashcat arguments,hashcat.exe -a 1 --runtime 10 -m 18900 $ab$5*0*10000*b8900e4885ff9cad8f01ee1957a43bd633fea12491440514ae27aa83f2f5c006ec7e7fa0bce040add619919b4eb60608304b7d571a2ed87fd58c9ad6bc5fcf4c*7d254d93e16be9312fb1ccbfc6265c40cb0c5eab7b605a95a116e2383fb1cf12b688223f96221dcd2bf5410d4ca6f90e0789ee00157fa91658b42665d6b6844c*fc9f6be604d1c59ac32664ec2c5b9b30*00c4972149af3adcc235899e9d20611ea6e8de2212afcb9fcfefde7e35b691c2d0994eb47e4f9a260526ba47f4caea71af9c7fadcd5685d50126276f6acdd59966528b13ccc26036a0eaba2f2451aa64b05766d0edd03c988dcf87e2a9eec52d ..\bachelors-thesis-main\dictionaries\English.dic ..\bachelors-thesis-main\dictionaries\English2.dic --machine-readable --status --status-timer=1 --quiet
