STATUS,SPEED,MILISECONDS,EXEC_RUNTIME,CURKU,PROGRESS,PROGRESS_ALL,RECHASH,RECHASH,RECSALT,RECSALT,TEMP,REJECTED,UTIL
3,3148551,1000,0.195990,0,10516240,101742498841,0,1,0,1,62,0,64
3,3148594,1000,0.194559,0,13725936,101742498841,0,1,0,1,63,0,62
3,3159386,1000,0.196189,0,16955568,101742498841,0,1,0,1,63,0,62
3,3124407,1000,0.213810,0,19926032,101742498841,0,1,0,1,61,0,59
3,3087019,1000,0.214327,0,22846656,101742498841,0,1,0,1,60,0,60
3,3053479,1000,0.212663,0,25727408,101742498841,0,1,0,1,60,0,59
11,3022713,1000,0.212448,0,28518448,101742498841,0,1,0,1,60,0,58
11,3022713,1000,0.212448,0,28518448,101742498841,0,1,0,1,60,0,58
err,
hashcat arguments,hashcat.exe -a 1 --runtime 10 -m 11900 md5:1000:MTg1MzA=:Lz84VOcrXd699Edsj34PP98+f4f3S0rTZ4kHAIHoAjs= ..\bachelors-thesis-main\dictionaries\English.dic ..\bachelors-thesis-main\dictionaries\English2.dic --machine-readable --status --status-timer=1 --quiet
