STATUS,SPEED,MILISECONDS,EXEC_RUNTIME,CURKU,PROGRESS,PROGRESS_ALL,RECHASH,RECHASH,RECSALT,RECSALT,TEMP,REJECTED,UTIL
3,16871237188,1000,1.253484,159486,60139459338,101742498841,0,1,0,1,54,0,68
3,17405551300,1000,1.247567,239229,79859141007,101742498841,0,1,0,1,54,0,56
3,18190207618,1000,1.242984,318971,101742498841,101742498841,0,1,0,1,55,0,67
5,18190207618,1000,1.242984,318971,101742498841,101742498841,0,1,0,1,55,0,67
err,
hashcat arguments,hashcat.exe -a 1 --runtime 10 -m 28501 1Jv6EonXm9x4Dw4QjEPAhGfmzFxTL7b3Zj ..\bachelors-thesis-main\dictionaries\English.dic ..\bachelors-thesis-main\dictionaries\English2.dic --machine-readable --status --status-timer=1 --quiet
