STATUS,SPEED,MILISECONDS,EXEC_RUNTIME,CURKU,PROGRESS,PROGRESS_ALL,RECHASH,RECHASH,RECSALT,RECSALT,TEMP,REJECTED,UTIL
3,2209525561,1000,4.124054,0,7226629632,101742498841,0,1,0,1,68,0,88
3,2209539911,1000,4.121186,0,9482399616,101742498841,0,1,0,1,68,0,88
6,2208935720,1000,4.121351,0,10472488704,101742498841,1,1,1,1,68,0,87
err,
hashcat arguments,hashcat.exe -a 1 --runtime 10 -m 11400 $sip$*192.168.100.100*192.168.100.121*username*asterisk*REGISTER*sip*192.168.100.121**2b01df0b****MD5*ad0520061ca07c120d7e8ce696a6df2d ..\bachelors-thesis-main\dictionaries\English.dic ..\bachelors-thesis-main\dictionaries\English2.dic --machine-readable --status --status-timer=1 --quiet
