STATUS,SPEED,MILISECONDS,EXEC_RUNTIME,CURKU,PROGRESS,PROGRESS_ALL,RECHASH,RECHASH,RECSALT,RECSALT,TEMP,REJECTED,UTIL
3,5629,1000,6.798049,0,0,101742498841,0,1,0,1,82,0,96
3,5621,1000,6.639244,0,0,101742498841,0,1,0,1,85,0,96
3,5595,1000,6.808530,0,0,101742498841,0,1,0,1,83,0,96
3,5585,1000,6.709369,0,0,101742498841,0,1,0,1,84,0,96
3,5571,1000,6.812613,0,0,101742498841,0,1,0,1,83,0,96
3,5568,1000,6.702705,0,0,101742498841,0,1,0,1,85,0,95
11,5564,1000,6.758515,0,0,101742498841,0,1,0,1,83,0,96
11,5564,1000,6.758515,0,0,101742498841,0,1,0,1,83,0,96
err,
hashcat arguments,hashcat.exe -a 1 --runtime 10 -m 15600 $ethereum$p*262144*3238383137313130353438343737383736323437353437383831373034343735*06eae7ee0a4b9e8abc02c9990e3730827396e8531558ed15bb733faf12a44ce1*e6d5891d4f199d31ec434fe25d9ecc2530716bc3b36d5bdbc1fab7685dda3946 ..\bachelors-thesis-main\dictionaries\English.dic ..\bachelors-thesis-main\dictionaries\English2.dic --machine-readable --status --status-timer=1 --quiet
