STATUS,SPEED,MILISECONDS,EXEC_RUNTIME,CURKU,PROGRESS,PROGRESS_ALL,RECHASH,RECHASH,RECSALT,RECSALT,TEMP,REJECTED,UTIL
3,826710,1000,8.110897,0,2752512,101742498841,0,1,0,1,64,0,96
3,827284,1000,8.105670,0,3555328,101742498841,0,1,0,1,64,0,96
3,827544,1000,8.118217,0,4472832,101742498841,0,1,0,1,64,0,96
3,827674,1000,8.118887,0,5275648,101742498841,0,1,0,1,64,0,95
3,827877,1000,8.115631,0,6193152,101742498841,0,1,0,1,64,0,96
3,827989,1000,8.119631,0,6995968,101742498841,0,1,0,1,64,0,96
3,828084,1000,8.118610,0,7913472,101742498841,0,1,0,1,65,0,95
11,827984,1000,8.121779,0,8716288,101742498841,0,1,0,1,65,0,96
11,827984,1000,8.121835,0,8716288,101742498841,0,1,0,1,65,0,96
err,
hashcat arguments,hashcat.exe -a 1 --runtime 10 -m 8800 ..\bachelors-thesis-main\hash-files\hashcat.android43fde ..\bachelors-thesis-main\dictionaries\English.dic ..\bachelors-thesis-main\dictionaries\English2.dic --machine-readable --status --status-timer=1 --quiet
