STATUS,SPEED,MILISECONDS,EXEC_RUNTIME,CURKU,PROGRESS,PROGRESS_ALL,RECHASH,RECHASH,RECSALT,RECSALT,TEMP,REJECTED,UTIL
3,34933825,1000,2.102889,0,118019640,101742498841,0,1,0,1,82,0,81
3,34917822,1000,2.098290,0,153744504,101742498841,0,1,0,1,82,0,82
3,34927628,1000,2.098690,0,188990910,101742498841,0,1,0,1,82,0,81
3,34950186,1000,2.097408,0,224556288,101742498841,0,1,0,1,82,0,81
3,34955762,1000,2.097525,0,260440638,101742498841,0,1,0,1,82,0,83
3,34996481,1000,2.101265,0,296006016,101742498841,0,1,0,1,82,0,81
11,34994896,1000,2.102008,0,331571394,101742498841,0,1,0,1,82,0,81
11,34994896,1000,2.096927,0,331571394,101742498841,0,1,0,1,82,0,81
err,
hashcat arguments,hashcat.exe -a 1 --runtime 10 -m 6700 {ssha1}06$bJbkFGJAB30L2e23$dCESGOsP7jaIIAJ1QAcmaGeG.kr ..\bachelors-thesis-main\dictionaries\English.dic ..\bachelors-thesis-main\dictionaries\English2.dic --machine-readable --status --status-timer=1 --quiet
