STATUS,SPEED,MILISECONDS,EXEC_RUNTIME,CURKU,PROGRESS,PROGRESS_ALL,RECHASH,RECHASH,RECSALT,RECSALT,TEMP,REJECTED,UTIL
3,211679,1000,8.438729,0,637942,101742498841,0,1,0,1,70,0,97
3,211679,1000,8.436345,0,637942,101742498841,0,1,0,1,74,0,96
3,211819,1000,8.523723,0,956913,101742498841,0,1,0,1,73,0,97
3,206327,1000,9.473725,0,1275884,101742498841,0,1,0,1,64,0,98
3,206327,1000,10.483932,0,1275884,101742498841,0,1,0,1,66,0,97
3,198323,1000,10.519080,0,1594855,101742498841,0,1,0,1,65,0,97
3,198323,1000,10.501484,0,1594855,101742498841,0,1,0,1,66,0,97
11,193251,1000,10.502202,0,1913826,101742498841,0,1,0,1,65,0,100
11,193251,1000,10.502378,0,1913826,101742498841,0,1,0,1,65,0,100
err,
hashcat arguments,hashcat.exe -a 1 --runtime 10 -m 6243 ..\bachelors-thesis-main\hash-files\hashcat_ripemd160_serpent-twofish-aes_boot.tc ..\bachelors-thesis-main\dictionaries\English.dic ..\bachelors-thesis-main\dictionaries\English2.dic --machine-readable --status --status-timer=1 --quiet
