STATUS,SPEED,MILISECONDS,EXEC_RUNTIME,CURKU,PROGRESS,PROGRESS_ALL,RECHASH,RECHASH,RECSALT,RECSALT,TEMP,REJECTED,UTIL
3,2171563026,1000,6.163024,0,7340032000,101742498841,0,1,0,1,70,0,92
3,2172315253,1000,6.162995,0,9542041600,101742498841,0,1,0,1,70,0,92
3,2173379516,1000,6.161698,0,11758731264,101742498841,0,1,0,1,70,0,92
3,2165213927,1000,6.340982,0,13902020608,101742498841,0,1,0,1,69,0,92
3,2142605507,1000,6.753161,0,15942549504,101742498841,0,1,0,1,67,0,92
3,2125154949,1000,6.753679,0,17983078400,101742498841,0,1,0,1,67,0,92
11,2098076256,1000,6.409440,57344,19891200000,101742498841,0,1,0,1,74,0,92
11,2098076256,1000,6.396432,57344,19891200000,101742498841,0,1,0,1,74,0,84
err,
hashcat arguments,hashcat.exe -a 1 --runtime 10 -m 5700 2btjjy78REtmYkkW0csHUbJZOstRXoWdX1mGrmmfeHI ..\bachelors-thesis-main\dictionaries\English.dic ..\bachelors-thesis-main\dictionaries\English2.dic --machine-readable --status --status-timer=1 --quiet
