STATUS,SPEED,MILISECONDS,EXEC_RUNTIME,CURKU,PROGRESS,PROGRESS_ALL,RECHASH,RECHASH,RECSALT,RECSALT,TEMP,REJECTED,UTIL
3,6756318482,1000,8.006915,0,22959620096,101742498841,0,1,0,1,68,0,93
3,6758005115,1000,8.007296,0,29829890048,101742498841,0,1,0,1,69,0,93
3,6738793632,1000,8.125447,0,36523999232,101742498841,0,1,0,1,67,0,93
3,6547729573,1000,8.687954,114688,42160570368,101742498841,0,1,0,1,66,0,93
6,6530092100,1000,8.768187,114688,44157059072,101742498841,1,1,1,1,66,0,94
err,
hashcat arguments,hashcat.exe -a 1 --runtime 10 -m 5100 8743b52063cd8409 ..\bachelors-thesis-main\dictionaries\English.dic ..\bachelors-thesis-main\dictionaries\English2.dic --machine-readable --status --status-timer=1 --quiet
