STATUS,SPEED,MILISECONDS,EXEC_RUNTIME,CURKU,PROGRESS,PROGRESS_ALL,RECHASH,RECHASH,RECSALT,RECSALT,TEMP,REJECTED,UTIL
3,223974,1000,6.323319,0,716800,101742498841,0,1,0,1,71,0,95
3,224014,1000,6.306564,0,946176,101742498841,0,1,0,1,71,0,95
3,221429,1000,6.743855,0,1175552,101742498841,0,1,0,1,67,0,96
3,215775,1000,7.771752,0,1347584,101742498841,0,1,0,1,64,0,96
3,211008,1000,7.733237,0,1548288,101742498841,0,1,0,1,64,0,96
3,207477,1000,7.716519,0,1748992,101742498841,0,1,0,1,64,0,96
11,205104,1000,7.781709,0,1921024,101742498841,0,1,0,1,64,0,96
11,205104,1000,7.793925,0,1921024,101742498841,0,1,0,1,64,0,96
err,
hashcat arguments,hashcat.exe -a 1 --runtime 10 -m 6222 ..\bachelors-thesis-main\hash-files\hashcat_sha512_twofish-serpent.tc ..\bachelors-thesis-main\dictionaries\English.dic ..\bachelors-thesis-main\dictionaries\English2.dic --machine-readable --status --status-timer=1 --quiet
