STATUS,SPEED,MILISECONDS,EXEC_RUNTIME,CURKU,PROGRESS,PROGRESS_ALL,RECHASH,RECHASH,RECSALT,RECSALT,TEMP,REJECTED,UTIL
3,1278129,1000,10.460558,0,4128768,101742498841,0,1,0,1,80,0,97
3,1260001,1000,10.872299,0,5275648,101742498841,0,1,0,1,80,0,97
3,1247895,1000,10.663271,0,6651904,101742498841,0,1,0,1,81,0,97
3,1244718,1000,10.635072,0,7798784,101742498841,0,1,0,1,80,0,97
3,1239654,1000,10.645657,0,8945664,101742498841,0,1,0,1,81,0,97
3,1233915,1000,10.596303,0,10321920,101742498841,0,1,0,1,81,0,97
11,1226425,1000,10.744453,0,11468800,101742498841,0,1,0,1,81,0,97
11,1226425,1000,10.736101,0,11468800,101742498841,0,1,0,1,81,0,97
err,
hashcat arguments,hashcat.exe -a 1 --runtime 10 -m 6300 {smd5}a5/yTL/u$VfvgyHx1xUlXZYBocQpQY0 ..\bachelors-thesis-main\dictionaries\English.dic ..\bachelors-thesis-main\dictionaries\English2.dic --machine-readable --status --status-timer=1 --quiet
