STATUS,SPEED,MILISECONDS,EXEC_RUNTIME,CURKU,PROGRESS,PROGRESS_ALL,RECHASH,RECHASH,RECSALT,RECSALT,TEMP,REJECTED,UTIL
3,70846,1000,9.963800,0,229376,101742498841,0,1,0,1,73,0,97
3,70846,1000,9.965444,0,229376,101742498841,0,1,0,1,74,0,97
3,70843,1000,10.109973,0,344064,101742498841,0,1,0,1,72,0,97
3,70843,1000,10.853578,0,344064,101742498841,0,1,0,1,70,0,97
3,69428,1000,10.928587,0,458752,101742498841,0,1,0,1,70,0,97
3,68459,1000,10.920982,0,573440,101742498841,0,1,0,1,70,0,97
3,68459,1000,10.923454,0,573440,101742498841,0,1,0,1,70,0,97
11,67823,1000,10.922187,0,688128,101742498841,0,1,0,1,70,0,97
11,67823,1000,10.922147,0,688128,101742498841,0,1,0,1,70,0,88
err,
hashcat arguments,hashcat.exe -a 1 --runtime 10 -m 10000 pbkdf2_sha256$20000$H0dPx8NeajVu$GiC4k5kqbbR9qWBlsRgDywNqC2vd9kqfk7zdorEnNas= ..\bachelors-thesis-main\dictionaries\English.dic ..\bachelors-thesis-main\dictionaries\English2.dic --machine-readable --status --status-timer=1 --quiet
