STATUS,SPEED,MILISECONDS,EXEC_RUNTIME,CURKU,PROGRESS,PROGRESS_ALL,RECHASH,RECHASH,RECSALT,RECSALT,TEMP,REJECTED,UTIL
3,4138456571,1000,6.865524,0,13975420928,101742498841,0,1,0,1,82,0,92
6,4128955546,1000,6.850809,0,15061745664,101742498841,1,1,1,1,82,0,92
err,
hashcat arguments,hashcat.exe -a 1 --runtime 10 -m 6000 012cb9b334ec1aeb71a9c8ce85586082467f7eb6 ..\bachelors-thesis-main\dictionaries\English.dic ..\bachelors-thesis-main\dictionaries\English2.dic --machine-readable --status --status-timer=1 --quiet
