STATUS,SPEED,MILISECONDS,EXEC_RUNTIME,CURKU,PROGRESS,PROGRESS_ALL,RECHASH,RECHASH,RECSALT,RECSALT,TEMP,REJECTED,UTIL
3,11032203253,1000,0.272768,119616,39215587264,101742498841,0,1,0,1,54,0,17
3,12061916500,1000,0.271431,159488,50872046848,101742498841,0,1,0,1,54,0,42
3,11638436144,1000,0.272528,179424,63263526816,101742498841,0,1,0,1,54,0,41
3,11395735684,1000,0.271025,219296,74440246496,101742498841,0,1,0,1,54,0,40
3,13886724183,1000,0.271811,259168,85719038496,101742498841,0,1,0,1,54,0,18
3,11240937242,1000,0.274287,299040,96783127904,101742498841,0,1,0,1,54,0,26
5,11851296443,1000,0.271932,318971,101742498841,101742498841,0,1,0,1,54,0,40
err,
hashcat arguments,hashcat.exe -a 1 --runtime 10 -m 28502 1L9nr4GX4Zmd7gDL1UT75QPUqxSgNTvdHb ..\bachelors-thesis-main\dictionaries\English.dic ..\bachelors-thesis-main\dictionaries\English2.dic --machine-readable --status --status-timer=1 --quiet
