STATUS,SPEED,MILISECONDS,EXEC_RUNTIME,CURKU,PROGRESS,PROGRESS_ALL,RECHASH,RECHASH,RECSALT,RECSALT,TEMP,REJECTED,UTIL
3,423543112,1000,8.706770,0,1405616128,101742498841,0,1,0,1,67,0,95
3,419679838,1000,8.526261,0,1820327936,101742498841,0,1,0,1,67,0,93
3,412310805,1000,8.977962,0,2202009600,101742498841,0,1,0,1,66,0,96
3,399486404,1000,10.403630,0,2543321088,101742498841,0,1,0,1,64,0,95
3,390406309,1000,10.450471,0,2884632576,101742498841,0,1,0,1,64,0,96
3,383599532,1000,10.511888,0,3225944064,101742498841,0,1,0,1,64,0,95
11,376562578,1000,10.825721,0,3552575488,101742498841,0,1,0,1,64,0,96
11,376562578,1000,10.811121,0,3552575488,101742498841,0,1,0,1,64,0,96
err,
hashcat arguments,hashcat.exe -a 1 --runtime 10 -m 1770 79bba09eb9354412d0f2c037c22a777b8bf549ab12d49b77d5b25faa839e4378d8f6fa11aceb6d9413977ae5ad5d011568bad2de4f998d75fd4ce916eda83697 ..\bachelors-thesis-main\dictionaries\English.dic ..\bachelors-thesis-main\dictionaries\English2.dic --machine-readable --status --status-timer=1 --quiet
