STATUS,SPEED,MILISECONDS,EXEC_RUNTIME,CURKU,PROGRESS,PROGRESS_ALL,RECHASH,RECHASH,RECSALT,RECSALT,TEMP,REJECTED,UTIL
3,54907951,1000,7.926094,0,184877056,101742498841,0,1,0,1,67,0,93
3,54864038,1000,7.863982,0,240844800,101742498841,0,1,0,1,67,0,93
3,54556939,1000,8.080596,0,294518784,101742498841,0,1,0,1,67,0,93
3,54615468,1000,7.887396,0,350945280,101742498841,0,1,0,1,66,0,94
3,54783630,1000,7.748919,0,407830528,101742498841,0,1,0,1,66,0,93
3,54827043,1000,7.802252,0,464257024,101742498841,0,1,0,1,66,0,93
11,54742329,1000,7.995955,0,519307264,101742498841,0,1,0,1,66,0,94
11,54742329,1000,7.995955,0,519307264,101742498841,0,1,0,1,66,0,94
err,
hashcat arguments,hashcat.exe -a 1 --runtime 10 -m 6100 7ca8eaaaa15eaa4c038b4c47b9313e92da827c06940e69947f85bc0fbef3eb8fd254da220ad9e208b6b28f6bb9be31dd760f1fdb26112d83f87d96b416a4d258 ..\bachelors-thesis-main\dictionaries\English.dic ..\bachelors-thesis-main\dictionaries\English2.dic --machine-readable --status --status-timer=1 --quiet
