STATUS,SPEED,MILISECONDS,EXEC_RUNTIME,CURKU,PROGRESS,PROGRESS_ALL,RECHASH,RECHASH,RECSALT,RECSALT,TEMP,REJECTED,UTIL
3,2150874030,1000,13.109189,0,7134511104,101742498841,0,1,0,1,62,0,97
3,2166603540,1000,13.346651,0,9395240960,101742498841,0,1,0,1,63,0,95
3,2158037929,1000,12.973467,0,11538530304,101742498841,0,1,0,1,62,0,98
3,2166742704,1000,13.169998,0,13799260160,101742498841,0,1,0,1,61,0,96
6,2170592088,1000,12.814935,0,15061745664,101742498841,1,1,1,1,61,0,91
err,
hashcat arguments,hashcat.exe -a 1 --runtime 10 -m 40 d63d0e21fdc05f618d55ef306c54af82:13288442151473 ..\bachelors-thesis-main\dictionaries\English.dic ..\bachelors-thesis-main\dictionaries\English2.dic --machine-readable --status --status-timer=1 --quiet
