STATUS,SPEED,MILISECONDS,EXEC_RUNTIME,CURKU,PROGRESS,PROGRESS_ALL,RECHASH,RECHASH,RECSALT,RECSALT,TEMP,REJECTED,UTIL
3,277,1000,3.415316,0,0,101742498841,0,1,0,1,62,0,93
3,277,1000,3.410874,0,0,101742498841,0,1,0,1,62,0,94
3,277,1000,3.414705,0,0,101742498841,0,1,0,1,62,0,93
3,277,1000,3.402366,0,0,101742498841,0,1,0,1,62,0,94
3,277,1000,3.445553,0,0,101742498841,0,1,0,1,62,0,93
3,277,1000,3.445143,0,0,101742498841,0,1,0,1,62,0,93
11,276,1000,3.450680,0,0,101742498841,0,1,0,1,62,0,93
11,276,1000,3.450760,0,0,101742498841,0,1,0,1,62,0,94
err,
hashcat arguments,hashcat.exe -a 1 --runtime 10 -m 13753 ..\bachelors-thesis-main\hash-files\hashcat_sha256_serpent-twofish-aes_13753.vc ..\bachelors-thesis-main\dictionaries\English.dic ..\bachelors-thesis-main\dictionaries\English2.dic --machine-readable --status --status-timer=1 --quiet
