STATUS,SPEED,MILISECONDS,EXEC_RUNTIME,CURKU,PROGRESS,PROGRESS_ALL,RECHASH,RECHASH,RECSALT,RECSALT,TEMP,REJECTED,UTIL
3,315293,1000,10.985153,0,1032192,101742498841,0,1,0,1,67,0,97
3,314972,1000,10.979488,0,1376256,101742498841,0,1,0,1,67,0,97
3,314827,1000,10.987265,0,1605632,101742498841,0,1,0,1,67,0,97
3,314640,1000,10.988132,0,1949696,101742498841,0,1,0,1,67,0,97
3,314635,1000,10.980706,0,2293760,101742498841,0,1,0,1,68,0,97
3,314562,1000,10.981410,0,2637824,101742498841,0,1,0,1,68,0,97
3,314504,1000,10.981907,0,2981888,101742498841,0,1,0,1,68,0,97
11,314402,1000,10.982893,0,3325952,101742498841,0,1,0,1,68,0,97
11,314402,1000,10.982894,0,3325952,101742498841,0,1,0,1,68,0,97
err,
hashcat arguments,hashcat.exe -a 1 --runtime 10 -m 25500 $stellar$YAlIJziURRcBEWUwRSRDWA==$EutMmmcV5Hbf3p1I$rfSAF349RvGKG4R4Z2VCrH9WjNEKjbJa9hpOja9Yn8MwXruuFEMtw47HPn9CYj+JJ5Rb4Z87Wejj1c4fqpbMZHFOnqtQsVAr ..\bachelors-thesis-main\dictionaries\English.dic ..\bachelors-thesis-main\dictionaries\English2.dic --machine-readable --status --status-timer=1 --quiet
