STATUS,SPEED,MILISECONDS,EXEC_RUNTIME,CURKU,PROGRESS,PROGRESS_ALL,RECHASH,RECHASH,RECSALT,RECSALT,TEMP,REJECTED,UTIL
3,177602,1000,6.253752,0,458752,101742498841,0,1,0,1,76,0,95
3,177753,1000,6.220867,0,688128,101742498841,0,1,0,1,77,0,95
3,177788,1000,6.400397,0,917504,101742498841,0,1,0,1,74,0,95
3,177788,1000,6.828174,0,917504,101742498841,0,1,0,1,72,0,95
3,174843,1000,6.827148,0,1146880,101742498841,0,1,0,1,72,0,95
3,172809,1000,6.790974,0,1376256,101742498841,0,1,0,1,72,0,95
11,171412,1000,6.790428,0,1605632,101742498841,0,1,0,1,72,0,94
11,171412,1000,6.790444,0,1605632,101742498841,0,1,0,1,72,0,90
err,
hashcat arguments,hashcat.exe -a 1 --runtime 10 -m 9400 $office$*2007*20*128*16*411a51284e0d0200b131a8949aaaa5cc*117d532441c63968bee7647d9b7df7d6*df1d601ccf905b375575108f42ef838fb88e1cde ..\bachelors-thesis-main\dictionaries\English.dic ..\bachelors-thesis-main\dictionaries\English2.dic --machine-readable --status --status-timer=1 --quiet
