STATUS,SPEED,MILISECONDS,EXEC_RUNTIME,CURKU,PROGRESS,PROGRESS_ALL,RECHASH,RECHASH,RECSALT,RECSALT,TEMP,REJECTED,UTIL
3,223911,1000,6.320721,0,716800,101742498841,0,1,0,1,71,0,95
3,223881,1000,6.334078,0,946176,101742498841,0,1,0,1,71,0,96
3,223189,1000,6.500813,0,1175552,101742498841,0,1,0,1,69,0,96
3,216974,1000,7.594303,0,1376256,101742498841,0,1,0,1,65,0,96
3,212681,1000,7.736921,0,1548288,101742498841,0,1,0,1,64,0,96
3,208889,1000,7.733365,0,1748992,101742498841,0,1,0,1,64,0,96
3,205987,1000,7.739921,0,1949696,101742498841,0,1,0,1,64,0,96
11,203959,1000,7.793828,0,2121728,101742498841,0,1,0,1,64,0,96
11,203959,1000,7.793876,0,2121728,101742498841,0,1,0,1,64,0,96
err,
hashcat arguments,hashcat.exe -a 1 --runtime 10 -m 6222 ..\bachelors-thesis-main\hash-files\hashcat_sha512_aes-twofish.tc ..\bachelors-thesis-main\dictionaries\English.dic ..\bachelors-thesis-main\dictionaries\English2.dic --machine-readable --status --status-timer=1 --quiet
