STATUS,SPEED,MILISECONDS,EXEC_RUNTIME,CURKU,PROGRESS,PROGRESS_ALL,RECHASH,RECHASH,RECSALT,RECSALT,TEMP,REJECTED,UTIL
3,4052297939,1000,6.638861,0,13857980416,101742498841,0,1,0,1,69,0,92
3,4053335216,1000,6.651525,0,17997758464,101742498841,0,1,0,1,69,0,92
3,4050671824,1000,6.684695,0,22078816256,101742498841,0,1,0,1,68,0,92
3,3999805960,1000,7.260860,0,25836912640,101742498841,0,1,0,1,66,0,93
3,3962403056,1000,7.278514,0,29595009024,101742498841,0,1,0,1,65,0,93
3,3934509327,1000,7.270719,0,33411825664,101742498841,0,1,0,1,65,0,93
11,3866614436,1000,7.284759,114688,36787666944,101742498841,0,1,0,1,64,0,31
11,3866614436,1000,7.283919,114688,36787666944,101742498841,0,1,0,1,64,0,31
err,
hashcat arguments,hashcat.exe -a 1 --runtime 10 -m 11000 810e3d12f0f10777a679d9ca1ad7a8d9:M2uZ122bSHJ4Mi54tXGY0lqcv1r28mUluSkyw37ou5oia4i239ujqw0l ..\bachelors-thesis-main\dictionaries\English.dic ..\bachelors-thesis-main\dictionaries\English2.dic --machine-readable --status --status-timer=1 --quiet
