STATUS,SPEED,MILISECONDS,EXEC_RUNTIME,CURKU,PROGRESS,PROGRESS_ALL,RECHASH,RECHASH,RECSALT,RECSALT,TEMP,REJECTED,UTIL
3,21825,1000,7.011597,0,80640,101742498841,0,1,0,1,57,0,94
3,21818,1000,7.020419,0,102816,101742498841,0,1,0,1,57,0,93
3,21815,1000,7.012206,0,124992,101742498841,0,1,0,1,57,0,94
3,21817,1000,7.011419,0,147840,101742498841,0,1,0,1,57,0,94
3,21809,1000,7.012888,0,169344,101742498841,0,1,0,1,57,0,93
3,21815,1000,7.011852,0,191520,101742498841,0,1,0,1,57,0,94
11,21814,1000,7.011602,0,213696,101742498841,0,1,0,1,57,0,93
11,21814,1000,7.011610,0,213696,101742498841,0,1,0,1,57,0,93
err,
hashcat arguments,hashcat.exe -a 1 --runtime 10 -m 25600 $2a$05$/VT2Xs2dMd8GJKfrXhjYP.DkTjOVrY12yDN7/6I8ZV0q/1lEohLru ..\bachelors-thesis-main\dictionaries\English.dic ..\bachelors-thesis-main\dictionaries\English2.dic --machine-readable --status --status-timer=1 --quiet
