STATUS,SPEED,MILISECONDS,EXEC_RUNTIME,CURKU,PROGRESS,PROGRESS_ALL,RECHASH,RECHASH,RECSALT,RECSALT,TEMP,REJECTED,UTIL
3,2153815485,1000,3.393660,0,66506326836,101742498841,0,1,0,1,67,59577403380,85
6,2155666840,1000,3.398722,0,68257593204,101742498841,1,1,1,1,67,59577403380,85
err,
hashcat arguments,hashcat.exe -a 1 --runtime 10 -m 8500 $racf$*USER*FC2577C6EBE6265B ..\bachelors-thesis-main\dictionaries\English.dic ..\bachelors-thesis-main\dictionaries\English2.dic --machine-readable --status --status-timer=1 --quiet
