STATUS,SPEED,MILISECONDS,EXEC_RUNTIME,CURKU,PROGRESS,PROGRESS_ALL,RECHASH,RECHASH,RECSALT,RECSALT,TEMP,REJECTED,UTIL
3,430,1000,4.473027,0,0,101742498841,0,1,0,1,61,0,95
3,430,1000,4.468470,0,0,101742498841,0,1,0,1,61,0,95
3,430,1000,4.461533,0,0,101742498841,0,1,0,1,62,0,95
3,430,1000,4.479580,0,0,101742498841,0,1,0,1,62,0,95
3,430,1000,4.472828,0,0,101742498841,0,1,0,1,62,0,95
3,426,1000,5.193511,0,0,101742498841,0,1,0,1,61,0,97
11,423,1000,4.723550,0,0,101742498841,0,1,0,1,61,0,96
11,423,1000,4.732955,0,0,101742498841,0,1,0,1,61,0,96
err,
hashcat arguments,hashcat.exe -a 1 --runtime 10 -m 13752 ..\bachelors-thesis-main\hash-files\hashcat_sha256_serpent-aes_13752.vc ..\bachelors-thesis-main\dictionaries\English.dic ..\bachelors-thesis-main\dictionaries\English2.dic --machine-readable --status --status-timer=1 --quiet
