STATUS,SPEED,MILISECONDS,EXEC_RUNTIME,CURKU,PROGRESS,PROGRESS_ALL,RECHASH,RECHASH,RECSALT,RECSALT,TEMP,REJECTED,UTIL
3,8433,1000,3.457252,0,34048,101742498841,0,1,0,1,60,0,94
3,8469,1000,3.457661,0,43008,101742498841,0,1,0,1,60,0,94
3,8493,1000,3.456539,0,51968,101742498841,0,1,0,1,60,0,94
3,8469,1000,3.624463,0,60032,101742498841,0,1,0,1,59,0,94
3,8414,1000,3.705004,0,68096,101742498841,0,1,0,1,59,0,94
3,8367,1000,3.704728,0,77056,101742498841,0,1,0,1,58,0,94
11,8335,1000,3.704332,0,85120,101742498841,0,1,0,1,58,0,95
11,8335,1000,3.704316,0,85120,101742498841,0,1,0,1,58,0,88
err,
hashcat arguments,hashcat.exe -a 1 --runtime 10 -m 9300 $9$2MJBozw/9R3UsU$2lFhcKvpghcyw8deP25GOfyZaagyUOGBymkryvOdfo6 ..\bachelors-thesis-main\dictionaries\English.dic ..\bachelors-thesis-main\dictionaries\English2.dic --machine-readable --status --status-timer=1 --quiet
