STATUS,SPEED,MILISECONDS,EXEC_RUNTIME,CURKU,PROGRESS,PROGRESS_ALL,RECHASH,RECHASH,RECSALT,RECSALT,TEMP,REJECTED,UTIL
3,17659846958,1000,0.427580,159488,62100002048,101742498841,0,1,0,1,55,0,46
3,18049973762,1000,0.440767,239232,81799561088,101742498841,0,1,0,1,55,0,31
3,17722979235,1000,0.453611,279104,99966862528,101742498841,0,1,0,1,55,0,47
5,17860658065,1000,0.476360,318971,101742498841,101742498841,0,1,0,1,55,0,27
err,
hashcat arguments,hashcat.exe -a 1 --runtime 10 -m 28504 bc1qv8e65p73gmp4w3z6fqnyu8t6ct69vetsda3snd ..\bachelors-thesis-main\dictionaries\English.dic ..\bachelors-thesis-main\dictionaries\English2.dic --machine-readable --status --status-timer=1 --quiet
