STATUS,SPEED,MILISECONDS,EXEC_RUNTIME,CURKU,PROGRESS,PROGRESS_ALL,RECHASH,RECHASH,RECSALT,RECSALT,TEMP,REJECTED,UTIL
3,716,1000,4.215201,0,0,101742498841,0,1,0,1,63,0,95
3,717,1000,4.198591,0,0,101742498841,0,1,0,1,63,0,95
3,717,1000,4.203188,0,0,101742498841,0,1,0,1,63,0,94
3,717,1000,4.225474,0,0,101742498841,0,1,0,1,63,0,94
3,717,1000,4.225670,0,0,101742498841,0,1,0,1,63,0,94
3,716,1000,4.226219,0,0,101742498841,0,1,0,1,63,0,94
11,716,1000,4.213269,0,0,101742498841,0,1,0,1,63,0,94
11,716,1000,4.208381,0,0,101742498841,0,1,0,1,63,0,94
err,
hashcat arguments,hashcat.exe -a 1 --runtime 10 -m 13742 ..\bachelors-thesis-main\hash-files\hashcat_ripemd160_aes-twofish_boot.vc ..\bachelors-thesis-main\dictionaries\English.dic ..\bachelors-thesis-main\dictionaries\English2.dic --machine-readable --status --status-timer=1 --quiet
