STATUS,SPEED,MILISECONDS,EXEC_RUNTIME,CURKU,PROGRESS,PROGRESS_ALL,RECHASH,RECHASH,RECSALT,RECSALT,TEMP,REJECTED,UTIL
3,2937750192,1000,9.831700,0,9630121984,101742498841,0,1,0,1,65,0,94
3,2952492412,1000,9.487810,0,12683575296,101742498841,0,1,0,1,66,0,94
6,2967995409,1000,9.011201,0,15061745664,101742498841,1,1,1,1,66,0,94
err,
hashcat arguments,hashcat.exe -a 1 --runtime 10 -m 13500 b5e335754127b25ba6f99a94c738e24cd634c35a:aa07d396f5038a6cbeded88d78d1d6c907e4079b3dc2e12fddee409a51cc05ae73e8cc24d518c923a2f79e49376594503e6238b806bfe33fa8516f4903a9b4 ..\bachelors-thesis-main\dictionaries\English.dic ..\bachelors-thesis-main\dictionaries\English2.dic --machine-readable --status --status-timer=1 --quiet
