STATUS,SPEED,MILISECONDS,EXEC_RUNTIME,CURKU,PROGRESS,PROGRESS_ALL,RECHASH,RECHASH,RECSALT,RECSALT,TEMP,REJECTED,UTIL
3,25,1000,2.955361,0,0,101742498841,0,1,0,1,60,0,93
3,25,1000,2.958701,0,0,101742498841,0,1,0,1,60,0,92
3,25,1000,2.958668,0,0,101742498841,0,1,0,1,60,0,92
3,25,1000,2.959227,0,0,101742498841,0,1,0,1,60,0,92
3,25,1000,2.955770,0,0,101742498841,0,1,0,1,60,0,92
3,25,1000,2.956472,0,0,101742498841,0,1,0,1,60,0,92
11,25,1000,2.958648,0,0,101742498841,0,1,0,1,60,0,93
11,25,1000,2.958648,0,0,101742498841,0,1,0,1,60,0,93
err,
hashcat arguments,hashcat.exe -a 1 --runtime 10 -m 13782 ..\bachelors-thesis-main\hash-files\hashcat_streebog512_aes-twofish_boot_13782.vc ..\bachelors-thesis-main\dictionaries\English.dic ..\bachelors-thesis-main\dictionaries\English2.dic --machine-readable --status --status-timer=1 --quiet
