STATUS,SPEED,MILISECONDS,EXEC_RUNTIME,CURKU,PROGRESS,PROGRESS_ALL,RECHASH,RECHASH,RECSALT,RECSALT,TEMP,REJECTED,UTIL
3,572117,1000,7.136388,0,1594855,101742498841,0,1,0,1,74,0,96
3,572489,1000,7.143397,0,2232797,101742498841,0,1,0,1,74,0,96
3,572437,1000,7.129096,0,2870739,101742498841,0,1,0,1,74,0,96
3,560169,1000,8.129603,0,3508681,101742498841,0,1,0,1,67,0,97
3,551155,1000,8.801105,0,3827652,101742498841,0,1,0,1,67,0,96
3,537314,1000,8.817838,0,4465594,101742498841,0,1,0,1,66,0,97
11,531955,1000,8.805535,0,4784565,101742498841,0,1,0,1,66,0,96
11,531955,1000,8.805415,0,4784565,101742498841,0,1,0,1,66,0,96
err,
hashcat arguments,hashcat.exe -a 1 --runtime 10 -m 6241 ..\bachelors-thesis-main\hash-files\hashcat_ripemd160_serpent_boot.tc ..\bachelors-thesis-main\dictionaries\English.dic ..\bachelors-thesis-main\dictionaries\English2.dic --machine-readable --status --status-timer=1 --quiet
