STATUS,SPEED,MILISECONDS,EXEC_RUNTIME,CURKU,PROGRESS,PROGRESS_ALL,RECHASH,RECHASH,RECSALT,RECSALT,TEMP,REJECTED,UTIL
3,89332,1000,6.215970,0,229376,101742498841,0,1,0,1,77,0,95
3,89381,1000,6.202825,0,344064,101742498841,0,1,0,1,77,0,95
3,89375,1000,6.203167,0,458752,101742498841,0,1,0,1,77,0,95
3,89375,1000,6.743257,0,458752,101742498841,0,1,0,1,73,0,95
3,88415,1000,6.807221,0,573440,101742498841,0,1,0,1,73,0,95
3,87292,1000,6.771806,0,688128,101742498841,0,1,0,1,72,0,95
11,86500,1000,6.771629,0,802816,101742498841,0,1,0,1,72,0,95
11,86500,1000,6.771663,0,802816,101742498841,0,1,0,1,72,0,95
err,
hashcat arguments,hashcat.exe -a 1 --runtime 10 -m 9500 $office$*2010*100000*128*16*77233201017277788267221014757262*b2d0ca4854ba19cf95a2647d5eee906c*e30cbbb189575cafb6f142a90c2622fa9e78d293c5b0c001517b3f5b82993557 ..\bachelors-thesis-main\dictionaries\English.dic ..\bachelors-thesis-main\dictionaries\English2.dic --machine-readable --status --status-timer=1 --quiet
