STATUS,SPEED,MILISECONDS,EXEC_RUNTIME,CURKU,PROGRESS,PROGRESS_ALL,RECHASH,RECHASH,RECSALT,RECSALT,TEMP,REJECTED,UTIL
3,887097530,1000,1.123212,0,2985615360,101742498841,0,1,0,1,71,0,69
3,888087786,1000,1.002679,0,3895334912,101742498841,0,1,0,1,71,0,69
3,882032855,1000,1.029086,0,4756570112,101742498841,0,1,0,1,71,0,68
3,889967595,1000,1.007235,0,5659910144,101742498841,0,1,0,1,70,0,67
3,809772642,1000,1.012585,19936,6444491424,101742498841,0,1,0,1,69,0,23
3,820270251,1000,1.137088,19936,7285312160,101742498841,0,1,0,1,70,0,67
11,825384827,1000,1.078791,19936,8141443744,101742498841,0,1,0,1,70,0,69
11,825384827,1000,1.078791,19936,8141443744,101742498841,0,1,0,1,70,0,69
err,
hashcat arguments,hashcat.exe -a 1 --runtime 10 -m 7000 AK1AAECAwQFBgcICRARNGqgeC3is8gv2xWWRony9NJnDgE= ..\bachelors-thesis-main\dictionaries\English.dic ..\bachelors-thesis-main\dictionaries\English2.dic --machine-readable --status --status-timer=1 --quiet
