STATUS,SPEED,MILISECONDS,EXEC_RUNTIME,CURKU,PROGRESS,PROGRESS_ALL,RECHASH,RECHASH,RECSALT,RECSALT,TEMP,REJECTED,UTIL
3,52838827,1000,8.162492,0,178454528,101742498841,0,1,0,1,63,0,94
3,52871467,1000,8.164997,0,232128512,101742498841,0,1,0,1,63,0,95
3,52883402,1000,8.159304,0,286261248,101742498841,0,1,0,1,63,0,95
3,52466809,1000,8.571015,0,337641472,101742498841,0,1,0,1,62,0,95
3,51928823,1000,8.954500,0,387186688,101742498841,0,1,0,1,61,0,95
3,51510802,1000,8.954299,0,436731904,101742498841,0,1,0,1,61,0,95
11,51191586,1000,8.954323,0,486277120,101742498841,0,1,0,1,61,0,95
11,51191586,1000,8.954323,0,486277120,101742498841,0,1,0,1,61,0,95
err,
hashcat arguments,hashcat.exe -a 1 --runtime 10 -m 11700 57e9e50caec93d72e9498c211d6dc4f4d328248b48ecf46ba7abfa874f666e36 ..\bachelors-thesis-main\dictionaries\English.dic ..\bachelors-thesis-main\dictionaries\English2.dic --machine-readable --status --status-timer=1 --quiet
