STATUS,SPEED,MILISECONDS,EXEC_RUNTIME,CURKU,PROGRESS,PROGRESS_ALL,RECHASH,RECHASH,RECSALT,RECSALT,TEMP,REJECTED,UTIL
3,223875,1000,6.323719,0,716800,101742498841,0,1,0,1,71,0,95
3,223949,1000,6.315914,0,946176,101742498841,0,1,0,1,71,0,95
3,224029,1000,6.323620,0,1175552,101742498841,0,1,0,1,71,0,95
3,219523,1000,7.281595,0,1376256,101742498841,0,1,0,1,65,0,96
3,214179,1000,7.719921,0,1576960,101742498841,0,1,0,1,64,0,96
3,210711,1000,7.792915,0,1748992,101742498841,0,1,0,1,64,0,96
11,207536,1000,7.734097,0,1949696,101742498841,0,1,0,1,64,0,96
11,207536,1000,7.734169,0,1949696,101742498841,0,1,0,1,64,0,96
err,
hashcat arguments,hashcat.exe -a 1 --runtime 10 -m 6222 ..\bachelors-thesis-main\hash-files\hashcat_sha512_serpent-aes.tc ..\bachelors-thesis-main\dictionaries\English.dic ..\bachelors-thesis-main\dictionaries\English2.dic --machine-readable --status --status-timer=1 --quiet
