STATUS,SPEED,MILISECONDS,EXEC_RUNTIME,CURKU,PROGRESS,PROGRESS_ALL,RECHASH,RECHASH,RECSALT,RECSALT,TEMP,REJECTED,UTIL
3,626321,1000,89.738441,0,2064384,101742498841,0,1,0,1,58,0,100
3,624360,1000,90.170356,0,2752512,101742498841,0,1,0,1,58,0,100
3,619829,1000,90.752655,0,3440640,101742498841,0,1,0,1,58,0,100
3,614210,1000,91.632499,0,4128768,101742498841,0,1,0,1,58,0,100
3,610419,1000,92.140824,0,4816896,101742498841,0,1,0,1,58,0,100
11,608650,1000,92.507410,0,5505024,101742498841,0,1,0,1,58,0,100
11,608650,1000,92.539741,0,5505024,101742498841,0,1,0,1,58,0,100
err,
hashcat arguments,hashcat.exe -a 1 --runtime 10 -m 19200 @S@715df9e94c097805dd1e13c6a40f331d02ce589765a2100ec7435e76b978d5efc364ce10870780622cee003c9951bd92ec1020c924b124cfff7e0fa1f73e3672@2257314490293159 ..\bachelors-thesis-main\dictionaries\English.dic ..\bachelors-thesis-main\dictionaries\English2.dic --machine-readable --status --status-timer=1 --quiet
