STATUS,SPEED,MILISECONDS,EXEC_RUNTIME,CURKU,PROGRESS,PROGRESS_ALL,RECHASH,RECHASH,RECSALT,RECSALT,TEMP,REJECTED,UTIL
3,1387010,1000,9.046468,0,4358144,101742498841,0,1,0,1,73,0,96
3,1387529,1000,9.100815,0,5734400,101742498841,0,1,0,1,73,0,96
3,1381817,1000,9.352585,0,7110656,101742498841,0,1,0,1,71,0,97
3,1362689,1000,9.902439,0,8486912,101742498841,0,1,0,1,69,0,97
3,1349444,1000,9.903226,0,9863168,101742498841,0,1,0,1,69,0,97
3,1341047,1000,9.972287,0,11010048,101742498841,0,1,0,1,69,0,96
3,1333188,1000,9.910293,0,12386304,101742498841,0,1,0,1,69,0,97
11,1326733,1000,9.902974,0,13762560,101742498841,0,1,0,1,69,0,96
11,1326733,1000,9.903038,0,13762560,101742498841,0,1,0,1,69,0,96
err,
hashcat arguments,hashcat.exe -a 1 --runtime 10 -m 10900 sha256:1000:MTc3MTA0MTQwMjQxNzY=:PYjCU215Mi57AYPKva9j7mvF4Rc5bCnt ..\bachelors-thesis-main\dictionaries\English.dic ..\bachelors-thesis-main\dictionaries\English2.dic --machine-readable --status --status-timer=1 --quiet
