STATUS,SPEED,MILISECONDS,EXEC_RUNTIME,CURKU,PROGRESS,PROGRESS_ALL,RECHASH,RECHASH,RECSALT,RECSALT,TEMP,REJECTED,UTIL
3,128970,1000,6.565509,0,401408,101742498841,0,1,0,1,73,0,95
3,129021,1000,6.564711,0,544768,101742498841,0,1,0,1,73,0,95
3,129040,1000,6.565862,0,688128,101742498841,0,1,0,1,73,0,95
3,127706,1000,7.126106,0,802816,101742498841,0,1,0,1,70,0,95
3,126489,1000,7.181804,0,917504,101742498841,0,1,0,1,69,0,95
3,125553,1000,7.181980,0,1032192,101742498841,0,1,0,1,69,0,95
11,124640,1000,7.183097,0,1175552,101742498841,0,1,0,1,69,0,95
11,124640,1000,7.183145,0,1175552,101742498841,0,1,0,1,69,0,95
err,
hashcat arguments,hashcat.exe -a 1 --runtime 10 -m 12300 78281A9C0CF626BD05EFC4F41B515B61D6C4D95A250CD4A605CA0EF97168D670EBCB5673B6F5A2FB9CC4E0C0101E659C0C4E3B9B3BEDA846CD15508E88685A2334141655046766111066420254008225 ..\bachelors-thesis-main\dictionaries\English.dic ..\bachelors-thesis-main\dictionaries\English2.dic --machine-readable --status --status-timer=1 --quiet
