STATUS,SPEED,MILISECONDS,EXEC_RUNTIME,CURKU,PROGRESS,PROGRESS_ALL,RECHASH,RECHASH,RECSALT,RECSALT,TEMP,REJECTED,UTIL
3,956773,1000,7.058085,0,3211264,101742498841,0,1,0,1,70,0,95
3,955990,1000,7.059079,0,4243456,101742498841,0,1,0,1,70,0,96
3,955755,1000,7.058992,0,5160960,101742498841,0,1,0,1,70,0,95
3,955915,1000,7.058565,0,6193152,101742498841,0,1,0,1,70,0,96
3,955542,1000,7.058785,0,7110656,101742498841,0,1,0,1,70,0,95
3,955280,1000,7.060080,0,8142848,101742498841,0,1,0,1,71,0,95
11,955016,1000,7.059748,0,9060352,101742498841,0,1,0,1,70,0,95
11,955016,1000,7.059756,0,9060352,101742498841,0,1,0,1,70,0,95
err,
hashcat arguments,hashcat.exe -a 1 --runtime 10 -m 28800 $krb5db$17$test$TEST.LOCAL$1c41586d6c060071e08186ee214e725e ..\bachelors-thesis-main\dictionaries\English.dic ..\bachelors-thesis-main\dictionaries\English2.dic --machine-readable --status --status-timer=1 --quiet
