STATUS,SPEED,MILISECONDS,EXEC_RUNTIME,CURKU,PROGRESS,PROGRESS_ALL,RECHASH,RECHASH,RECSALT,RECSALT,TEMP,REJECTED,UTIL
err,Cannot load module ./modules/module_29910.dll


hashcat arguments,hashcat.exe -a 1 --runtime 10 -m 29910 $encdv-pbkdf2$1$1$121f898edc51ffb2$14e6bf4e9256f9e4$32$1972489853882254644795101599063579097812661888813652597380052274$100000 ..\bachelors-thesis-main\dictionaries\English.dic ..\bachelors-thesis-main\dictionaries\English2.dic --machine-readable --status --status-timer=1 --quiet
