STATUS,SPEED,MILISECONDS,EXEC_RUNTIME,CURKU,PROGRESS,PROGRESS_ALL,RECHASH,RECHASH,RECSALT,RECSALT,TEMP,REJECTED,UTIL
3,300088,1000,6.036278,0,956913,101742498841,0,1,0,1,71,0,98
3,300289,1000,6.036163,0,1275884,101742498841,0,1,0,1,71,0,99
3,300289,1000,6.536627,0,1275884,101742498841,0,1,0,1,69,0,97
3,294927,1000,7.416584,0,1594855,101742498841,0,1,0,1,67,0,96
3,285554,1000,7.416702,0,1913826,101742498841,0,1,0,1,66,0,96
3,279151,1000,7.408374,0,2232797,101742498841,0,1,0,1,65,0,96
11,274619,1000,7.424150,0,2551768,101742498841,0,1,0,1,65,0,96
11,274619,1000,7.424526,0,2551768,101742498841,0,1,0,1,65,0,97
err,
hashcat arguments,hashcat.exe -a 1 --runtime 10 -m 6242 ..\bachelors-thesis-main\hash-files\hashcat_ripemd160_aes-twofish_boot.tc ..\bachelors-thesis-main\dictionaries\English.dic ..\bachelors-thesis-main\dictionaries\English2.dic --machine-readable --status --status-timer=1 --quiet
