STATUS,SPEED,MILISECONDS,EXEC_RUNTIME,CURKU,PROGRESS,PROGRESS_ALL,RECHASH,RECHASH,RECSALT,RECSALT,TEMP,REJECTED,UTIL
3,302514,1000,7.638819,0,956913,101742498841,0,1,0,1,71,0,97
3,302671,1000,7.641544,0,1275884,101742498841,0,1,0,1,71,0,97
3,302829,1000,7.634696,0,1594855,101742498841,0,1,0,1,72,0,97
3,302829,1000,8.792611,0,1594855,101742498841,0,1,0,1,66,0,97
3,294582,1000,9.404610,0,1913826,101742498841,0,1,0,1,65,0,97
3,286829,1000,9.409806,0,2232797,101742498841,0,1,0,1,65,0,97
11,281398,1000,9.403316,0,2551768,101742498841,0,1,0,1,64,0,97
11,281398,1000,9.403180,0,2551768,101742498841,0,1,0,1,64,0,97
err,
hashcat arguments,hashcat.exe -a 1 --runtime 10 -m 6211 ..\bachelors-thesis-main\hash-files\hashcat_ripemd160_twofish.tc ..\bachelors-thesis-main\dictionaries\English.dic ..\bachelors-thesis-main\dictionaries\English2.dic --machine-readable --status --status-timer=1 --quiet
