STATUS,SPEED,MILISECONDS,EXEC_RUNTIME,CURKU,PROGRESS,PROGRESS_ALL,RECHASH,RECHASH,RECSALT,RECSALT,TEMP,REJECTED,UTIL
3,51,1000,2.952185,0,0,101742498841,0,1,0,1,63,0,93
3,50,1000,2.968067,0,0,101742498841,0,1,0,1,63,0,92
3,51,1000,2.955640,0,0,101742498841,0,1,0,1,63,0,92
3,51,1000,2.955472,0,0,101742498841,0,1,0,1,63,0,92
3,51,1000,2.954757,0,0,101742498841,0,1,0,1,63,0,92
3,51,1000,2.955875,0,0,101742498841,0,1,0,1,63,0,92
11,51,1000,2.958035,0,0,101742498841,0,1,0,1,63,0,92
11,51,1000,2.957947,0,0,101742498841,0,1,0,1,63,0,92
err,
hashcat arguments,hashcat.exe -a 1 --runtime 10 -m 13781 ..\bachelors-thesis-main\hash-files\hashcat_streebog512_aes_boot_13781.vc ..\bachelors-thesis-main\dictionaries\English.dic ..\bachelors-thesis-main\dictionaries\English2.dic --machine-readable --status --status-timer=1 --quiet
