STATUS,SPEED,MILISECONDS,EXEC_RUNTIME,CURKU,PROGRESS,PROGRESS_ALL,RECHASH,RECHASH,RECSALT,RECSALT,TEMP,REJECTED,UTIL
3,881,1000,47.937559,0,3584,101742498841,0,1,0,1,58,0,99
3,881,1000,47.925026,0,4480,101742498841,0,1,0,1,58,0,100
3,881,1000,47.904233,0,5376,101742498841,0,1,0,1,58,0,99
3,881,1000,47.896000,0,6272,101742498841,0,1,0,1,59,0,99
3,882,1000,47.832248,0,7168,101742498841,0,1,0,1,58,0,99
11,881,1000,47.858713,0,8064,101742498841,0,1,0,1,59,0,99
11,881,1000,47.860321,0,8064,101742498841,0,1,0,1,59,0,99
err,
hashcat arguments,hashcat.exe -a 1 --runtime 10 -m 27700 $multibit$3*16384*8*1*7523cb5482e81b81*91780fd49b81a782ab840157a69ba7996d81270eaf456c850f314fc1787d9b0b ..\bachelors-thesis-main\dictionaries\English.dic ..\bachelors-thesis-main\dictionaries\English2.dic --machine-readable --status --status-timer=1 --quiet
