STATUS,SPEED,MILISECONDS,EXEC_RUNTIME,CURKU,PROGRESS,PROGRESS_ALL,RECHASH,RECHASH,RECSALT,RECSALT,TEMP,REJECTED,UTIL
3,150650,1000,9.462954,0,458752,101742498841,0,1,0,1,71,0,97
3,150709,1000,9.390748,0,630784,101742498841,0,1,0,1,71,0,97
3,150589,1000,9.541092,0,774144,101742498841,0,1,0,1,70,0,97
3,146466,1000,10.722790,0,917504,101742498841,0,1,0,1,65,0,97
3,143436,1000,11.569837,0,1032192,101742498841,0,1,0,1,64,0,97
3,140582,1000,11.570052,0,1175552,101742498841,0,1,0,1,64,0,98
3,138852,1000,11.645711,0,1290240,101742498841,0,1,0,1,64,0,97
11,137098,1000,11.558561,0,1433600,101742498841,0,1,0,1,64,0,98
11,137098,1000,11.558417,0,1433600,101742498841,0,1,0,1,64,0,98
err,
hashcat arguments,hashcat.exe -a 1 --runtime 10 -m 6223 ..\bachelors-thesis-main\hash-files\hashcat_sha512_aes-twofish-serpent.tc ..\bachelors-thesis-main\dictionaries\English.dic ..\bachelors-thesis-main\dictionaries\English2.dic --machine-readable --status --status-timer=1 --quiet
