STATUS,SPEED,MILISECONDS,EXEC_RUNTIME,CURKU,PROGRESS,PROGRESS_ALL,RECHASH,RECHASH,RECSALT,RECSALT,TEMP,REJECTED,UTIL
3,2507,1000,3.932946,0,0,101742498841,0,1,0,1,63,0,94
3,2508,1000,3.928104,0,0,101742498841,0,1,0,1,63,0,94
3,2506,1000,3.958627,0,0,101742498841,0,1,0,1,63,0,94
3,2504,1000,3.957712,0,0,101742498841,0,1,0,1,63,0,94
3,2503,1000,3.960068,0,0,101742498841,0,1,0,1,63,0,94
3,2504,1000,3.920932,0,0,101742498841,0,1,0,1,64,0,96
11,2606,1000,2.715476,0,0,101742498841,0,1,0,1,83,0,94
11,2606,1000,2.715778,0,0,101742498841,0,1,0,1,83,0,94
err,
hashcat arguments,hashcat.exe -a 1 --runtime 10 -m 13761 ..\bachelors-thesis-main\hash-files\hashcat_sha256_aes_boot_pim500.vc ..\bachelors-thesis-main\dictionaries\English.dic ..\bachelors-thesis-main\dictionaries\English2.dic --machine-readable --status --status-timer=1 --quiet
