STATUS,SPEED,MILISECONDS,EXEC_RUNTIME,CURKU,PROGRESS,PROGRESS_ALL,RECHASH,RECHASH,RECSALT,RECSALT,TEMP,REJECTED,UTIL
3,302584,1000,7.642065,0,956913,101742498841,0,1,0,1,70,0,96
3,303102,1000,7.635532,0,1275884,101742498841,0,1,0,1,70,0,96
3,303102,1000,7.834579,0,1275884,101742498841,0,1,0,1,70,0,97
3,301288,1000,9.196484,0,1594855,101742498841,0,1,0,1,65,0,97
3,290954,1000,9.429139,0,1913826,101742498841,0,1,0,1,64,0,97
3,283903,1000,9.417965,0,2232797,101742498841,0,1,0,1,64,0,97
3,278858,1000,9.418540,0,2551768,101742498841,0,1,0,1,63,0,97
11,274980,1000,9.424691,0,2870739,101742498841,0,1,0,1,63,0,97
11,274980,1000,9.424747,0,2870739,101742498841,0,1,0,1,63,0,98
err,
hashcat arguments,hashcat.exe -a 1 --runtime 10 -m 6211 ..\bachelors-thesis-main\hash-files\hashcat_ripemd160_aes.tc ..\bachelors-thesis-main\dictionaries\English.dic ..\bachelors-thesis-main\dictionaries\English2.dic --machine-readable --status --status-timer=1 --quiet
