STATUS,SPEED,MILISECONDS,EXEC_RUNTIME,CURKU,PROGRESS,PROGRESS_ALL,RECHASH,RECHASH,RECSALT,RECSALT,TEMP,REJECTED,UTIL
3,446679,1000,8.102438,0,1677312,101742498841,0,1,0,1,57,0,97
3,433525,1000,8.784026,0,2064384,101742498841,0,1,0,1,57,0,96
3,425005,1000,8.791695,0,2451456,101742498841,0,1,0,1,56,0,96
3,418799,1000,8.777665,0,2860032,101742498841,0,1,0,1,56,0,97
3,414524,1000,8.773067,0,3247104,101742498841,0,1,0,1,56,0,96
3,411251,1000,8.766218,0,3634176,101742498841,0,1,0,1,56,0,97
11,408572,1000,8.745577,0,4042752,101742498841,0,1,0,1,56,0,97
11,408572,1000,8.744561,0,4042752,101742498841,0,1,0,1,56,0,97
err,
hashcat arguments,hashcat.exe -a 1 --runtime 10 -m 9000 ..\bachelors-thesis-main\hash-files\hashcat.psafe2.dat ..\bachelors-thesis-main\dictionaries\English.dic ..\bachelors-thesis-main\dictionaries\English2.dic --machine-readable --status --status-timer=1 --quiet
