STATUS,SPEED,MILISECONDS,EXEC_RUNTIME,CURKU,PROGRESS,PROGRESS_ALL,RECHASH,RECHASH,RECSALT,RECSALT,TEMP,REJECTED,UTIL
3,431,1000,4.458385,0,0,101742498841,0,1,0,1,61,0,95
3,431,1000,4.450476,0,0,101742498841,0,1,0,1,61,0,95
3,431,1000,4.461682,0,0,101742498841,0,1,0,1,62,0,95
3,431,1000,4.448791,0,0,101742498841,0,1,0,1,62,0,95
3,431,1000,4.459212,0,0,101742498841,0,1,0,1,62,0,95
3,431,1000,4.454027,0,0,101742498841,0,1,0,1,62,0,95
11,431,1000,4.457919,0,0,101742498841,0,1,0,1,62,0,95
11,431,1000,4.457759,0,0,101742498841,0,1,0,1,62,0,91
err,
hashcat arguments,hashcat.exe -a 1 --runtime 10 -m 13752 ..\bachelors-thesis-main\hash-files\hashcat_sha256_twofish-serpent_13752.vc ..\bachelors-thesis-main\dictionaries\English.dic ..\bachelors-thesis-main\dictionaries\English2.dic --machine-readable --status --status-timer=1 --quiet
