STATUS,SPEED,MILISECONDS,EXEC_RUNTIME,CURKU,PROGRESS,PROGRESS_ALL,RECHASH,RECHASH,RECSALT,RECSALT,TEMP,REJECTED,UTIL
3,20589,1000,8.015463,0,57344,101742498841,0,1,0,1,62,0,96
3,20589,1000,8.012346,0,57344,101742498841,0,1,0,1,62,0,96
3,20578,1000,8.014702,0,114688,101742498841,0,1,0,1,62,0,97
3,20578,1000,8.014953,0,114688,101742498841,0,1,0,1,62,0,96
3,20578,1000,8.016724,0,114688,101742498841,0,1,0,1,62,0,96
11,20583,1000,8.014956,0,172032,101742498841,0,1,0,1,62,0,96
11,20583,1000,8.014892,0,172032,101742498841,0,1,0,1,62,0,96
err,
hashcat arguments,hashcat.exe -a 1 --runtime 10 -m 21500 $solarwinds$0$admin$fj4EBQewCQUZ7IYHl0qL8uj9kQSBb3m7N4u0crkKK0Uj9rbbAnSrBZMXO7oWx9KqL3sCzwncvPZ9hyDV9QCFTg== ..\bachelors-thesis-main\dictionaries\English.dic ..\bachelors-thesis-main\dictionaries\English2.dic --machine-readable --status --status-timer=1 --quiet
