STATUS,SPEED,MILISECONDS,EXEC_RUNTIME,CURKU,PROGRESS,PROGRESS_ALL,RECHASH,RECHASH,RECSALT,RECSALT,TEMP,REJECTED,UTIL
3,21811,1000,7.012803,0,81312,101742498841,0,1,0,1,56,0,93
3,21807,1000,7.012928,0,103488,101742498841,0,1,0,1,56,0,93
3,21803,1000,7.022432,0,125664,101742498841,0,1,0,1,56,0,94
3,21801,1000,7.012931,0,147840,101742498841,0,1,0,1,56,0,93
3,21798,1000,7.012974,0,170016,101742498841,0,1,0,1,56,0,93
3,21797,1000,7.013070,0,192192,101742498841,0,1,0,1,56,0,94
11,21798,1000,7.012921,0,214368,101742498841,0,1,0,1,56,0,93
11,21798,1000,7.012929,0,214368,101742498841,0,1,0,1,56,0,93
err,
hashcat arguments,hashcat.exe -a 1 --runtime 10 -m 25800 $2a$05$Uo385Fa0g86uUXHwZxB90.qMMdRFExaXePGka4WGFv.86I45AEjmO ..\bachelors-thesis-main\dictionaries\English.dic ..\bachelors-thesis-main\dictionaries\English2.dic --machine-readable --status --status-timer=1 --quiet
