STATUS,SPEED,MILISECONDS,EXEC_RUNTIME,CURKU,PROGRESS,PROGRESS_ALL,RECHASH,RECHASH,RECSALT,RECSALT,TEMP,REJECTED,UTIL
3,354,1000,4.081130,0,0,101742498841,0,1,0,1,61,0,94
3,354,1000,4.058299,0,0,101742498841,0,1,0,1,62,0,93
3,353,1000,4.091700,0,0,101742498841,0,1,0,1,62,0,92
3,353,1000,4.075384,0,0,101742498841,0,1,0,1,62,0,93
3,353,1000,4.062555,0,0,101742498841,0,1,0,1,62,0,93
3,353,1000,4.080316,0,0,101742498841,0,1,0,1,62,0,93
11,353,1000,4.065361,0,0,101742498841,0,1,0,1,62,0,93
11,353,1000,4.065121,0,0,101742498841,0,1,0,1,62,0,95
err,
hashcat arguments,hashcat.exe -a 1 --runtime 10 -m 13712 ..\bachelors-thesis-main\hash-files\hashcat_ripemd160_twofish-serpent_13712.vc ..\bachelors-thesis-main\dictionaries\English.dic ..\bachelors-thesis-main\dictionaries\English2.dic --machine-readable --status --status-timer=1 --quiet
