STATUS,SPEED,MILISECONDS,EXEC_RUNTIME,CURKU,PROGRESS,PROGRESS_ALL,RECHASH,RECHASH,RECSALT,RECSALT,TEMP,REJECTED,UTIL
3,1003,1000,3.780718,0,0,101742498841,0,1,0,1,63,0,94
3,1004,1000,3.784822,0,0,101742498841,0,1,0,1,64,0,94
3,1004,1000,3.778766,0,0,101742498841,0,1,0,1,64,0,94
3,1005,1000,3.786131,0,0,101742498841,0,1,0,1,64,0,94
3,1005,1000,3.785892,0,0,101742498841,0,1,0,1,64,0,94
3,1005,1000,3.785594,0,0,101742498841,0,1,0,1,64,0,94
11,1005,1000,3.783464,0,0,101742498841,0,1,0,1,64,0,94
11,1005,1000,3.783480,0,0,101742498841,0,1,0,1,64,0,90
err,
hashcat arguments,hashcat.exe -a 1 --runtime 10 -m 13751 ..\bachelors-thesis-main\hash-files\hashcat_sha256_twofish_13751.vc ..\bachelors-thesis-main\dictionaries\English.dic ..\bachelors-thesis-main\dictionaries\English2.dic --machine-readable --status --status-timer=1 --quiet
