STATUS,SPEED,MILISECONDS,EXEC_RUNTIME,CURKU,PROGRESS,PROGRESS_ALL,RECHASH,RECHASH,RECSALT,RECSALT,TEMP,REJECTED,UTIL
3,951197,1000,7.059544,0,3211264,101742498841,0,1,0,1,68,0,95
3,951149,1000,7.061103,0,4243456,101742498841,0,1,0,1,69,0,95
3,951018,1000,7.067883,0,5160960,101742498841,0,1,0,1,69,0,96
3,951177,1000,7.060368,0,6193152,101742498841,0,1,0,1,69,0,95
3,951178,1000,7.061529,0,7110656,101742498841,0,1,0,1,69,0,95
3,951105,1000,7.062305,0,8142848,101742498841,0,1,0,1,70,0,95
11,951030,1000,7.061785,0,9060352,101742498841,0,1,0,1,70,0,95
11,951030,1000,7.061744,0,9060352,101742498841,0,1,0,1,70,0,95
err,
hashcat arguments,hashcat.exe -a 1 --runtime 10 -m 19800 $krb5pa$17$hashcat$HASHCATDOMAIN.COM$a17776abe5383236c58582f515843e029ecbff43706d177651b7b6cdb2713b17597ddb35b1c9c470c281589fd1d51cca125414d19e40e333 ..\bachelors-thesis-main\dictionaries\English.dic ..\bachelors-thesis-main\dictionaries\English2.dic --machine-readable --status --status-timer=1 --quiet
