STATUS,SPEED,MILISECONDS,EXEC_RUNTIME,CURKU,PROGRESS,PROGRESS_ALL,RECHASH,RECHASH,RECSALT,RECSALT,TEMP,REJECTED,UTIL
3,1405,1000,4.310469,0,0,101742498841,0,1,0,1,64,0,95
3,1407,1000,4.276802,0,0,101742498841,0,1,0,1,64,0,95
3,1407,1000,4.302920,0,0,101742498841,0,1,0,1,64,0,95
3,1407,1000,4.295917,0,0,101742498841,0,1,0,1,64,0,94
3,1408,1000,4.299185,0,0,101742498841,0,1,0,1,65,0,94
3,1408,1000,4.290896,0,0,101742498841,0,1,0,1,65,0,95
11,1408,1000,4.284114,0,0,101742498841,0,1,0,1,65,0,95
11,1408,1000,4.284130,0,0,101742498841,0,1,0,1,65,0,95
err,
hashcat arguments,hashcat.exe -a 1 --runtime 10 -m 13741 ..\bachelors-thesis-main\hash-files\hashcat_ripemd160_aes_boot.vc ..\bachelors-thesis-main\dictionaries\English.dic ..\bachelors-thesis-main\dictionaries\English2.dic --machine-readable --status --status-timer=1 --quiet
