STATUS,SPEED,MILISECONDS,EXEC_RUNTIME,CURKU,PROGRESS,PROGRESS_ALL,RECHASH,RECHASH,RECSALT,RECSALT,TEMP,REJECTED,UTIL
3,5589979325,1000,10.208011,0,18673041408,101742498841,0,1,0,1,82,0,94
3,5575101613,1000,10.025902,0,24310185984,101742498841,0,1,0,1,85,0,94
3,5544469455,1000,10.075054,0,29888610304,101742498841,0,1,0,1,83,0,94
3,5525067609,1000,10.166178,0,35525754880,101742498841,0,1,0,1,84,0,94
3,5419491381,1000,9.973137,114688,40575123456,101742498841,0,1,0,1,83,0,94
6,5414772829,1000,10.118483,114688,44157059072,101742498841,1,1,1,1,83,0,94
err,
hashcat arguments,hashcat.exe -a 1 --runtime 10 -m 13300 $axcrypt_sha1$b89eaac7e61417341b710b727768294d0e6a277b ..\bachelors-thesis-main\dictionaries\English.dic ..\bachelors-thesis-main\dictionaries\English2.dic --machine-readable --status --status-timer=1 --quiet
