STATUS,SPEED,MILISECONDS,EXEC_RUNTIME,CURKU,PROGRESS,PROGRESS_ALL,RECHASH,RECHASH,RECSALT,RECSALT,TEMP,REJECTED,UTIL
3,62614,1000,12.092199,0,114688,101742498841,0,1,0,1,83,0,98
3,60253,1000,12.331722,0,229376,101742498841,0,1,0,1,84,0,98
3,60253,1000,12.000931,0,229376,101742498841,0,1,0,1,85,0,97
3,59781,1000,12.198304,0,344064,101742498841,0,1,0,1,83,0,98
3,59781,1000,12.158071,0,344064,101742498841,0,1,0,1,84,0,98
3,59468,1000,12.182618,0,458752,101742498841,0,1,0,1,83,0,97
11,59468,1000,12.146574,0,458752,101742498841,0,1,0,1,84,0,98
11,59468,1000,12.137518,0,458752,101742498841,0,1,0,1,84,0,98
err,
hashcat arguments,hashcat.exe -a 1 --runtime 10 -m 7200 grub.pbkdf2.sha512.10000.7d391ef48645f626b427b1fae06a7219b5b54f4f02b2621f86b5e36e83ae492bd1db60871e45bc07925cecb46ff8ba3db31c723c0c6acbd4f06f60c5b246ecbf.26d59c52b50df90d043f070bd9cbcd92a74424da42b3666fdeb08f1a54b8f1d2f4f56cf436f9382419c26798dc2c209a86003982b1e5a9fcef905f4dfaa4c524 ..\bachelors-thesis-main\dictionaries\English.dic ..\bachelors-thesis-main\dictionaries\English2.dic --machine-readable --status --status-timer=1 --quiet
