STATUS,SPEED,MILISECONDS,EXEC_RUNTIME,CURKU,PROGRESS,PROGRESS_ALL,RECHASH,RECHASH,RECSALT,RECSALT,TEMP,REJECTED,UTIL
3,5738919242,1000,9.058312,57344,22401490944,101742498841,0,1,0,1,72,0,92
3,5772896217,1000,9.086778,57344,28390957056,101742498841,0,1,0,1,72,0,92
3,5795354196,1000,9.085647,57344,34439143424,101742498841,0,1,0,1,73,0,92
3,5742707567,1000,9.516613,114688,40105361408,101742498841,0,1,0,1,69,0,92
6,5738498354,1000,9.550197,114688,40398962688,101742498841,1,1,1,1,69,0,92
err,
hashcat arguments,hashcat.exe -a 1 --runtime 10 -m 10420 $pdf$1*2*40*-1*0*16*01221086741440841668371056103222*32*27c3fecef6d46a78eb61b8b4dbc690f5f8a2912bbb9afc842c12d79481568b74*32*0000000000000000000000000000000000000000000000000000000000000000:6a8aedccb7 ..\bachelors-thesis-main\dictionaries\English.dic ..\bachelors-thesis-main\dictionaries\English2.dic --machine-readable --status --status-timer=1 --quiet
