STATUS,SPEED,MILISECONDS,EXEC_RUNTIME,CURKU,PROGRESS,PROGRESS_ALL,RECHASH,RECHASH,RECSALT,RECSALT,TEMP,REJECTED,UTIL
3,4817,1000,127.091214,0,14336,101742498841,0,1,0,1,60,0,100
3,4817,1000,127.132315,0,14336,101742498841,0,1,0,1,57,0,0
3,4834,1000,127.150019,0,28672,101742498841,0,1,0,1,59,0,100
3,4834,1000,127.148366,0,28672,101742498841,0,1,0,1,60,0,100
3,4834,1000,127.136643,0,28672,101742498841,0,1,0,1,56,0,0
11,4778,1000,127.143047,0,43008,101742498841,0,1,0,1,59,0,100
11,4778,1000,127.137645,0,43008,101742498841,0,1,0,1,59,0,100
err,
hashcat arguments,hashcat.exe -a 1 --runtime 10 -m 23800 $RAR3$*1*ad56eb40219c9da2*834064ce*32*13*1*eb47b1abe17a1a75bce6c92ab1cef3f4126035ea95deaf08b3f32a0c7b8078e1*33 ..\bachelors-thesis-main\dictionaries\English.dic ..\bachelors-thesis-main\dictionaries\English2.dic --machine-readable --status --status-timer=1 --quiet
