STATUS,SPEED,MILISECONDS,EXEC_RUNTIME,CURKU,PROGRESS,PROGRESS_ALL,RECHASH,RECHASH,RECSALT,RECSALT,TEMP,REJECTED,UTIL
3,351,1000,4.083850,0,0,101742498841,0,1,0,1,60,0,93
3,352,1000,4.059834,0,0,101742498841,0,1,0,1,61,0,93
3,351,1000,4.087097,0,0,101742498841,0,1,0,1,61,0,93
3,351,1000,4.069965,0,0,101742498841,0,1,0,1,61,0,93
3,351,1000,4.103745,0,0,101742498841,0,1,0,1,61,0,93
3,351,1000,4.104547,0,0,101742498841,0,1,0,1,61,0,93
11,351,1000,4.079659,0,0,101742498841,0,1,0,1,61,0,92
11,351,1000,4.080499,0,0,101742498841,0,1,0,1,61,0,92
err,
hashcat arguments,hashcat.exe -a 1 --runtime 10 -m 13712 ..\bachelors-thesis-main\hash-files\hashcat_ripemd160_aes-twofish_13712.vc ..\bachelors-thesis-main\dictionaries\English.dic ..\bachelors-thesis-main\dictionaries\English2.dic --machine-readable --status --status-timer=1 --quiet
