STATUS,SPEED,MILISECONDS,EXEC_RUNTIME,CURKU,PROGRESS,PROGRESS_ALL,RECHASH,RECHASH,RECSALT,RECSALT,TEMP,REJECTED,UTIL
3,2489937,1000,0.126526,0,8213632,101742498841,0,1,0,1,61,0,55
3,2489983,1000,0.126400,0,10745504,101742498841,0,1,0,1,61,0,54
3,2486629,1000,0.135159,0,13267408,101742498841,0,1,0,1,60,0,56
3,2474755,1000,0.135105,0,15719536,101742498841,0,1,0,1,59,0,56
3,2465291,1000,0.135024,0,18171664,101742498841,0,1,0,1,59,0,56
3,2456052,1000,0.135081,0,20603856,101742498841,0,1,0,1,59,0,56
11,2449916,1000,0.135025,0,23046016,101742498841,0,1,0,1,59,0,56
11,2449916,1000,0.135025,0,23046016,101742498841,0,1,0,1,59,0,56
err,
hashcat arguments,hashcat.exe -a 1 --runtime 10 -m 400 $H$984478476IagS59wHZvyQMArzfx58u. ..\bachelors-thesis-main\dictionaries\English.dic ..\bachelors-thesis-main\dictionaries\English2.dic --machine-readable --status --status-timer=1 --quiet
