STATUS,SPEED,MILISECONDS,EXEC_RUNTIME,CURKU,PROGRESS,PROGRESS_ALL,RECHASH,RECHASH,RECSALT,RECSALT,TEMP,REJECTED,UTIL
3,351,1000,4.091412,0,0,101742498841,0,1,0,1,61,0,93
3,351,1000,4.091035,0,0,101742498841,0,1,0,1,61,0,93
3,351,1000,4.081487,0,0,101742498841,0,1,0,1,62,0,93
3,351,1000,4.075462,0,0,101742498841,0,1,0,1,62,0,93
3,351,1000,4.066667,0,0,101742498841,0,1,0,1,62,0,93
3,351,1000,4.068112,0,0,101742498841,0,1,0,1,62,0,93
11,351,1000,4.067733,0,0,101742498841,0,1,0,1,62,0,92
11,351,1000,4.067677,0,0,101742498841,0,1,0,1,62,0,94
err,
hashcat arguments,hashcat.exe -a 1 --runtime 10 -m 13712 ..\bachelors-thesis-main\hash-files\hashcat_ripemd160_serpent-aes_13712.vc ..\bachelors-thesis-main\dictionaries\English.dic ..\bachelors-thesis-main\dictionaries\English2.dic --machine-readable --status --status-timer=1 --quiet
