STATUS,SPEED,MILISECONDS,EXEC_RUNTIME,CURKU,PROGRESS,PROGRESS_ALL,RECHASH,RECHASH,RECSALT,RECSALT,TEMP,REJECTED,UTIL
3,52,1000,4.548219,0,0,101742498841,0,1,0,1,59,0,96
3,52,1000,4.537495,0,0,101742498841,0,1,0,1,59,0,96
3,52,1000,4.568544,0,0,101742498841,0,1,0,1,59,0,95
3,52,1000,4.595557,0,0,101742498841,0,1,0,1,59,0,96
3,52,1000,4.834820,0,0,101742498841,0,1,0,1,59,0,96
3,52,1000,4.720985,0,0,101742498841,0,1,0,1,59,0,96
11,52,1000,4.539205,0,0,101742498841,0,1,0,1,59,0,95
11,52,1000,4.529342,0,0,101742498841,0,1,0,1,59,0,95
err,
hashcat arguments,hashcat.exe -a 1 --runtime 10 -m 13731 ..\bachelors-thesis-main\hash-files\hashcat_whirlpool_aes_13731.vc ..\bachelors-thesis-main\dictionaries\English.dic ..\bachelors-thesis-main\dictionaries\English2.dic --machine-readable --status --status-timer=1 --quiet
