STATUS,SPEED,MILISECONDS,EXEC_RUNTIME,CURKU,PROGRESS,PROGRESS_ALL,RECHASH,RECHASH,RECSALT,RECSALT,TEMP,REJECTED,UTIL
3,324583,1000,10.616744,0,917504,101742498841,0,1,0,1,69,0,97
3,324506,1000,10.622156,0,1376256,101742498841,0,1,0,1,70,0,97
3,324479,1000,10.618180,0,1605632,101742498841,0,1,0,1,70,0,97
3,324414,1000,10.626220,0,2064384,101742498841,0,1,0,1,70,0,97
3,324396,1000,10.622658,0,2293760,101742498841,0,1,0,1,70,0,97
3,324408,1000,10.613948,0,2523136,101742498841,0,1,0,1,70,0,97
11,324378,1000,10.615456,0,2981888,101742498841,0,1,0,1,70,0,97
11,324378,1000,10.615432,0,2981888,101742498841,0,1,0,1,70,0,97
err,
hashcat arguments,hashcat.exe -a 1 --runtime 10 -m 28600 SCRAM-SHA-256$4096:IKfxzJ8Nq4PkLJCfgKcPmA==$iRw3qwTp18uaBnsTOEExbtgWdKeBMbSSnZvqD4sdqLQ=:hPciC1CcnBna3szR8Mf3MVc8t0W7QPbIHoMMrh4zRV0= ..\bachelors-thesis-main\dictionaries\English.dic ..\bachelors-thesis-main\dictionaries\English2.dic --machine-readable --status --status-timer=1 --quiet
