STATUS,SPEED,MILISECONDS,EXEC_RUNTIME,CURKU,PROGRESS,PROGRESS_ALL,RECHASH,RECHASH,RECSALT,RECSALT,TEMP,REJECTED,UTIL
3,112471452,1000,7.617350,0,387186688,101742498841,0,1,0,1,59,0,92
3,112478510,1000,7.609026,0,502792192,101742498841,0,1,0,1,59,0,92
3,112479366,1000,7.599286,0,617480192,101742498841,0,1,0,1,59,0,93
3,112487034,1000,7.594501,0,733085696,101742498841,0,1,0,1,59,0,92
3,112449246,1000,7.609537,0,847773696,101742498841,0,1,0,1,59,0,92
3,112428760,1000,7.615427,0,962461696,101742498841,0,1,0,1,59,0,93
11,112448206,1000,7.578728,0,1078067200,101742498841,0,1,0,1,59,0,92
11,112448206,1000,7.578616,0,1078067200,101742498841,0,1,0,1,59,0,88
err,
hashcat arguments,hashcat.exe -a 1 --runtime 10 -m 22500 $multibit$1*e5912fe5c84af3d5*5f0391c219e8ef62c06505b1f6232858f5bcaa739c2b471d45dd0bd8345334de ..\bachelors-thesis-main\dictionaries\English.dic ..\bachelors-thesis-main\dictionaries\English2.dic --machine-readable --status --status-timer=1 --quiet
