STATUS,SPEED,MILISECONDS,EXEC_RUNTIME,CURKU,PROGRESS,PROGRESS_ALL,RECHASH,RECHASH,RECSALT,RECSALT,TEMP,REJECTED,UTIL
3,95,1000,0.625041,0,200,1000,0,1,0,1,58,0,71
3,94,1000,0.639584,0,300,1000,0,1,0,1,58,0,79
3,94,1000,0.663398,0,400,1000,0,1,0,1,57,0,78
3,94,1000,0.586179,0,500,1000,0,1,0,1,57,0,74
3,93,1000,0.610796,0,600,1000,0,1,0,1,57,0,74
3,93,1000,0.636124,0,700,1000,0,1,0,1,57,0,79
3,93,1000,0.592709,0,800,1000,0,1,0,1,57,0,78
3,93,1000,0.656831,0,900,1000,0,1,0,1,57,0,79
5,94,1000,0.618108,100,1000,1000,0,1,0,1,57,0,73
err,
hashcat arguments,hashcat.exe -a 0 --runtime 20 -m 8200 ..\bachelors-thesis-main\hash-files\hashcat.cloudkeychain ..\bachelors-thesis-main\dictionaries-dict\test-dic1.dic -r ..\bachelors-thesis-main\rules\ruleset1.rule --machine-readable --status --status-timer=1 --quiet
