STATUS,SPEED,MILISECONDS,EXEC_RUNTIME,CURKU,PROGRESS,PROGRESS_ALL,RECHASH,RECHASH,RECSALT,RECSALT,TEMP,REJECTED,UTIL
3,4968437837,1000,8.689888,0,17616076800,101742498841,0,1,0,1,84,0,84
3,4951011929,1000,8.701300,0,22548578304,101742498841,0,1,0,1,84,0,84
3,4942949123,1000,8.722673,0,27581743104,101742498841,0,1,0,1,85,0,85
3,4869743266,1000,8.742090,98304,32161431552,101742498841,0,1,0,1,84,0,50
3,4878407719,1000,8.799093,98304,37194596352,101742498841,0,1,0,1,85,0,89
6,4878973471,1000,8.805757,98304,37848907776,101742498841,1,1,1,1,85,0,89
err,hipFuncGetAttribute is missing from HIP shared library.


hashcat arguments,hashcat.exe -a 1 --runtime 15 -m 9900 22527bee5c29ce95373c4e0f359f079b ..\bachelors-thesis-main\dictionaries\English.dic ..\bachelors-thesis-main\dictionaries\English2.dic --machine-readable --status --status-timer=1 --quiet