STATUS,SPEED,MILISECONDS,EXEC_RUNTIME,CURKU,PROGRESS,PROGRESS_ALL,RECHASH,RECHASH,RECSALT,RECSALT,TEMP,REJECTED,UTIL
3,418322,1000,6.871677,0,1376256,101742498841,0,1,0,1,81,0,93
3,417671,1000,6.893023,0,1769472,101742498841,0,1,0,1,82,0,93
3,417158,1000,6.902657,0,2162688,101742498841,0,1,0,1,83,0,94
3,416427,1000,6.900767,0,2752512,101742498841,0,1,0,1,83,0,93
3,416069,1000,6.914381,0,3145728,101742498841,0,1,0,1,83,0,93
3,415789,1000,6.920073,0,3538944,101742498841,0,1,0,1,84,0,93
3,415387,1000,6.946224,0,3932160,101742498841,0,1,0,1,84,0,93
3,414995,1000,6.952515,0,4325376,101742498841,0,1,0,1,85,0,93
3,414615,1000,6.963798,0,4718592,101742498841,0,1,0,1,85,0,93
3,414080,1000,6.970831,0,5308416,101742498841,0,1,0,1,85,0,93
3,413747,1000,6.984696,0,5701632,101742498841,0,1,0,1,86,0,92
11,413394,1000,6.995583,0,6094848,101742498841,0,1,0,1,86,0,93
11,413394,1000,6.996246,0,6094848,101742498841,0,1,0,1,86,0,93
err,hipFuncGetAttribute is missing from HIP shared library.


hashcat arguments,hashcat.exe -a 1 --runtime 15 -m 25500 $stellar$YAlIJziURRcBEWUwRSRDWA==$EutMmmcV5Hbf3p1I$rfSAF349RvGKG4R4Z2VCrH9WjNEKjbJa9hpOja9Yn8MwXruuFEMtw47HPn9CYj+JJ5Rb4Z87Wejj1c4fqpbMZHFOnqtQsVAr ..\bachelors-thesis-main\dictionaries\English.dic ..\bachelors-thesis-main\dictionaries\English2.dic --machine-readable --status --status-timer=1 --quiet