STATUS,SPEED,MILISECONDS,EXEC_RUNTIME,CURKU,PROGRESS,PROGRESS_ALL,RECHASH,RECHASH,RECSALT,RECSALT,TEMP,REJECTED,UTIL
3,5555343264,1000,2.720913,0,19066870272,101742498841,0,1,0,1,84,0,69
3,5485584797,1000,2.722045,0,24415392768,101742498841,0,1,0,1,85,0,69
3,5379320669,1000,2.732732,79743,29416475013,101742498841,0,1,0,1,85,0,70
6,5382454197,1000,2.749933,79743,30682155909,101742498841,1,1,1,1,85,0,63
err,hipFuncGetAttribute is missing from HIP shared library.


hashcat arguments,hashcat.exe -a 1 --runtime 15 -m 24700 66a75cb059 ..\bachelors-thesis-main\dictionaries\English.dic ..\bachelors-thesis-main\dictionaries\English2.dic --machine-readable --status --status-timer=1 --quiet