STATUS,SPEED,MILISECONDS,EXEC_RUNTIME,CURKU,PROGRESS,PROGRESS_ALL,RECHASH,RECHASH,RECSALT,RECSALT,TEMP,REJECTED,UTIL
3,69296,1000,9.436306,0,196608,101742498841,0,1,0,1,85,0,95
3,69168,1000,9.438628,0,294912,101742498841,0,1,0,1,86,0,95
3,69168,1000,9.416285,0,294912,101742498841,0,1,0,1,86,0,95
3,69173,1000,9.437469,0,393216,101742498841,0,1,0,1,86,0,95
3,69146,1000,9.428611,0,491520,101742498841,0,1,0,1,86,0,95
3,69146,1000,9.493493,0,491520,101742498841,0,1,0,1,87,0,95
3,69090,1000,9.453984,0,589824,101742498841,0,1,0,1,87,0,95
3,69054,1000,9.485343,0,688128,101742498841,0,1,0,1,87,0,95
3,69001,1000,9.504653,0,786432,101742498841,0,1,0,1,87,0,95
3,69001,1000,9.507987,0,786432,101742498841,0,1,0,1,88,0,95
3,68951,1000,9.505332,0,884736,101742498841,0,1,0,1,88,0,95
11,68904,1000,9.516931,0,983040,101742498841,0,1,0,1,88,0,95
11,68904,1000,9.516931,0,983040,101742498841,0,1,0,1,88,0,95
err,hipFuncGetAttribute is missing from HIP shared library.


hashcat arguments,hashcat.exe -a 1 --runtime 15 -m 21501 $solarwinds$1$3pHkk55NTYpAeV3EJjcAww==$N4Ii2PxXX/bTZZwslQLIKrp0wvfZ5aN9hpyiR896ozJMJTPO1Q7BK1Eht8Vhl4kXq/42Vn2zp3qYeAkRuqsuEw== ..\bachelors-thesis-main\dictionaries\English.dic ..\bachelors-thesis-main\dictionaries\English2.dic --machine-readable --status --status-timer=1 --quiet