STATUS,SPEED,MILISECONDS,EXEC_RUNTIME,CURKU,PROGRESS,PROGRESS_ALL,RECHASH,RECHASH,RECSALT,RECSALT,TEMP,REJECTED,UTIL
3,37219,1000,7.427789,0,98304,101742498841,0,1,0,1,89,0,94
3,37219,1000,7.255927,0,98304,101742498841,0,1,0,1,90,0,94
3,37219,1000,7.209273,0,98304,101742498841,0,1,0,1,90,0,94
3,37233,1000,7.342371,0,196608,101742498841,0,1,0,1,90,0,94
3,37233,1000,7.276504,0,196608,101742498841,0,1,0,1,90,0,95
3,37210,1000,7.123119,0,294912,101742498841,0,1,0,1,90,0,94
3,37210,1000,7.217393,0,294912,101742498841,0,1,0,1,90,0,94
3,37210,1000,7.309321,0,294912,101742498841,0,1,0,1,90,0,94
7,37317,1000,7.321509,0,393216,101742498841,0,1,0,1,91,0,94
7,37317,1000,7.321520,0,393216,101742498841,0,1,0,1,91,0,94
err,hipFuncGetAttribute is missing from HIP shared library.


hashcat arguments,hashcat.exe -a 1 --runtime 15 -m 6232 ..\bachelors-thesis-main\hash-files\hashcat_whirlpool_twofish-serpent.tc ..\bachelors-thesis-main\dictionaries\English.dic ..\bachelors-thesis-main\dictionaries\English2.dic --machine-readable --status --status-timer=1 --quiet