STATUS,SPEED,MILISECONDS,EXEC_RUNTIME,CURKU,PROGRESS,PROGRESS_ALL,RECHASH,RECHASH,RECSALT,RECSALT,TEMP,REJECTED,UTIL
3,1202,1000,4.753965,0,0,101742498841,0,1,0,1,85,0,91
3,1201,1000,4.750850,0,0,101742498841,0,1,0,1,85,0,91
3,1200,1000,4.758033,0,0,101742498841,0,1,0,1,86,0,92
3,1199,1000,4.760234,0,0,101742498841,0,1,0,1,86,0,92
3,1198,1000,4.779127,0,0,101742498841,0,1,0,1,86,0,91
3,1197,1000,4.793746,0,0,101742498841,0,1,0,1,87,0,92
3,1197,1000,4.794329,0,0,101742498841,0,1,0,1,87,0,91
3,1196,1000,4.799948,0,0,101742498841,0,1,0,1,87,0,92
3,1195,1000,4.804258,0,0,101742498841,0,1,0,1,87,0,91
3,1194,1000,4.798862,0,0,101742498841,0,1,0,1,88,0,91
3,1193,1000,4.800304,0,0,101742498841,0,1,0,1,88,0,91
11,1193,1000,4.806687,0,0,101742498841,0,1,0,1,88,0,91
11,1193,1000,4.806687,0,0,101742498841,0,1,0,1,88,0,91
err,hipFuncGetAttribute is missing from HIP shared library.


hashcat arguments,hashcat.exe -a 1 --runtime 15 -m 13711 ..\bachelors-thesis-main\hash-files\hashcat_ripemd160_serpent_13711.vc ..\bachelors-thesis-main\dictionaries\English.dic ..\bachelors-thesis-main\dictionaries\English2.dic --machine-readable --status --status-timer=1 --quiet