STATUS,SPEED,MILISECONDS,EXEC_RUNTIME,CURKU,PROGRESS,PROGRESS_ALL,RECHASH,RECHASH,RECSALT,RECSALT,TEMP,REJECTED,UTIL
3,1314,1000,3.612581,0,0,101742498841,0,1,0,1,87,0,90
3,1313,1000,3.610085,0,0,101742498841,0,1,0,1,87,0,90
3,1313,1000,3.606286,0,0,101742498841,0,1,0,1,87,0,90
3,1312,1000,3.619375,0,0,101742498841,0,1,0,1,87,0,90
3,1311,1000,3.614878,0,0,101742498841,0,1,0,1,88,0,90
3,1310,1000,3.643077,0,0,101742498841,0,1,0,1,88,0,90
3,1308,1000,3.667507,0,0,101742498841,0,1,0,1,88,0,90
3,1306,1000,3.690165,0,0,101742498841,0,1,0,1,88,0,89
3,1304,1000,3.706067,0,0,101742498841,0,1,0,1,88,0,90
3,1302,1000,3.741439,0,0,101742498841,0,1,0,1,89,0,90
3,1299,1000,3.754477,0,0,101742498841,0,1,0,1,89,0,90
11,1296,1000,3.777109,0,0,101742498841,0,1,0,1,89,0,90
11,1296,1000,3.777037,0,0,101742498841,0,1,0,1,89,0,91
err,hipFuncGetAttribute is missing from HIP shared library.


hashcat arguments,hashcat.exe -a 1 --runtime 15 -m 13763 ..\bachelors-thesis-main\hash-files\hashcat_sha256_serpent-twofish-aes_boot.vc ..\bachelors-thesis-main\dictionaries\English.dic ..\bachelors-thesis-main\dictionaries\English2.dic --machine-readable --status --status-timer=1 --quiet