STATUS,SPEED,MILISECONDS,EXEC_RUNTIME,CURKU,PROGRESS,PROGRESS_ALL,RECHASH,RECHASH,RECSALT,RECSALT,TEMP,REJECTED,UTIL
3,79919,1000,8.659816,0,245760,101742498841,0,1,0,1,89,0,95
3,80044,1000,8.582262,0,344064,101742498841,0,1,0,1,89,0,94
3,80109,1000,8.578896,0,417792,101742498841,0,1,0,1,90,0,94
3,80031,1000,8.720417,0,491520,101742498841,0,1,0,1,90,0,94
3,79980,1000,8.638302,0,589824,101742498841,0,1,0,1,90,0,95
3,79941,1000,8.674463,0,663552,101742498841,0,1,0,1,90,0,95
3,79959,1000,8.614852,0,761856,101742498841,0,1,0,1,90,0,95
3,79898,1000,8.693940,0,835584,101742498841,0,1,0,1,90,0,94
3,79887,1000,8.664337,0,909312,101742498841,0,1,0,1,90,0,94
7,79902,1000,8.613311,0,1007616,101742498841,0,1,0,1,91,0,94
7,79902,1000,8.612071,0,1007616,101742498841,0,1,0,1,91,0,94
err,hipFuncGetAttribute is missing from HIP shared library.


hashcat arguments,hashcat.exe -a 1 --runtime 15 -m 6231 ..\bachelors-thesis-main\hash-files\hashcat_whirlpool_twofish.tc ..\bachelors-thesis-main\dictionaries\English.dic ..\bachelors-thesis-main\dictionaries\English2.dic --machine-readable --status --status-timer=1 --quiet