STATUS,SPEED,MILISECONDS,EXEC_RUNTIME,CURKU,PROGRESS,PROGRESS_ALL,RECHASH,RECHASH,RECSALT,RECSALT,TEMP,REJECTED,UTIL
3,2798,1000,0.321964,0,9968,101742498841,0,1,0,1,65,0,100
3,2797,1000,0.327762,0,19936,101742498841,0,1,0,1,68,0,70
3,2797,1000,0.323181,0,19936,101742498841,0,1,0,1,67,0,100
3,2792,1000,0.323427,0,29904,101742498841,0,1,0,1,70,0,71
3,2792,1000,0.323554,0,29904,101742498841,0,1,0,1,69,0,100
11,2788,1000,0.326555,0,39872,101742498841,0,1,0,1,71,0,100
11,2788,1000,0.326555,0,39872,101742498841,0,1,0,1,71,0,100
err,hipFuncGetAttribute is missing from HIP shared library.


hashcat arguments,hashcat.exe -a 1 --runtime 15 -m 29513 ..\bachelors-thesis-main\hash-files\hashcat_luks_sha1_twofish_xts-plain64_256.txt ..\bachelors-thesis-main\dictionaries\English.dic ..\bachelors-thesis-main\dictionaries\English2.dic --machine-readable --status --status-timer=1 --quiet