STATUS,SPEED,MILISECONDS,EXEC_RUNTIME,CURKU,PROGRESS,PROGRESS_ALL,RECHASH,RECHASH,RECSALT,RECSALT,TEMP,REJECTED,UTIL
6,6978831990,1000,4.992218,0,20944911744,101742498841,1,1,1,1,85,0,84
err,hipFuncGetAttribute is missing from HIP shared library.


hashcat arguments,hashcat.exe -a 1 --runtime 15 -m 10420 $pdf$1*2*40*-1*0*16*01221086741440841668371056103222*32*27c3fecef6d46a78eb61b8b4dbc690f5f8a2912bbb9afc842c12d79481568b74*32*0000000000000000000000000000000000000000000000000000000000000000:6a8aedccb7 ..\bachelors-thesis-main\dictionaries\English.dic ..\bachelors-thesis-main\dictionaries\English2.dic --machine-readable --status --status-timer=1 --quiet