STATUS,SPEED,MILISECONDS,EXEC_RUNTIME,CURKU,PROGRESS,PROGRESS_ALL,RECHASH,RECHASH,RECSALT,RECSALT,TEMP,REJECTED,UTIL
3,2438,1000,4.843442,0,0,101742498841,0,1,0,1,82,0,92
3,2437,1000,4.859237,0,0,101742498841,0,1,0,1,83,0,93
3,2435,1000,4.864089,0,0,101742498841,0,1,0,1,83,0,92
3,2433,1000,4.877539,0,0,101742498841,0,1,0,1,84,0,92
3,2431,1000,4.888459,0,0,101742498841,0,1,0,1,84,0,92
3,2429,1000,4.892049,0,0,101742498841,0,1,0,1,84,0,91
3,2427,1000,4.894300,0,0,101742498841,0,1,0,1,85,0,92
3,2426,1000,4.894919,0,0,101742498841,0,1,0,1,85,0,92
3,2424,1000,4.895429,0,0,101742498841,0,1,0,1,85,0,92
3,2423,1000,4.908970,0,0,101742498841,0,1,0,1,86,0,92
3,2421,1000,4.912744,0,0,101742498841,0,1,0,1,86,0,92
11,2420,1000,4.915257,0,0,101742498841,0,1,0,1,86,0,92
11,2420,1000,4.917463,0,0,101742498841,0,1,0,1,86,0,92
err,hipFuncGetAttribute is missing from HIP shared library.


hashcat arguments,hashcat.exe -a 1 --runtime 15 -m 13741 ..\bachelors-thesis-main\hash-files\hashcat_ripemd160_aes_boot.vc ..\bachelors-thesis-main\dictionaries\English.dic ..\bachelors-thesis-main\dictionaries\English2.dic --machine-readable --status --status-timer=1 --quiet