STATUS,SPEED,MILISECONDS,EXEC_RUNTIME,CURKU,PROGRESS,PROGRESS_ALL,RECHASH,RECHASH,RECSALT,RECSALT,TEMP,REJECTED,UTIL
3,4860710196,1000,3.130450,0,16494680064,101742498841,0,1,0,1,80,0,72
3,4837456106,1000,3.132972,0,21353261568,101742498841,0,1,0,1,81,0,73
3,4737943650,1000,3.124428,79743,25762331781,101742498841,0,1,0,1,81,0,36
6,4750878785,1000,3.135745,79743,30682155909,101742498841,1,1,1,1,81,0,73
6,4750878785,1000,3.135745,79743,30682155909,101742498841,1,1,1,1,81,0,73
err,hipFuncGetAttribute is missing from HIP shared library.


hashcat arguments,hashcat.exe -a 1 --runtime 15 -m 100 b89eaac7e61417341b710b727768294d0e6a277b ..\bachelors-thesis-main\dictionaries\English.dic ..\bachelors-thesis-main\dictionaries\English2.dic --machine-readable --status --status-timer=1 --quiet