STATUS,SPEED,MILISECONDS,EXEC_RUNTIME,CURKU,PROGRESS,PROGRESS_ALL,RECHASH,RECHASH,RECSALT,RECSALT,TEMP,REJECTED,UTIL
3,1938755771,1000,24.816642,0,6895435776,101742498841,0,1,0,1,83,0,96
3,1938001262,1000,24.819218,0,8858370048,101742498841,0,1,0,1,84,0,95
3,1933461271,1000,24.942485,0,10821304320,101742498841,0,1,0,1,84,0,96
3,1928939664,1000,25.027149,0,12784238592,101742498841,0,1,0,1,85,0,96
6,1928116053,1000,25.047021,0,12935233536,101742498841,1,1,1,1,85,0,96
err,hipFuncGetAttribute is missing from HIP shared library.


hashcat arguments,hashcat.exe -a 1 --runtime 15 -m 27200 3999d08db95797891ec77f07223ca81bf43e1be2:5dcc47b04c49d3c8e1b9e4ec367fddeed21b7b85 ..\bachelors-thesis-main\dictionaries\English.dic ..\bachelors-thesis-main\dictionaries\English2.dic --machine-readable --status --status-timer=1 --quiet