STATUS,SPEED,MILISECONDS,EXEC_RUNTIME,CURKU,PROGRESS,PROGRESS_ALL,RECHASH,RECHASH,RECSALT,RECSALT,TEMP,REJECTED,UTIL
3,458267,1000,6.229949,0,1572864,101742498841,0,1,0,1,70,0,92
3,457847,1000,6.238020,0,1966080,101742498841,0,1,0,1,71,0,93
3,457454,1000,6.250956,0,2359296,101742498841,0,1,0,1,72,0,93
3,456742,1000,6.259803,0,2949120,101742498841,0,1,0,1,73,0,92
3,456344,1000,6.273076,0,3342336,101742498841,0,1,0,1,73,0,92
3,455628,1000,6.307315,0,3932160,101742498841,0,1,0,1,74,0,93
3,455215,1000,6.310984,0,4325376,101742498841,0,1,0,1,75,0,92
3,454746,1000,6.328911,0,4718592,101742498841,0,1,0,1,76,0,93
3,454103,1000,6.336895,0,5308416,101742498841,0,1,0,1,77,0,92
3,453639,1000,6.358082,0,5701632,101742498841,0,1,0,1,78,0,92
3,453242,1000,6.362840,0,6094848,101742498841,0,1,0,1,79,0,93
11,452666,1000,6.381398,0,6684672,101742498841,0,1,0,1,79,0,94
11,452666,1000,6.381809,0,6684672,101742498841,0,1,0,1,79,0,91
err,hipFuncGetAttribute is missing from HIP shared library.


hashcat arguments,hashcat.exe -a 1 --runtime 15 -m 28600 SCRAM-SHA-256$4096:IKfxzJ8Nq4PkLJCfgKcPmA==$iRw3qwTp18uaBnsTOEExbtgWdKeBMbSSnZvqD4sdqLQ=:hPciC1CcnBna3szR8Mf3MVc8t0W7QPbIHoMMrh4zRV0= ..\bachelors-thesis-main\dictionaries\English.dic ..\bachelors-thesis-main\dictionaries\English2.dic --machine-readable --status --status-timer=1 --quiet