STATUS,SPEED,MILISECONDS,EXEC_RUNTIME,CURKU,PROGRESS,PROGRESS_ALL,RECHASH,RECHASH,RECSALT,RECSALT,TEMP,REJECTED,UTIL
3,5365587111,1000,0.561492,39872,18883179840,101742498841,0,1,0,1,84,0,63
3,5573604795,1000,0.571827,59808,24042835936,101742498841,0,1,0,1,84,0,63
3,5246842430,1000,0.570247,79744,29207595648,101742498841,0,1,0,1,84,0,63
3,5171686144,1000,0.572997,99680,34413184288,101742498841,0,1,0,1,85,0,63
6,5140382489,1000,0.574399,119616,39465664448,101742498841,1,1,1,1,85,0,57
err,hipFuncGetAttribute is missing from HIP shared library.


hashcat arguments,hashcat.exe -a 1 --runtime 15 -m 24900 GRuHbyVp ..\bachelors-thesis-main\dictionaries\English.dic ..\bachelors-thesis-main\dictionaries\English2.dic --machine-readable --status --status-timer=1 --quiet