STATUS,SPEED,MILISECONDS,EXEC_RUNTIME,CURKU,PROGRESS,PROGRESS_ALL,RECHASH,RECHASH,RECSALT,RECSALT,TEMP,REJECTED,UTIL
3,2479291153,1000,19.274474,0,8757706752,101742498841,0,1,0,1,81,0,94
3,2480353312,1000,19.334227,0,11274289152,101742498841,0,1,0,1,82,0,94
6,2477822696,1000,19.358000,0,12935233536,101742498841,1,1,1,1,82,0,95
err,hipFuncGetAttribute is missing from HIP shared library.


hashcat arguments,hashcat.exe -a 1 --runtime 15 -m 15500 $jksprivk$*5A3AA3C3B7DD7571727E1725FB09953EF3BEDBD9*0867403720562514024857047678064085141322*81*C3*50DDD9F532430367905C9DE31FB1*test ..\bachelors-thesis-main\dictionaries\English.dic ..\bachelors-thesis-main\dictionaries\English2.dic --machine-readable --status --status-timer=1 --quiet