STATUS,SPEED,MILISECONDS,EXEC_RUNTIME,CURKU,PROGRESS,PROGRESS_ALL,RECHASH,RECHASH,RECSALT,RECSALT,TEMP,REJECTED,UTIL
3,7424557836,1000,1.785387,79743,26191030149,101742498841,0,1,0,1,73,0,46
6,7424340162,1000,1.792014,79743,30682155909,101742498841,1,1,1,1,74,0,68
err,hipFuncGetAttribute is missing from HIP shared library.


hashcat arguments,hashcat.exe -a 1 --runtime 15 -m 0 8743b52063cd84097a65d1633f5c74f5 ..\bachelors-thesis-main\dictionaries\English.dic ..\bachelors-thesis-main\dictionaries\English2.dic --machine-readable --status --status-timer=1 --quiet