STATUS,SPEED,MILISECONDS,EXEC_RUNTIME,CURKU,PROGRESS,PROGRESS_ALL,RECHASH,RECHASH,RECSALT,RECSALT,TEMP,REJECTED,UTIL
3,3747453191,1000,1.876093,0,12544530816,101742498841,0,1,0,1,85,0,60
3,3720873444,1000,1.876724,0,16259916672,101742498841,0,1,0,1,86,0,60
3,3702170155,1000,1.892321,0,19965095424,101742498841,0,1,0,1,86,0,60
3,3685995609,1000,1.905734,0,23649859968,101742498841,0,1,0,1,86,0,60
3,3645279991,1000,1.899895,79743,27109669509,101742498841,0,1,0,1,86,0,61
6,3646793107,1000,1.902464,79743,30671948805,101742498841,1,1,1,1,86,0,63
err,hipFuncGetAttribute is missing from HIP shared library.


hashcat arguments,hashcat.exe -a 1 --runtime 15 -m 11100 $postgres$postgres*f0784ea5*2091bb7d4725d1ca85e8de6ec349baf6 ..\bachelors-thesis-main\dictionaries\English.dic ..\bachelors-thesis-main\dictionaries\English2.dic --machine-readable --status --status-timer=1 --quiet