STATUS,SPEED,MILISECONDS,EXEC_RUNTIME,CURKU,PROGRESS,PROGRESS_ALL,RECHASH,RECHASH,RECSALT,RECSALT,TEMP,REJECTED,UTIL
3,26100,1000,10.866456,0,0,101742498841,0,1,0,1,89,0,96
3,25511,1000,10.942184,0,98304,101742498841,0,1,0,1,89,0,96
3,25511,1000,10.906331,0,98304,101742498841,0,1,0,1,90,0,96
3,25511,1000,10.949185,0,98304,101742498841,0,1,0,1,90,0,96
3,25511,1000,10.894440,0,98304,101742498841,0,1,0,1,90,0,96
3,25429,1000,10.918008,0,196608,101742498841,0,1,0,1,90,0,96
3,25429,1000,10.999792,0,196608,101742498841,0,1,0,1,90,0,96
3,25429,1000,10.969813,0,196608,101742498841,0,1,0,1,90,0,96
3,25429,1000,10.947315,0,196608,101742498841,0,1,0,1,90,0,96
3,25367,1000,11.028908,0,294912,101742498841,0,1,0,1,90,0,96
7,25367,1000,10.986017,0,294912,101742498841,0,1,0,1,91,0,96
7,25367,1000,10.982393,0,294912,101742498841,0,1,0,1,91,0,96
err,hipFuncGetAttribute is missing from HIP shared library.


hashcat arguments,hashcat.exe -a 1 --runtime 15 -m 6233 ..\bachelors-thesis-main\hash-files\hashcat_whirlpool_serpent-twofish-aes.tc ..\bachelors-thesis-main\dictionaries\English.dic ..\bachelors-thesis-main\dictionaries\English2.dic --machine-readable --status --status-timer=1 --quiet