STATUS,SPEED,MILISECONDS,EXEC_RUNTIME,CURKU,PROGRESS,PROGRESS_ALL,RECHASH,RECHASH,RECSALT,RECSALT,TEMP,REJECTED,UTIL
3,480,1000,6.048092,0,0,101742498841,0,1,0,1,83,0,93
3,479,1000,6.056520,0,0,101742498841,0,1,0,1,83,0,93
3,479,1000,6.060774,0,0,101742498841,0,1,0,1,84,0,93
3,479,1000,6.065752,0,0,101742498841,0,1,0,1,84,0,93
3,478,1000,6.077156,0,0,101742498841,0,1,0,1,84,0,93
3,478,1000,6.091681,0,0,101742498841,0,1,0,1,85,0,93
3,477,1000,6.098590,0,0,101742498841,0,1,0,1,85,0,93
3,477,1000,6.100452,0,0,101742498841,0,1,0,1,85,0,93
3,477,1000,6.119066,0,0,101742498841,0,1,0,1,86,0,93
3,477,1000,6.121748,0,0,101742498841,0,1,0,1,86,0,93
3,476,1000,6.123679,0,0,101742498841,0,1,0,1,86,0,93
11,476,1000,6.134746,0,0,101742498841,0,1,0,1,87,0,93
11,476,1000,6.134682,0,0,101742498841,0,1,0,1,87,0,96
err,hipFuncGetAttribute is missing from HIP shared library.


hashcat arguments,hashcat.exe -a 1 --runtime 15 -m 13713 ..\bachelors-thesis-main\hash-files\hashcat_ripemd160_serpent-twofish-aes_13713.vc ..\bachelors-thesis-main\dictionaries\English.dic ..\bachelors-thesis-main\dictionaries\English2.dic --machine-readable --status --status-timer=1 --quiet