STATUS,SPEED,MILISECONDS,EXEC_RUNTIME,CURKU,PROGRESS,PROGRESS_ALL,RECHASH,RECHASH,RECSALT,RECSALT,TEMP,REJECTED,UTIL
3,5221171119,1000,0.581821,39872,18500408640,101742498841,0,1,0,1,83,0,63
3,5426929499,1000,0.598110,59808,23557992416,101742498841,0,1,0,1,83,0,64
3,5095369732,1000,0.604067,79744,28605368960,101742498841,0,1,0,1,84,0,64
3,5007864672,1000,0.610927,99680,33606812960,101742498841,0,1,0,1,84,0,65
3,4919283095,1000,0.589331,119616,38434734016,101742498841,0,1,0,1,83,0,43
6,4940859053,1000,0.591431,119616,39465664448,101742498841,1,1,1,1,83,0,46
err,hipFuncGetAttribute is missing from HIP shared library.


hashcat arguments,hashcat.exe -a 1 --runtime 15 -m 5100 8743b52063cd8409 ..\bachelors-thesis-main\dictionaries\English.dic ..\bachelors-thesis-main\dictionaries\English2.dic --machine-readable --status --status-timer=1 --quiet