STATUS,SPEED,MILISECONDS,EXEC_RUNTIME,CURKU,PROGRESS,PROGRESS_ALL,RECHASH,RECHASH,RECSALT,RECSALT,TEMP,REJECTED,UTIL
3,74,1000,4.033281,0,0,101742498841,0,1,0,1,80,0,90
3,74,1000,4.048342,0,0,101742498841,0,1,0,1,80,0,91
3,74,1000,4.028514,0,0,101742498841,0,1,0,1,81,0,91
3,74,1000,4.046241,0,0,101742498841,0,1,0,1,81,0,91
3,74,1000,4.042410,0,0,101742498841,0,1,0,1,82,0,91
3,74,1000,4.056105,0,0,101742498841,0,1,0,1,82,0,90
3,73,1000,4.159303,0,0,101742498841,0,1,0,1,83,0,90
3,73,1000,4.193097,0,0,101742498841,0,1,0,1,83,0,91
3,73,1000,4.263169,0,0,101742498841,0,1,0,1,84,0,91
3,73,1000,4.295452,0,0,101742498841,0,1,0,1,84,0,91
3,73,1000,4.270494,0,0,101742498841,0,1,0,1,85,0,91
11,72,1000,4.312036,0,0,101742498841,0,1,0,1,85,0,91
11,72,1000,4.312090,0,0,101742498841,0,1,0,1,85,0,91
err,hipFuncGetAttribute is missing from HIP shared library.


hashcat arguments,hashcat.exe -a 1 --runtime 15 -m 13782 ..\bachelors-thesis-main\hash-files\hashcat_streebog512_aes-twofish_boot_13782.vc ..\bachelors-thesis-main\dictionaries\English.dic ..\bachelors-thesis-main\dictionaries\English2.dic --machine-readable --status --status-timer=1 --quiet