STATUS,SPEED,MILISECONDS,EXEC_RUNTIME,CURKU,PROGRESS,PROGRESS_ALL,RECHASH,RECHASH,RECSALT,RECSALT,TEMP,REJECTED,UTIL
3,1311,1000,4.497443,0,0,101742498841,0,1,0,1,84,0,92
3,1310,1000,4.511412,0,0,101742498841,0,1,0,1,84,0,92
3,1310,1000,4.503696,0,0,101742498841,0,1,0,1,84,0,92
3,1308,1000,4.527949,0,0,101742498841,0,1,0,1,85,0,92
3,1307,1000,4.529382,0,0,101742498841,0,1,0,1,85,0,92
3,1306,1000,4.552110,0,0,101742498841,0,1,0,1,85,0,92
3,1305,1000,4.555657,0,0,101742498841,0,1,0,1,86,0,92
3,1304,1000,4.552913,0,0,101742498841,0,1,0,1,86,0,91
3,1303,1000,4.556241,0,0,101742498841,0,1,0,1,86,0,92
3,1302,1000,4.559202,0,0,101742498841,0,1,0,1,87,0,92
3,1301,1000,4.573651,0,0,101742498841,0,1,0,1,87,0,91
11,1301,1000,4.571264,0,0,101742498841,0,1,0,1,87,0,92
11,1301,1000,4.571205,0,0,101742498841,0,1,0,1,87,0,92
err,hipFuncGetAttribute is missing from HIP shared library.


hashcat arguments,hashcat.exe -a 1 --runtime 15 -m 13742 ..\bachelors-thesis-main\hash-files\hashcat_ripemd160_aes-twofish_boot.vc ..\bachelors-thesis-main\dictionaries\English.dic ..\bachelors-thesis-main\dictionaries\English2.dic --machine-readable --status --status-timer=1 --quiet