STATUS,SPEED,MILISECONDS,EXEC_RUNTIME,CURKU,PROGRESS,PROGRESS_ALL,RECHASH,RECHASH,RECSALT,RECSALT,TEMP,REJECTED,UTIL
3,5128825860,1000,1.219941,39872,18025772352,101742498841,0,1,0,1,78,0,65
3,5192877620,1000,1.220619,39872,23547884864,101742498841,0,1,0,1,78,0,65
3,5137006445,1000,1.234095,79744,28518607488,101742498841,0,1,0,1,79,0,67
3,5162912672,1000,1.232417,79744,33887611520,101742498841,0,1,0,1,79,0,65
3,5105018490,1000,1.248210,119616,38746054592,101742498841,0,1,0,1,79,0,37
6,5119055903,1000,1.244780,119616,40777293760,101742498841,1,1,1,1,79,0,62
err,hipFuncGetAttribute is missing from HIP shared library.


hashcat arguments,hashcat.exe -a 1 --runtime 15 -m 3800 2e45c4b99396c6cb2db8bda0d3df669f:1234 ..\bachelors-thesis-main\dictionaries\English.dic ..\bachelors-thesis-main\dictionaries\English2.dic --machine-readable --status --status-timer=1 --quiet