STATUS,SPEED,MILISECONDS,EXEC_RUNTIME,CURKU,PROGRESS,PROGRESS_ALL,RECHASH,RECHASH,RECSALT,RECSALT,TEMP,REJECTED,UTIL
3,5188808698,1000,1.203247,39872,18229916992,101742498841,0,1,0,1,81,0,61
3,5249647307,1000,1.212373,39872,23792858432,101742498841,0,1,0,1,81,0,65
3,5212003513,1000,1.211686,79744,28988140160,101742498841,0,1,0,1,82,0,65
3,5247666619,1000,1.210786,79744,34500045440,101742498841,0,1,0,1,83,0,65
3,5205090857,1000,1.237058,119616,39521804224,101742498841,0,1,0,1,83,0,37
6,5212071861,1000,1.246463,119616,40777293760,101742498841,1,1,1,1,83,0,67
err,hipFuncGetAttribute is missing from HIP shared library.


hashcat arguments,hashcat.exe -a 1 --runtime 15 -m 4800 afd09efdd6f8ca9f18ec77c5869788c3:01020304050607080910111213141516:01 ..\bachelors-thesis-main\dictionaries\English.dic ..\bachelors-thesis-main\dictionaries\English2.dic --machine-readable --status --status-timer=1 --quiet