STATUS,SPEED,MILISECONDS,EXEC_RUNTIME,CURKU,PROGRESS,PROGRESS_ALL,RECHASH,RECHASH,RECSALT,RECSALT,TEMP,REJECTED,UTIL
3,8960970632,1000,3.466279,0,54548285543,101742498841,0,1,0,1,85,23314547303,73
3,8905479244,1000,3.465497,0,63367223399,101742498841,0,1,0,1,86,23314547303,74
3,8863820309,1000,3.508834,0,72267818087,101742498841,0,1,0,1,86,23314547303,73
3,8442795776,1000,1.544472,232579,86910003629,101742498841,0,1,0,1,86,31639690403,61
3,8122661087,1000,1.520733,232579,93068469677,101742498841,0,1,0,1,86,31639690403,60
3,7931447810,1000,1.554068,232579,99674543533,101742498841,0,1,0,1,87,31639690403,65
5,7881460251,1000,1.558938,318971,101742498841,101742498841,0,1,0,1,87,31639690403,65
err,hipFuncGetAttribute is missing from HIP shared library.


hashcat arguments,hashcat.exe -a 1 --runtime 15 -m 14900 c9350366:44630464 ..\bachelors-thesis-main\dictionaries\English.dic ..\bachelors-thesis-main\dictionaries\English2.dic --machine-readable --status --status-timer=1 --quiet