STATUS,SPEED,MILISECONDS,EXEC_RUNTIME,CURKU,PROGRESS,PROGRESS_ALL,RECHASH,RECHASH,RECSALT,RECSALT,TEMP,REJECTED,UTIL
3,2349767635,1000,7.664643,0,11463626750,101742498841,0,1,0,1,85,2437576382,88
3,2345934493,1000,7.681879,0,13834708414,101742498841,0,1,0,1,85,2437576382,87
6,2344330750,1000,7.681373,0,15468563006,101742498841,1,1,1,1,86,2437576382,88
err,hipFuncGetAttribute is missing from HIP shared library.


hashcat arguments,hashcat.exe -a 1 --runtime 15 -m 9720 $oldoffice$0*55045061647456688860411218030058*e7e24d163fbd743992d4b8892bf3f2f7*493410dbc832557d3fe1870ace8397e2:91b2e062b9 ..\bachelors-thesis-main\dictionaries\English.dic ..\bachelors-thesis-main\dictionaries\English2.dic --machine-readable --status --status-timer=1 --quiet