STATUS,SPEED,MILISECONDS,EXEC_RUNTIME,CURKU,PROGRESS,PROGRESS_ALL,RECHASH,RECHASH,RECSALT,RECSALT,TEMP,REJECTED,UTIL
3,2979389114,1000,7.545509,0,10544480256,101742498841,0,1,0,1,79,0,87
6,2976516860,1000,7.562976,0,12910067712,101742498841,1,1,1,1,79,0,87
err,hipFuncGetAttribute is missing from HIP shared library.


hashcat arguments,hashcat.exe -a 1 --runtime 15 -m 4510 9138d472fce6fe50e2a32da4eec4ecdc8860f4d5:hashcat1 ..\bachelors-thesis-main\dictionaries\English.dic ..\bachelors-thesis-main\dictionaries\English2.dic --machine-readable --status --status-timer=1 --quiet