STATUS,SPEED,MILISECONDS,EXEC_RUNTIME,CURKU,PROGRESS,PROGRESS_ALL,RECHASH,RECHASH,RECSALT,RECSALT,TEMP,REJECTED,UTIL
3,669,1000,4.208935,0,0,101742498841,0,1,0,1,84,0,90
3,669,1000,4.217932,0,0,101742498841,0,1,0,1,84,0,90
3,668,1000,4.231574,0,0,101742498841,0,1,0,1,85,0,91
3,668,1000,4.237893,0,0,101742498841,0,1,0,1,85,0,91
3,667,1000,4.243524,0,0,101742498841,0,1,0,1,85,0,90
3,667,1000,4.249858,0,0,101742498841,0,1,0,1,86,0,91
3,666,1000,4.256062,0,0,101742498841,0,1,0,1,86,0,91
3,666,1000,4.258268,0,0,101742498841,0,1,0,1,86,0,92
3,665,1000,4.257891,0,0,101742498841,0,1,0,1,87,0,90
3,665,1000,4.260890,0,0,101742498841,0,1,0,1,87,0,90
3,665,1000,4.257940,0,0,101742498841,0,1,0,1,87,0,91
11,664,1000,4.267542,0,0,101742498841,0,1,0,1,87,0,90
11,664,1000,4.268710,0,0,101742498841,0,1,0,1,87,0,92
err,hipFuncGetAttribute is missing from HIP shared library.


hashcat arguments,hashcat.exe -a 1 --runtime 15 -m 13712 ..\bachelors-thesis-main\hash-files\hashcat_ripemd160_aes-twofish_13712.vc ..\bachelors-thesis-main\dictionaries\English.dic ..\bachelors-thesis-main\dictionaries\English2.dic --machine-readable --status --status-timer=1 --quiet