STATUS,SPEED,MILISECONDS,EXEC_RUNTIME,CURKU,PROGRESS,PROGRESS_ALL,RECHASH,RECHASH,RECSALT,RECSALT,TEMP,REJECTED,UTIL
3,129,1000,3.535617,0,0,101742498841,0,1,0,1,81,0,90
3,129,1000,3.543471,0,0,101742498841,0,1,0,1,81,0,89
3,129,1000,3.543419,0,0,101742498841,0,1,0,1,82,0,89
3,129,1000,3.566713,0,0,101742498841,0,1,0,1,82,0,89
3,128,1000,3.628545,0,0,101742498841,0,1,0,1,83,0,90
3,128,1000,3.645203,0,0,101742498841,0,1,0,1,83,0,89
3,128,1000,3.698421,0,0,101742498841,0,1,0,1,84,0,90
3,127,1000,3.768909,0,0,101742498841,0,1,0,1,84,0,90
3,127,1000,3.763237,0,0,101742498841,0,1,0,1,84,0,90
3,126,1000,3.767300,0,0,101742498841,0,1,0,1,85,0,90
11,126,1000,3.769301,0,0,101742498841,0,1,0,1,85,0,90
11,126,1000,3.769316,0,0,101742498841,0,1,0,1,85,0,90
err,hipFuncGetAttribute is missing from HIP shared library.


hashcat arguments,hashcat.exe -a 1 --runtime 15 -m 13731 ..\bachelors-thesis-main\hash-files\hashcat_whirlpool_serpent_13731.vc ..\bachelors-thesis-main\dictionaries\English.dic ..\bachelors-thesis-main\dictionaries\English2.dic --machine-readable --status --status-timer=1 --quiet