STATUS,SPEED,MILISECONDS,EXEC_RUNTIME,CURKU,PROGRESS,PROGRESS_ALL,RECHASH,RECHASH,RECSALT,RECSALT,TEMP,REJECTED,UTIL
3,3075126563,1000,2.449527,0,10360210560,101742498841,0,1,0,1,80,0,67
3,3057643166,1000,2.462898,0,13412134656,101742498841,0,1,0,1,81,0,67
3,3053250505,1000,2.459244,0,16515094272,101742498841,0,1,0,1,81,0,67
3,3042632690,1000,2.462543,0,19546604160,101742498841,0,1,0,1,82,0,67
3,3036306875,1000,2.466480,0,22588321152,101742498841,0,1,0,1,82,0,67
3,3030236665,1000,2.479511,79743,25435704453,101742498841,0,1,0,1,82,0,60
6,2997093644,1000,2.459283,79743,25792953093,101742498841,1,1,1,1,82,0,41
err,hipFuncGetAttribute is missing from HIP shared library.


hashcat arguments,hashcat.exe -a 1 --runtime 15 -m 3000 299bd128c1101fd6 ..\bachelors-thesis-main\dictionaries\English.dic ..\bachelors-thesis-main\dictionaries\English2.dic --machine-readable --status --status-timer=1 --quiet