STATUS,SPEED,MILISECONDS,EXEC_RUNTIME,CURKU,PROGRESS,PROGRESS_ALL,RECHASH,RECHASH,RECSALT,RECSALT,TEMP,REJECTED,UTIL
3,556,1000,3.295994,0,0,101742498841,0,1,0,1,85,0,89
3,556,1000,3.297693,0,0,101742498841,0,1,0,1,85,0,89
3,555,1000,3.300916,0,0,101742498841,0,1,0,1,85,0,89
3,555,1000,3.312508,0,0,101742498841,0,1,0,1,86,0,89
3,554,1000,3.321641,0,0,101742498841,0,1,0,1,86,0,89
3,554,1000,3.327064,0,0,101742498841,0,1,0,1,87,0,89
3,554,1000,3.319831,0,0,101742498841,0,1,0,1,87,0,89
3,554,1000,3.332655,0,0,101742498841,0,1,0,1,87,0,89
3,553,1000,3.355757,0,0,101742498841,0,1,0,1,87,0,89
3,552,1000,3.388466,0,0,101742498841,0,1,0,1,87,0,89
3,552,1000,3.401748,0,0,101742498841,0,1,0,1,88,0,89
11,551,1000,3.436296,0,0,101742498841,0,1,0,1,88,0,90
11,551,1000,3.436296,0,0,101742498841,0,1,0,1,88,0,90
err,hipFuncGetAttribute is missing from HIP shared library.


hashcat arguments,hashcat.exe -a 1 --runtime 15 -m 13722 ..\bachelors-thesis-main\hash-files\hashcat_sha512_serpent-aes_13722.vc ..\bachelors-thesis-main\dictionaries\English.dic ..\bachelors-thesis-main\dictionaries\English2.dic --machine-readable --status --status-timer=1 --quiet