STATUS,SPEED,MILISECONDS,EXEC_RUNTIME,CURKU,PROGRESS,PROGRESS_ALL,RECHASH,RECHASH,RECSALT,RECSALT,TEMP,REJECTED,UTIL
3,529,1000,3.460144,0,0,101742498841,0,1,0,1,85,0,89
3,529,1000,3.460403,0,0,101742498841,0,1,0,1,85,0,89
3,529,1000,3.469360,0,0,101742498841,0,1,0,1,85,0,89
3,528,1000,3.467344,0,0,101742498841,0,1,0,1,86,0,89
3,528,1000,3.474211,0,0,101742498841,0,1,0,1,86,0,89
3,527,1000,3.477326,0,0,101742498841,0,1,0,1,86,0,89
3,527,1000,3.486974,0,0,101742498841,0,1,0,1,86,0,89
3,527,1000,3.485816,0,0,101742498841,0,1,0,1,87,0,89
3,526,1000,3.490740,0,0,101742498841,0,1,0,1,87,0,90
3,526,1000,3.492586,0,0,101742498841,0,1,0,1,87,0,89
3,526,1000,3.506276,0,0,101742498841,0,1,0,1,88,0,89
11,525,1000,3.526726,0,0,101742498841,0,1,0,1,88,0,89
11,525,1000,3.526726,0,0,101742498841,0,1,0,1,88,0,89
err,hipFuncGetAttribute is missing from HIP shared library.


hashcat arguments,hashcat.exe -a 1 --runtime 15 -m 13753 ..\bachelors-thesis-main\hash-files\hashcat_sha256_serpent-twofish-aes_13753.vc ..\bachelors-thesis-main\dictionaries\English.dic ..\bachelors-thesis-main\dictionaries\English2.dic --machine-readable --status --status-timer=1 --quiet