STATUS,SPEED,MILISECONDS,EXEC_RUNTIME,CURKU,PROGRESS,PROGRESS_ALL,RECHASH,RECHASH,RECSALT,RECSALT,TEMP,REJECTED,UTIL
3,667,1000,4.265195,0,0,101742498841,0,1,0,1,84,0,91
3,666,1000,4.271177,0,0,101742498841,0,1,0,1,84,0,91
3,666,1000,4.274511,0,0,101742498841,0,1,0,1,85,0,91
3,665,1000,4.283457,0,0,101742498841,0,1,0,1,85,0,91
3,665,1000,4.290892,0,0,101742498841,0,1,0,1,86,0,91
3,665,1000,4.300973,0,0,101742498841,0,1,0,1,86,0,91
3,664,1000,4.304982,0,0,101742498841,0,1,0,1,86,0,91
3,664,1000,4.303400,0,0,101742498841,0,1,0,1,86,0,91
3,663,1000,4.315851,0,0,101742498841,0,1,0,1,87,0,92
3,663,1000,4.318506,0,0,101742498841,0,1,0,1,87,0,91
3,663,1000,4.314728,0,0,101742498841,0,1,0,1,87,0,92
11,662,1000,4.321847,0,0,101742498841,0,1,0,1,88,0,91
11,662,1000,4.322516,0,0,101742498841,0,1,0,1,88,0,91
err,hipFuncGetAttribute is missing from HIP shared library.


hashcat arguments,hashcat.exe -a 1 --runtime 15 -m 13712 ..\bachelors-thesis-main\hash-files\hashcat_ripemd160_twofish-serpent_13712.vc ..\bachelors-thesis-main\dictionaries\English.dic ..\bachelors-thesis-main\dictionaries\English2.dic --machine-readable --status --status-timer=1 --quiet