STATUS,SPEED,MILISECONDS,EXEC_RUNTIME,CURKU,PROGRESS,PROGRESS_ALL,RECHASH,RECHASH,RECSALT,RECSALT,TEMP,REJECTED,UTIL
3,79709,1000,8.342033,0,258048,101742498841,0,1,0,1,90,0,94
3,79922,1000,8.241154,0,344064,101742498841,0,1,0,1,90,0,93
3,79935,1000,8.347103,0,417792,101742498841,0,1,0,1,90,0,94
3,79844,1000,8.363812,0,503808,101742498841,0,1,0,1,90,0,94
3,79832,1000,8.325444,0,589824,101742498841,0,1,0,1,90,0,94
3,79556,1000,8.625041,0,663552,101742498841,0,1,0,1,90,0,94
3,79496,1000,8.400961,0,749568,101742498841,0,1,0,1,90,0,94
7,79483,1000,8.366837,0,835584,101742498841,0,1,0,1,91,0,93
7,79483,1000,8.365741,0,835584,101742498841,0,1,0,1,91,0,93
err,hipFuncGetAttribute is missing from HIP shared library.


hashcat arguments,hashcat.exe -a 1 --runtime 15 -m 6231 ..\bachelors-thesis-main\hash-files\hashcat_whirlpool_serpent.tc ..\bachelors-thesis-main\dictionaries\English.dic ..\bachelors-thesis-main\dictionaries\English2.dic --machine-readable --status --status-timer=1 --quiet