STATUS,SPEED,MILISECONDS,EXEC_RUNTIME,CURKU,PROGRESS,PROGRESS_ALL,RECHASH,RECHASH,RECSALT,RECSALT,TEMP,REJECTED,UTIL
3,5413613066,1000,0.601367,39872,18857661760,101742498841,0,1,0,1,81,0,64
3,5718399147,1000,0.601549,39872,24655369536,101742498841,0,1,0,1,81,0,63
3,5411957356,1000,0.586804,79744,30008863360,101742498841,0,1,0,1,82,0,64
3,4765124394,1000,0.602543,79744,33754917504,101742498841,0,1,0,1,82,0,44
3,4879586870,1000,0.576345,119616,39072686016,101742498841,0,1,0,1,82,0,46
6,4937934038,1000,0.580211,119616,40772190144,101742498841,1,1,1,1,82,0,64
err,hipFuncGetAttribute is missing from HIP shared library.


hashcat arguments,hashcat.exe -a 1 --runtime 15 -m 5500 u4-netntlm::kNS:338d08f8e26de93300000000000000000000000000000000:9526fb8c23a90751cdd619b6cea564742e1e4bf33006ba41:cb8086049ec4736c ..\bachelors-thesis-main\dictionaries\English.dic ..\bachelors-thesis-main\dictionaries\English2.dic --machine-readable --status --status-timer=1 --quiet