STATUS,SPEED,MILISECONDS,EXEC_RUNTIME,CURKU,PROGRESS,PROGRESS_ALL,RECHASH,RECHASH,RECSALT,RECSALT,TEMP,REJECTED,UTIL
3,129,1000,3.541800,0,0,101742498841,0,1,0,1,81,0,90
3,128,1000,3.549236,0,0,101742498841,0,1,0,1,82,0,90
3,128,1000,3.548404,0,0,101742498841,0,1,0,1,82,0,90
3,128,1000,3.575908,0,0,101742498841,0,1,0,1,83,0,90
3,128,1000,3.658850,0,0,101742498841,0,1,0,1,83,0,90
3,127,1000,3.715223,0,0,101742498841,0,1,0,1,83,0,90
3,127,1000,3.781400,0,0,101742498841,0,1,0,1,84,0,90
3,127,1000,3.733863,0,0,101742498841,0,1,0,1,84,0,90
3,126,1000,3.739611,0,0,101742498841,0,1,0,1,85,0,90
3,126,1000,3.768536,0,0,101742498841,0,1,0,1,85,0,90
3,125,1000,3.751249,0,0,101742498841,0,1,0,1,85,0,90
11,125,1000,3.754149,0,0,101742498841,0,1,0,1,86,0,90
11,125,1000,3.752579,0,0,101742498841,0,1,0,1,86,0,85
err,hipFuncGetAttribute is missing from HIP shared library.


hashcat arguments,hashcat.exe -a 1 --runtime 15 -m 13731 ..\bachelors-thesis-main\hash-files\hashcat_whirlpool_aes_13731.vc ..\bachelors-thesis-main\dictionaries\English.dic ..\bachelors-thesis-main\dictionaries\English2.dic --machine-readable --status --status-timer=1 --quiet