STATUS,SPEED,MILISECONDS,EXEC_RUNTIME,CURKU,PROGRESS,PROGRESS_ALL,RECHASH,RECHASH,RECSALT,RECSALT,TEMP,REJECTED,UTIL
3,32904,1000,6.668833,0,0,101742498841,0,1,0,1,65,0,93
3,32856,1000,6.683836,0,0,101742498841,0,1,0,1,66,0,93
3,32825,1000,6.704419,0,0,101742498841,0,1,0,1,67,0,93
3,32816,1000,6.669838,0,0,101742498841,0,1,0,1,74,0,100
11,7183,1000,6.908713,0,196608,101742498841,0,1,0,1,80,0,100
11,7183,1000,6.907903,0,196608,101742498841,0,1,0,1,80,0,100
err,hipFuncGetAttribute is missing from HIP shared library.


hashcat arguments,hashcat.exe -a 1 --runtime 15 -m 29543 ..\bachelors-thesis-main\hash-files\hashcat_luks_ripemd160_twofish_cbc-plain64_128.txt ..\bachelors-thesis-main\dictionaries\English.dic ..\bachelors-thesis-main\dictionaries\English2.dic --machine-readable --status --status-timer=1 --quiet