STATUS,SPEED,MILISECONDS,EXEC_RUNTIME,CURKU,PROGRESS,PROGRESS_ALL,RECHASH,RECHASH,RECSALT,RECSALT,TEMP,REJECTED,UTIL
3,9625,1000,8.684512,0,0,101742498841,0,1,0,1,72,0,95
3,9609,1000,8.704533,0,0,101742498841,0,1,0,1,73,0,95
3,9595,1000,8.727521,0,0,101742498841,0,1,0,1,74,0,95
3,9585,1000,8.747759,0,0,101742498841,0,1,0,1,75,0,95
3,9571,1000,8.782233,0,0,101742498841,0,1,0,1,75,0,95
3,9563,1000,8.805179,0,0,101742498841,0,1,0,1,76,0,95
3,9552,1000,8.811853,0,0,101742498841,0,1,0,1,77,0,95
3,9224,1000,8.787731,0,98304,101742498841,0,1,0,1,78,0,100
3,9224,1000,8.817974,0,98304,101742498841,0,1,0,1,79,0,95
3,9224,1000,8.857549,0,98304,101742498841,0,1,0,1,79,0,95
3,9224,1000,8.870877,0,98304,101742498841,0,1,0,1,80,0,95
11,9224,1000,8.898015,0,98304,101742498841,0,1,0,1,80,0,100
11,9224,1000,8.898015,0,98304,101742498841,0,1,0,1,80,0,100
err,hipFuncGetAttribute is missing from HIP shared library.


hashcat arguments,hashcat.exe -a 1 --runtime 15 -m 29532 ..\bachelors-thesis-main\hash-files\hashcat_luks_sha512_serpent_cbc-essiv_128.txt ..\bachelors-thesis-main\dictionaries\English.dic ..\bachelors-thesis-main\dictionaries\English2.dic --machine-readable --status --status-timer=1 --quiet