STATUS,SPEED,MILISECONDS,EXEC_RUNTIME,CURKU,PROGRESS,PROGRESS_ALL,RECHASH,RECHASH,RECSALT,RECSALT,TEMP,REJECTED,UTIL
3,1204,1000,4.735932,0,0,101742498841,0,1,0,1,85,0,91
3,1203,1000,4.737259,0,0,101742498841,0,1,0,1,85,0,91
3,1203,1000,4.758347,0,0,101742498841,0,1,0,1,85,0,93
3,1202,1000,4.750669,0,0,101742498841,0,1,0,1,86,0,91
3,1201,1000,4.771279,0,0,101742498841,0,1,0,1,86,0,91
3,1200,1000,4.783643,0,0,101742498841,0,1,0,1,86,0,91
3,1199,1000,4.787056,0,0,101742498841,0,1,0,1,87,0,91
3,1198,1000,4.790423,0,0,101742498841,0,1,0,1,87,0,92
3,1197,1000,4.795888,0,0,101742498841,0,1,0,1,87,0,91
3,1197,1000,4.800236,0,0,101742498841,0,1,0,1,87,0,91
3,1196,1000,4.801125,0,0,101742498841,0,1,0,1,88,0,92
11,1195,1000,4.798913,0,0,101742498841,0,1,0,1,88,0,91
11,1195,1000,4.798859,0,0,101742498841,0,1,0,1,88,0,91
err,hipFuncGetAttribute is missing from HIP shared library.


hashcat arguments,hashcat.exe -a 1 --runtime 15 -m 13711 ..\bachelors-thesis-main\hash-files\hashcat_ripemd160_twofish_13711.vc ..\bachelors-thesis-main\dictionaries\English.dic ..\bachelors-thesis-main\dictionaries\English2.dic --machine-readable --status --status-timer=1 --quiet