STATUS,SPEED,MILISECONDS,EXEC_RUNTIME,CURKU,PROGRESS,PROGRESS_ALL,RECHASH,RECHASH,RECSALT,RECSALT,TEMP,REJECTED,UTIL
3,5649155054,1000,7.450258,0,20031995904,101742498841,0,1,0,1,79,0,82
3,5630276687,1000,7.467730,0,25719472128,101742498841,0,1,0,1,79,0,83
3,5627945462,1000,7.496094,98304,31356125184,101742498841,0,1,0,1,80,0,82
3,5538066217,1000,7.465488,98304,36640948224,101742498841,0,1,0,1,80,0,83
6,5542342019,1000,7.492199,98304,37848907776,101742498841,1,1,1,1,80,0,86
err,hipFuncGetAttribute is missing from HIP shared library.


hashcat arguments,hashcat.exe -a 1 --runtime 15 -m 120 cac35ec206d868b7d7cb0b55f31d9425b075082b:5363620024 ..\bachelors-thesis-main\dictionaries\English.dic ..\bachelors-thesis-main\dictionaries\English2.dic --machine-readable --status --status-timer=1 --quiet