STATUS,SPEED,MILISECONDS,EXEC_RUNTIME,CURKU,PROGRESS,PROGRESS_ALL,RECHASH,RECHASH,RECSALT,RECSALT,TEMP,REJECTED,UTIL
3,847,1000,4.378484,0,0,101742498841,0,1,0,1,86,0,91
3,846,1000,4.389951,0,0,101742498841,0,1,0,1,86,0,91
3,845,1000,4.407415,0,0,101742498841,0,1,0,1,86,0,90
3,844,1000,4.400597,0,0,101742498841,0,1,0,1,86,0,90
3,844,1000,4.402668,0,0,101742498841,0,1,0,1,87,0,91
3,843,1000,4.397639,0,0,101742498841,0,1,0,1,87,0,91
3,843,1000,4.418415,0,0,101742498841,0,1,0,1,87,0,91
3,842,1000,4.423480,0,0,101742498841,0,1,0,1,88,0,91
3,842,1000,4.424573,0,0,101742498841,0,1,0,1,88,0,90
3,841,1000,4.431339,0,0,101742498841,0,1,0,1,88,0,90
3,841,1000,4.439277,0,0,101742498841,0,1,0,1,88,0,91
11,840,1000,4.454803,0,0,101742498841,0,1,0,1,88,0,91
11,840,1000,4.454771,0,0,101742498841,0,1,0,1,88,0,95
err,hipFuncGetAttribute is missing from HIP shared library.


hashcat arguments,hashcat.exe -a 1 --runtime 15 -m 13752 ..\bachelors-thesis-main\hash-files\hashcat_sha256_serpent-aes_13752.vc ..\bachelors-thesis-main\dictionaries\English.dic ..\bachelors-thesis-main\dictionaries\English2.dic --machine-readable --status --status-timer=1 --quiet