STATUS,SPEED,MILISECONDS,EXEC_RUNTIME,CURKU,PROGRESS,PROGRESS_ALL,RECHASH,RECHASH,RECSALT,RECSALT,TEMP,REJECTED,UTIL
3,3475324162,1000,4.919951,0,15926839294,101742498841,0,1,0,1,85,2437576382,82
3,3474124245,1000,4.933918,0,19433649150,101742498841,0,1,0,1,85,2437576382,83
6,3468114198,1000,4.939145,0,22880683838,101742498841,1,1,1,1,85,2437576382,82
err,hipFuncGetAttribute is missing from HIP shared library.


hashcat arguments,hashcat.exe -a 1 --runtime 15 -m 9820 $oldoffice$3*83328705222323020515404251156288*2855956a165ff6511bc7f4cd77b9e101*941861655e73a09c40f7b1e9dfd0c256ed285acd:b8f63619ca ..\bachelors-thesis-main\dictionaries\English.dic ..\bachelors-thesis-main\dictionaries\English2.dic --machine-readable --status --status-timer=1 --quiet