STATUS,SPEED,MILISECONDS,EXEC_RUNTIME,CURKU,PROGRESS,PROGRESS_ALL,RECHASH,RECHASH,RECSALT,RECSALT,TEMP,REJECTED,UTIL
3,5397611891,1000,0.263606,59808,19214815200,101742498841,0,1,0,1,82,0,53
3,5988190861,1000,0.266335,59808,25318739936,101742498841,0,1,0,1,83,0,60
3,5718680432,1000,0.259443,79744,30986205824,101742498841,0,1,0,1,83,0,59
3,5466678861,1000,0.266251,99680,36615394592,101742498841,0,1,0,1,84,0,60
6,5277435743,1000,0.262964,119616,39463112640,101742498841,1,1,1,1,84,0,32
err,hipFuncGetAttribute is missing from HIP shared library.


hashcat arguments,hashcat.exe -a 1 --runtime 15 -m 900 afe04867ec7a3845145579a95f72eca7 ..\bachelors-thesis-main\dictionaries\English.dic ..\bachelors-thesis-main\dictionaries\English2.dic --machine-readable --status --status-timer=1 --quiet