STATUS,SPEED,MILISECONDS,EXEC_RUNTIME,CURKU,PROGRESS,PROGRESS_ALL,RECHASH,RECHASH,RECSALT,RECSALT,TEMP,REJECTED,UTIL
3,3127516584,1000,15.143341,0,11123294208,101742498841,0,1,0,1,81,0,93
6,3128812704,1000,15.115282,0,12935233536,101742498841,1,1,1,1,82,0,93
err,hipFuncGetAttribute is missing from HIP shared library.


hashcat arguments,hashcat.exe -a 1 --runtime 15 -m 7000 AK1AAECAwQFBgcICRARNGqgeC3is8gv2xWWRony9NJnDgE= ..\bachelors-thesis-main\dictionaries\English.dic ..\bachelors-thesis-main\dictionaries\English2.dic --machine-readable --status --status-timer=1 --quiet