STATUS,SPEED,MILISECONDS,EXEC_RUNTIME,CURKU,PROGRESS,PROGRESS_ALL,RECHASH,RECHASH,RECSALT,RECSALT,TEMP,REJECTED,UTIL
3,3789184238,1000,5.534061,0,13488881664,101742498841,0,1,0,1,83,0,83
3,3780229392,1000,5.535355,0,17288921088,101742498841,0,1,0,1,84,0,83
3,3772103199,1000,5.547857,0,21063794688,101742498841,0,1,0,1,84,0,82
3,3768836494,1000,5.583858,0,24914165760,101742498841,0,1,0,1,85,0,83
3,3763628958,1000,5.570864,0,28714205184,101742498841,0,1,0,1,85,0,83
3,3715506087,1000,5.583962,98304,32136265728,101742498841,0,1,0,1,85,0,78
3,3719126481,1000,5.609422,98304,35986636800,101742498841,0,1,0,1,86,0,85
6,3719435984,1000,5.607641,98304,37823741952,101742498841,1,1,1,1,86,0,83
err,hipFuncGetAttribute is missing from HIP shared library.


hashcat arguments,hashcat.exe -a 1 --runtime 15 -m 11400 $sip$*192.168.100.100*192.168.100.121*username*asterisk*REGISTER*sip*192.168.100.121**2b01df0b****MD5*ad0520061ca07c120d7e8ce696a6df2d ..\bachelors-thesis-main\dictionaries\English.dic ..\bachelors-thesis-main\dictionaries\English2.dic --machine-readable --status --status-timer=1 --quiet