STATUS,SPEED,MILISECONDS,EXEC_RUNTIME,CURKU,PROGRESS,PROGRESS_ALL,RECHASH,RECHASH,RECSALT,RECSALT,TEMP,REJECTED,UTIL
3,19551,1000,6.525677,0,0,101742498841,0,1,0,1,66,0,93
3,19523,1000,6.545954,0,0,101742498841,0,1,0,1,67,0,93
3,19514,1000,6.490070,0,0,101742498841,0,1,0,1,76,0,99
11,2868,1000,6.757442,0,98304,101742498841,0,1,0,1,80,0,100
11,2868,1000,6.757090,0,98304,101742498841,0,1,0,1,80,0,100
err,hipFuncGetAttribute is missing from HIP shared library.


hashcat arguments,hashcat.exe -a 1 --runtime 15 -m 29523 ..\bachelors-thesis-main\hash-files\hashcat_luks_sha256_twofish_cbc-essiv_256.txt ..\bachelors-thesis-main\dictionaries\English.dic ..\bachelors-thesis-main\dictionaries\English2.dic --machine-readable --status --status-timer=1 --quiet