STATUS,SPEED,MILISECONDS,EXEC_RUNTIME,CURKU,PROGRESS,PROGRESS_ALL,RECHASH,RECHASH,RECSALT,RECSALT,TEMP,REJECTED,UTIL
3,4270,1000,4.502519,0,0,101742498841,0,1,0,1,86,0,91
3,4269,1000,4.510176,0,0,101742498841,0,1,0,1,87,0,91
3,4267,1000,4.519851,0,0,101742498841,0,1,0,1,87,0,92
3,4266,1000,4.533837,0,0,101742498841,0,1,0,1,87,0,91
3,4263,1000,4.539327,0,0,101742498841,0,1,0,1,87,0,91
3,4260,1000,4.539221,0,0,101742498841,0,1,0,1,88,0,91
3,4257,1000,4.557475,0,0,101742498841,0,1,0,1,88,0,91
3,4256,1000,4.539708,0,0,101742498841,0,1,0,1,88,0,92
3,4253,1000,4.572945,0,0,101742498841,0,1,0,1,88,0,91
3,4250,1000,4.588583,0,0,101742498841,0,1,0,1,89,0,91
3,4244,1000,4.624979,0,0,101742498841,0,1,0,1,89,0,91
11,4238,1000,4.668838,0,0,101742498841,0,1,0,1,89,0,92
11,4238,1000,4.668782,0,0,101742498841,0,1,0,1,89,0,92
err,hipFuncGetAttribute is missing from HIP shared library.


hashcat arguments,hashcat.exe -a 1 --runtime 15 -m 13761 ..\bachelors-thesis-main\hash-files\hashcat_sha256_twofish_boot.vc ..\bachelors-thesis-main\dictionaries\English.dic ..\bachelors-thesis-main\dictionaries\English2.dic --machine-readable --status --status-timer=1 --quiet