STATUS,SPEED,MILISECONDS,EXEC_RUNTIME,CURKU,PROGRESS,PROGRESS_ALL,RECHASH,RECHASH,RECSALT,RECSALT,TEMP,REJECTED,UTIL
3,2953021384,1000,7.638335,0,10418651136,101742498841,0,1,0,1,85,0,87
6,2948074206,1000,7.659272,0,12910067712,101742498841,1,1,1,1,85,0,87
err,hipFuncGetAttribute is missing from HIP shared library.


hashcat arguments,hashcat.exe -a 1 --runtime 15 -m 5700 2btjjy78REtmYkkW0csHUbJZOstRXoWdX1mGrmmfeHI ..\bachelors-thesis-main\dictionaries\English.dic ..\bachelors-thesis-main\dictionaries\English2.dic --machine-readable --status --status-timer=1 --quiet