STATUS,SPEED,MILISECONDS,EXEC_RUNTIME,CURKU,PROGRESS,PROGRESS_ALL,RECHASH,RECHASH,RECSALT,RECSALT,TEMP,REJECTED,UTIL
3,1883426973,1000,12.490100,0,6517948416,101742498841,0,1,0,1,82,0,91
3,1879622897,1000,12.501542,0,8455716864,101742498841,0,1,0,1,83,0,91
3,1877125065,1000,12.515000,0,10393485312,101742498841,0,1,0,1,83,0,92
3,1875230165,1000,12.534585,0,12280922112,101742498841,0,1,0,1,83,0,92
6,1874733888,1000,12.536733,0,12910067712,101742498841,1,1,1,1,83,0,92
err,hipFuncGetAttribute is missing from HIP shared library.


hashcat arguments,hashcat.exe -a 1 --runtime 15 -m 13900 6e36dcfc6151272c797165fce21e68e7c7737e40:472433673 ..\bachelors-thesis-main\dictionaries\English.dic ..\bachelors-thesis-main\dictionaries\English2.dic --machine-readable --status --status-timer=1 --quiet