STATUS,SPEED,MILISECONDS,EXEC_RUNTIME,CURKU,PROGRESS,PROGRESS_ALL,RECHASH,RECHASH,RECSALT,RECSALT,TEMP,REJECTED,UTIL
3,13887,1000,8.635153,0,0,101742498841,0,1,0,1,83,0,95
3,13873,1000,8.642340,0,0,101742498841,0,1,0,1,83,0,95
3,13856,1000,8.656163,0,0,101742498841,0,1,0,1,84,0,95
3,13834,1000,8.699711,0,0,101742498841,0,1,0,1,84,0,95
3,13825,1000,8.641313,0,98304,101742498841,0,1,0,1,85,0,94
3,13825,1000,8.716053,0,98304,101742498841,0,1,0,1,85,0,95
3,13825,1000,8.735224,0,98304,101742498841,0,1,0,1,86,0,95
3,13825,1000,8.748894,0,98304,101742498841,0,1,0,1,86,0,95
3,13825,1000,8.771020,0,98304,101742498841,0,1,0,1,86,0,95
3,13825,1000,8.776335,0,98304,101742498841,0,1,0,1,87,0,95
3,13825,1000,8.784949,0,98304,101742498841,0,1,0,1,87,0,95
11,13732,1000,8.746095,0,196608,101742498841,0,1,0,1,87,0,95
11,13732,1000,8.746751,0,196608,101742498841,0,1,0,1,87,0,95
err,hipFuncGetAttribute is missing from HIP shared library.


hashcat arguments,hashcat.exe -a 1 --runtime 15 -m 25300 $office$2016$0$100000$876MLoKTq42+/DLp415iZQ==$TNDvpvYyvlSUy97UOLKNhXynhUDDA7H8kLql0ISH5SxcP6hbthdjaTo4Z3/MU0dcR2SAd+AduYb3TB5CLZ8+ow== ..\bachelors-thesis-main\dictionaries\English.dic ..\bachelors-thesis-main\dictionaries\English2.dic --machine-readable --status --status-timer=1 --quiet