STATUS,SPEED,MILISECONDS,EXEC_RUNTIME,CURKU,PROGRESS,PROGRESS_ALL,RECHASH,RECHASH,RECSALT,RECSALT,TEMP,REJECTED,UTIL
3,553,1000,3.302003,0,0,101742498841,0,1,0,1,85,0,89
3,553,1000,3.301759,0,0,101742498841,0,1,0,1,85,0,89
3,553,1000,3.305096,0,0,101742498841,0,1,0,1,85,0,89
3,553,1000,3.322217,0,0,101742498841,0,1,0,1,86,0,89
3,552,1000,3.322466,0,0,101742498841,0,1,0,1,86,0,89
3,552,1000,3.334205,0,0,101742498841,0,1,0,1,86,0,89
3,552,1000,3.332346,0,0,101742498841,0,1,0,1,87,0,88
3,551,1000,3.344044,0,0,101742498841,0,1,0,1,87,0,89
3,551,1000,3.348448,0,0,101742498841,0,1,0,1,87,0,89
3,550,1000,3.369432,0,0,101742498841,0,1,0,1,87,0,88
3,549,1000,3.409484,0,0,101742498841,0,1,0,1,88,0,89
11,548,1000,3.430727,0,0,101742498841,0,1,0,1,88,0,89
11,548,1000,3.430724,0,0,101742498841,0,1,0,1,88,0,89
err,hipFuncGetAttribute is missing from HIP shared library.


hashcat arguments,hashcat.exe -a 1 --runtime 15 -m 13722 ..\bachelors-thesis-main\hash-files\hashcat_sha512_twofish-serpent_13722.vc ..\bachelors-thesis-main\dictionaries\English.dic ..\bachelors-thesis-main\dictionaries\English2.dic --machine-readable --status --status-timer=1 --quiet