STATUS,SPEED,MILISECONDS,EXEC_RUNTIME,CURKU,PROGRESS,PROGRESS_ALL,RECHASH,RECHASH,RECSALT,RECSALT,TEMP,REJECTED,UTIL
3,7360749945,1000,0.438102,39872,24747234624,101742498841,0,1,0,1,84,0,61
3,6892232624,1000,0.439299,79744,31534844544,101742498841,0,1,0,1,84,0,62
3,6761676576,1000,0.440339,119616,38194864064,101742498841,0,1,0,1,83,0,61
6,6824743451,1000,0.441887,119616,40772190144,101742498841,1,1,1,1,83,0,61
err,hipFuncGetAttribute is missing from HIP shared library.


hashcat arguments,hashcat.exe -a 1 --runtime 15 -m 99999 hashcat ..\bachelors-thesis-main\dictionaries\English.dic ..\bachelors-thesis-main\dictionaries\English2.dic --machine-readable --status --status-timer=1 --quiet