STATUS,SPEED,MILISECONDS,EXEC_RUNTIME,CURKU,PROGRESS,PROGRESS_ALL,RECHASH,RECHASH,RECSALT,RECSALT,TEMP,REJECTED,UTIL
3,2112,1000,4.554082,0,0,101742498841,0,1,0,1,87,0,91
3,2111,1000,4.554194,0,0,101742498841,0,1,0,1,87,0,91
3,2110,1000,4.560196,0,0,101742498841,0,1,0,1,87,0,91
3,2110,1000,4.572537,0,0,101742498841,0,1,0,1,88,0,93
3,2109,1000,4.575342,0,0,101742498841,0,1,0,1,88,0,91
3,2108,1000,4.572298,0,0,101742498841,0,1,0,1,88,0,91
3,2107,1000,4.582936,0,0,101742498841,0,1,0,1,88,0,91
3,2106,1000,4.585467,0,0,101742498841,0,1,0,1,88,0,92
3,2105,1000,4.622118,0,0,101742498841,0,1,0,1,88,0,92
3,2103,1000,4.627863,0,0,101742498841,0,1,0,1,89,0,91
3,2100,1000,4.668318,0,0,101742498841,0,1,0,1,89,0,92
11,2098,1000,4.670239,0,0,101742498841,0,1,0,1,89,0,91
11,2098,1000,4.670207,0,0,101742498841,0,1,0,1,89,0,92
err,hipFuncGetAttribute is missing from HIP shared library.


hashcat arguments,hashcat.exe -a 1 --runtime 15 -m 13762 ..\bachelors-thesis-main\hash-files\hashcat_sha256_serpent-aes_boot.vc ..\bachelors-thesis-main\dictionaries\English.dic ..\bachelors-thesis-main\dictionaries\English2.dic --machine-readable --status --status-timer=1 --quiet