STATUS,SPEED,MILISECONDS,EXEC_RUNTIME,CURKU,PROGRESS,PROGRESS_ALL,RECHASH,RECHASH,RECSALT,RECSALT,TEMP,REJECTED,UTIL
3,9608,1000,8.639575,0,0,101742498841,0,1,0,1,67,0,95
3,9596,1000,8.668676,0,0,101742498841,0,1,0,1,67,0,95
3,9581,1000,8.695894,0,0,101742498841,0,1,0,1,68,0,94
3,9569,1000,8.712726,0,0,101742498841,0,1,0,1,69,0,95
3,9556,1000,8.730581,0,0,101742498841,0,1,0,1,70,0,95
3,9544,1000,8.758405,0,0,101742498841,0,1,0,1,71,0,95
3,9532,1000,8.773000,0,0,101742498841,0,1,0,1,72,0,95
3,9526,1000,8.772657,0,0,101742498841,0,1,0,1,79,0,100
11,2612,1000,8.934802,0,98304,101742498841,0,1,0,1,82,0,100
11,2612,1000,8.937378,0,98304,101742498841,0,1,0,1,82,0,100
err,hipFuncGetAttribute is missing from HIP shared library.


hashcat arguments,hashcat.exe -a 1 --runtime 15 -m 29533 ..\bachelors-thesis-main\hash-files\hashcat_luks_sha512_twofish_cbc-plain64_256.txt ..\bachelors-thesis-main\dictionaries\English.dic ..\bachelors-thesis-main\dictionaries\English2.dic --machine-readable --status --status-timer=1 --quiet