STATUS,SPEED,MILISECONDS,EXEC_RUNTIME,CURKU,PROGRESS,PROGRESS_ALL,RECHASH,RECHASH,RECSALT,RECSALT,TEMP,REJECTED,UTIL
3,79475,1000,8.389796,0,258048,101742498841,0,1,0,1,89,0,93
3,79563,1000,8.309192,0,344064,101742498841,0,1,0,1,89,0,94
3,79677,1000,8.325614,0,417792,101742498841,0,1,0,1,90,0,93
3,79817,1000,8.301738,0,503808,101742498841,0,1,0,1,90,0,94
3,79755,1000,8.360251,0,589824,101742498841,0,1,0,1,90,0,94
3,79743,1000,8.407654,0,663552,101742498841,0,1,0,1,90,0,94
3,79618,1000,8.435567,0,749568,101742498841,0,1,0,1,90,0,94
3,79460,1000,8.500917,0,835584,101742498841,0,1,0,1,90,0,94
7,79537,1000,8.315728,0,909312,101742498841,0,1,0,1,91,0,93
7,79537,1000,8.313872,0,909312,101742498841,0,1,0,1,91,0,93
err,hipFuncGetAttribute is missing from HIP shared library.


hashcat arguments,hashcat.exe -a 1 --runtime 15 -m 6231 ..\bachelors-thesis-main\hash-files\hashcat_whirlpool_aes.tc ..\bachelors-thesis-main\dictionaries\English.dic ..\bachelors-thesis-main\dictionaries\English2.dic --machine-readable --status --status-timer=1 --quiet