STATUS,SPEED,MILISECONDS,EXEC_RUNTIME,CURKU,PROGRESS,PROGRESS_ALL,RECHASH,RECHASH,RECSALT,RECSALT,TEMP,REJECTED,UTIL
3,64,1000,3.521131,0,0,101742498841,0,1,0,1,77,0,89
3,64,1000,3.531239,0,0,101742498841,0,1,0,1,78,0,89
3,64,1000,3.544217,0,0,101742498841,0,1,0,1,79,0,89
3,64,1000,3.533868,0,0,101742498841,0,1,0,1,80,0,89
3,64,1000,3.539876,0,0,101742498841,0,1,0,1,80,0,89
3,64,1000,3.539237,0,0,101742498841,0,1,0,1,81,0,89
3,64,1000,3.552528,0,0,101742498841,0,1,0,1,81,0,89
3,64,1000,3.561863,0,0,101742498841,0,1,0,1,82,0,89
3,64,1000,3.563105,0,0,101742498841,0,1,0,1,83,0,89
3,64,1000,3.617688,0,0,101742498841,0,1,0,1,83,0,89
3,64,1000,3.628120,0,0,101742498841,0,1,0,1,84,0,90
11,64,1000,3.741391,0,0,101742498841,0,1,0,1,84,0,89
11,64,1000,3.740767,0,0,101742498841,0,1,0,1,84,0,89
err,hipFuncGetAttribute is missing from HIP shared library.


hashcat arguments,hashcat.exe -a 1 --runtime 15 -m 13732 ..\bachelors-thesis-main\hash-files\hashcat_whirlpool_twofish-serpent_13732.vc ..\bachelors-thesis-main\dictionaries\English.dic ..\bachelors-thesis-main\dictionaries\English2.dic --machine-readable --status --status-timer=1 --quiet