STATUS,SPEED,MILISECONDS,EXEC_RUNTIME,CURKU,PROGRESS,PROGRESS_ALL,RECHASH,RECHASH,RECSALT,RECSALT,TEMP,REJECTED,UTIL
3,4778242899,1000,1.311345,39872,16453858624,101742498841,0,1,0,1,81,0,62
3,4788055843,1000,1.355321,39872,21343122752,101742498841,0,1,0,1,82,0,62
3,4723152686,1000,1.296595,79744,25854519936,101742498841,0,1,0,1,81,0,40
3,4750583213,1000,1.325481,79744,30805027456,101742498841,0,1,0,1,82,0,64
3,4741373263,1000,1.366455,79744,35592219264,101742498841,0,1,0,1,83,0,63
3,4694635712,1000,1.348077,119616,40021958592,101742498841,0,1,0,1,83,0,68
6,4693091499,1000,1.349390,119616,40777293760,101742498841,1,1,1,1,83,0,64
err,hipFuncGetAttribute is missing from HIP shared library.


hashcat arguments,hashcat.exe -a 1 --runtime 15 -m 70 2303b15bfa48c74a74758135a0df1201 ..\bachelors-thesis-main\dictionaries\English.dic ..\bachelors-thesis-main\dictionaries\English2.dic --machine-readable --status --status-timer=1 --quiet