STATUS,SPEED,MILISECONDS,EXEC_RUNTIME,CURKU,PROGRESS,PROGRESS_ALL,RECHASH,RECHASH,RECSALT,RECSALT,TEMP,REJECTED,UTIL
3,960,1000,6.265690,0,0,101742498841,0,1,0,1,84,0,93
3,959,1000,6.270875,0,0,101742498841,0,1,0,1,84,0,93
3,959,1000,6.281567,0,0,101742498841,0,1,0,1,85,0,94
3,958,1000,6.282499,0,0,101742498841,0,1,0,1,85,0,94
3,957,1000,6.288900,0,0,101742498841,0,1,0,1,85,0,93
3,957,1000,6.299919,0,0,101742498841,0,1,0,1,85,0,94
3,956,1000,6.311254,0,0,101742498841,0,1,0,1,86,0,93
3,956,1000,6.312154,0,0,101742498841,0,1,0,1,86,0,94
3,955,1000,6.316051,0,0,101742498841,0,1,0,1,86,0,94
3,955,1000,6.323658,0,0,101742498841,0,1,0,1,86,0,93
3,954,1000,6.329474,0,0,101742498841,0,1,0,1,87,0,94
11,954,1000,6.343025,0,0,101742498841,0,1,0,1,87,0,94
11,954,1000,6.343753,0,0,101742498841,0,1,0,1,87,0,97
err,hipFuncGetAttribute is missing from HIP shared library.


hashcat arguments,hashcat.exe -a 1 --runtime 15 -m 13743 ..\bachelors-thesis-main\hash-files\hashcat_ripemd160_aes-twofish-serpent_boot.vc ..\bachelors-thesis-main\dictionaries\English.dic ..\bachelors-thesis-main\dictionaries\English2.dic --machine-readable --status --status-timer=1 --quiet