STATUS,SPEED,MILISECONDS,EXEC_RUNTIME,CURKU,PROGRESS,PROGRESS_ALL,RECHASH,RECHASH,RECSALT,RECSALT,TEMP,REJECTED,UTIL
3,4512411985,1000,9.671771,0,15753805824,101742498841,0,1,0,1,84,0,86
3,4500293710,1000,9.661281,0,20333985792,101742498841,0,1,0,1,85,0,85
3,4489420704,1000,9.691625,0,24863834112,101742498841,0,1,0,1,85,0,85
3,4481938261,1000,9.708665,0,29393682432,101742498841,0,1,0,1,85,0,86
3,4427763732,1000,9.719865,98304,33621049344,101742498841,0,1,0,1,86,0,86
6,4434399557,1000,9.774600,98304,37848907776,101742498841,1,1,1,1,86,0,86
err,hipFuncGetAttribute is missing from HIP shared library.


hashcat arguments,hashcat.exe -a 1 --runtime 15 -m 21200 e69b7a7fe1bf2ad9ef116f79551ee919:baa038987e582431a6d ..\bachelors-thesis-main\dictionaries\English.dic ..\bachelors-thesis-main\dictionaries\English2.dic --machine-readable --status --status-timer=1 --quiet