STATUS,SPEED,MILISECONDS,EXEC_RUNTIME,CURKU,PROGRESS,PROGRESS_ALL,RECHASH,RECHASH,RECSALT,RECSALT,TEMP,REJECTED,UTIL
3,131,1000,3.480107,0,0,101742498841,0,1,0,1,72,0,89
3,130,1000,3.551157,0,0,101742498841,0,1,0,1,73,0,89
3,130,1000,3.509940,0,0,101742498841,0,1,0,1,74,0,90
3,130,1000,3.512012,0,0,101742498841,0,1,0,1,75,0,90
3,130,1000,3.512706,0,0,101742498841,0,1,0,1,76,0,89
3,130,1000,3.511779,0,0,101742498841,0,1,0,1,77,0,89
3,130,1000,3.522045,0,0,101742498841,0,1,0,1,77,0,90
3,130,1000,3.531464,0,0,101742498841,0,1,0,1,78,0,89
3,130,1000,3.532669,0,0,101742498841,0,1,0,1,79,0,90
3,130,1000,3.537066,0,0,101742498841,0,1,0,1,79,0,90
3,130,1000,3.572877,0,0,101742498841,0,1,0,1,80,0,88
11,130,1000,3.538584,0,0,101742498841,0,1,0,1,81,0,91
11,130,1000,3.539088,0,0,101742498841,0,1,0,1,81,0,91
err,hipFuncGetAttribute is missing from HIP shared library.


hashcat arguments,hashcat.exe -a 1 --runtime 15 -m 13731 ..\bachelors-thesis-main\hash-files\hashcat_whirlpool_twofish_13731.vc ..\bachelors-thesis-main\dictionaries\English.dic ..\bachelors-thesis-main\dictionaries\English2.dic --machine-readable --status --status-timer=1 --quiet