STATUS,SPEED,MILISECONDS,EXEC_RUNTIME,CURKU,PROGRESS,PROGRESS_ALL,RECHASH,RECHASH,RECSALT,RECSALT,TEMP,REJECTED,UTIL
3,58,1000,3.901763,0,0,101742498841,0,1,0,1,79,0,90
3,59,1000,3.912334,0,0,101742498841,0,1,0,1,80,0,90
3,58,1000,3.925165,0,0,101742498841,0,1,0,1,81,0,89
3,59,1000,3.911445,0,0,101742498841,0,1,0,1,81,0,91
3,59,1000,3.936230,0,0,101742498841,0,1,0,1,82,0,91
3,58,1000,3.925780,0,0,101742498841,0,1,0,1,82,0,90
3,58,1000,3.966438,0,0,101742498841,0,1,0,1,83,0,91
3,58,1000,4.027771,0,0,101742498841,0,1,0,1,83,0,91
3,58,1000,4.092093,0,0,101742498841,0,1,0,1,84,0,91
3,58,1000,4.165085,0,0,101742498841,0,1,0,1,84,0,90
3,58,1000,4.141435,0,0,101742498841,0,1,0,1,84,0,92
11,58,1000,4.159738,0,0,101742498841,0,1,0,1,85,0,91
11,58,1000,4.159698,0,0,101742498841,0,1,0,1,85,0,91
err,hipFuncGetAttribute is missing from HIP shared library.


hashcat arguments,hashcat.exe -a 1 --runtime 15 -m 13771 ..\bachelors-thesis-main\hash-files\hashcat_streebog512_aes_13771.vc ..\bachelors-thesis-main\dictionaries\English.dic ..\bachelors-thesis-main\dictionaries\English2.dic --machine-readable --status --status-timer=1 --quiet