STATUS,SPEED,MILISECONDS,EXEC_RUNTIME,CURKU,PROGRESS,PROGRESS_ALL,RECHASH,RECHASH,RECSALT,RECSALT,TEMP,REJECTED,UTIL
3,25931,1000,10.885978,0,0,101742498841,0,1,0,1,90,0,96
3,25398,1000,10.950559,0,98304,101742498841,0,1,0,1,89,0,96
3,25398,1000,11.027447,0,98304,101742498841,0,1,0,1,90,0,96
3,25398,1000,10.930339,0,98304,101742498841,0,1,0,1,90,0,96
3,25398,1000,10.917011,0,98304,101742498841,0,1,0,1,90,0,96
3,25322,1000,11.048452,0,196608,101742498841,0,1,0,1,90,0,96
3,25322,1000,11.096942,0,196608,101742498841,0,1,0,1,90,0,96
3,25322,1000,10.902475,0,196608,101742498841,0,1,0,1,90,0,96
7,25322,1000,10.930112,0,196608,101742498841,0,1,0,1,91,0,96
7,25322,1000,10.930136,0,196608,101742498841,0,1,0,1,91,0,89
err,hipFuncGetAttribute is missing from HIP shared library.


hashcat arguments,hashcat.exe -a 1 --runtime 15 -m 6233 ..\bachelors-thesis-main\hash-files\hashcat_whirlpool_aes-twofish-serpent.tc ..\bachelors-thesis-main\dictionaries\English.dic ..\bachelors-thesis-main\dictionaries\English2.dic --machine-readable --status --status-timer=1 --quiet