STATUS,SPEED,MILISECONDS,EXEC_RUNTIME,CURKU,PROGRESS,PROGRESS_ALL,RECHASH,RECHASH,RECSALT,RECSALT,TEMP,REJECTED,UTIL
3,5251915146,1000,1.217461,39872,18372818240,101742498841,0,1,0,1,84,0,62
3,5286524559,1000,1.231279,39872,23894930752,101742498841,0,1,0,1,84,0,66
3,5222613358,1000,1.241731,79744,28967725696,101742498841,0,1,0,1,84,0,66
3,5245153245,1000,1.242752,79744,34428594816,101742498841,0,1,0,1,85,0,65
3,5198056059,1000,1.242289,119616,39429939136,101742498841,0,1,0,1,85,0,67
6,5197675323,1000,1.253126,119616,40777293760,101742498841,1,1,1,1,85,0,65
err,hipFuncGetAttribute is missing from HIP shared library.


hashcat arguments,hashcat.exe -a 1 --runtime 15 -m 16100 $tacacs-plus$0$5fde8e68$4e13e8fb33df$c006 ..\bachelors-thesis-main\dictionaries\English.dic ..\bachelors-thesis-main\dictionaries\English2.dic --machine-readable --status --status-timer=1 --quiet