STATUS,SPEED,MILISECONDS,EXEC_RUNTIME,CURKU,PROGRESS,PROGRESS_ALL,RECHASH,RECHASH,RECSALT,RECSALT,TEMP,REJECTED,UTIL
3,70512,1000,9.287974,0,196608,101742498841,0,1,0,1,82,0,95
3,70266,1000,9.298693,0,294912,101742498841,0,1,0,1,82,0,94
3,70266,1000,9.306288,0,294912,101742498841,0,1,0,1,83,0,95
3,70191,1000,9.316531,0,393216,101742498841,0,1,0,1,83,0,95
3,70043,1000,9.358896,0,491520,101742498841,0,1,0,1,83,0,95
3,69958,1000,9.367904,0,589824,101742498841,0,1,0,1,84,0,94
3,69958,1000,9.359928,0,589824,101742498841,0,1,0,1,84,0,95
3,69883,1000,9.397285,0,688128,101742498841,0,1,0,1,85,0,95
3,69812,1000,9.405720,0,786432,101742498841,0,1,0,1,85,0,94
3,69812,1000,9.449413,0,786432,101742498841,0,1,0,1,85,0,95
3,69737,1000,9.430016,0,884736,101742498841,0,1,0,1,85,0,95
11,69670,1000,9.424230,0,983040,101742498841,0,1,0,1,86,0,95
11,69670,1000,9.424278,0,983040,101742498841,0,1,0,1,86,0,95
err,hipFuncGetAttribute is missing from HIP shared library.


hashcat arguments,hashcat.exe -a 1 --runtime 15 -m 21500 $solarwinds$0$admin$fj4EBQewCQUZ7IYHl0qL8uj9kQSBb3m7N4u0crkKK0Uj9rbbAnSrBZMXO7oWx9KqL3sCzwncvPZ9hyDV9QCFTg== ..\bachelors-thesis-main\dictionaries\English.dic ..\bachelors-thesis-main\dictionaries\English2.dic --machine-readable --status --status-timer=1 --quiet