STATUS,SPEED,MILISECONDS,EXEC_RUNTIME,CURKU,PROGRESS,PROGRESS_ALL,RECHASH,RECHASH,RECSALT,RECSALT,TEMP,REJECTED,UTIL
3,651,1000,4.378093,0,0,101742498841,0,1,0,1,84,0,92
3,651,1000,4.381254,0,0,101742498841,0,1,0,1,85,0,91
3,650,1000,4.382700,0,0,101742498841,0,1,0,1,85,0,91
3,650,1000,4.386904,0,0,101742498841,0,1,0,1,85,0,91
3,649,1000,4.405037,0,0,101742498841,0,1,0,1,86,0,91
3,649,1000,4.400466,0,0,101742498841,0,1,0,1,86,0,91
3,648,1000,4.419474,0,0,101742498841,0,1,0,1,86,0,92
3,648,1000,4.430325,0,0,101742498841,0,1,0,1,86,0,93
3,648,1000,4.424141,0,0,101742498841,0,1,0,1,87,0,91
3,647,1000,4.429051,0,0,101742498841,0,1,0,1,87,0,91
3,647,1000,4.429800,0,0,101742498841,0,1,0,1,87,0,92
11,647,1000,4.435757,0,0,101742498841,0,1,0,1,88,0,95
11,647,1000,4.435764,0,0,101742498841,0,1,0,1,88,0,95
err,hipFuncGetAttribute is missing from HIP shared library.


hashcat arguments,hashcat.exe -a 1 --runtime 15 -m 13712 ..\bachelors-thesis-main\hash-files\hashcat_ripemd160_serpent-aes_13712.vc ..\bachelors-thesis-main\dictionaries\English.dic ..\bachelors-thesis-main\dictionaries\English2.dic --machine-readable --status --status-timer=1 --quiet