STATUS,SPEED,MILISECONDS,EXEC_RUNTIME,CURKU,PROGRESS,PROGRESS_ALL,RECHASH,RECHASH,RECSALT,RECSALT,TEMP,REJECTED,UTIL
3,64,1000,3.563395,0,0,101742498841,0,1,0,1,79,0,89
3,64,1000,3.536796,0,0,101742498841,0,1,0,1,80,0,89
3,64,1000,3.547159,0,0,101742498841,0,1,0,1,80,0,90
3,64,1000,3.558160,0,0,101742498841,0,1,0,1,81,0,90
3,64,1000,3.552449,0,0,101742498841,0,1,0,1,82,0,90
3,64,1000,3.551922,0,0,101742498841,0,1,0,1,82,0,89
3,64,1000,3.578186,0,0,101742498841,0,1,0,1,83,0,89
3,64,1000,3.611429,0,0,101742498841,0,1,0,1,83,0,90
3,64,1000,3.676400,0,0,101742498841,0,1,0,1,83,0,90
3,63,1000,3.728803,0,0,101742498841,0,1,0,1,84,0,90
3,63,1000,3.756567,0,0,101742498841,0,1,0,1,84,0,90
11,63,1000,3.761982,0,0,101742498841,0,1,0,1,85,0,90
11,63,1000,3.762674,0,0,101742498841,0,1,0,1,85,0,90
err,hipFuncGetAttribute is missing from HIP shared library.


hashcat arguments,hashcat.exe -a 1 --runtime 15 -m 13732 ..\bachelors-thesis-main\hash-files\hashcat_whirlpool_aes-twofish_13732.vc ..\bachelors-thesis-main\dictionaries\English.dic ..\bachelors-thesis-main\dictionaries\English2.dic --machine-readable --status --status-timer=1 --quiet