STATUS,SPEED,MILISECONDS,EXEC_RUNTIME,CURKU,PROGRESS,PROGRESS_ALL,RECHASH,RECHASH,RECSALT,RECSALT,TEMP,REJECTED,UTIL
3,29,1000,3.761156,0,0,101742498841,0,1,0,1,78,0,90
3,29,1000,3.782751,0,0,101742498841,0,1,0,1,79,0,90
3,29,1000,3.771418,0,0,101742498841,0,1,0,1,80,0,90
3,29,1000,3.787517,0,0,101742498841,0,1,0,1,80,0,90
3,29,1000,3.776231,0,0,101742498841,0,1,0,1,81,0,90
3,29,1000,3.780602,0,0,101742498841,0,1,0,1,82,0,90
3,29,1000,3.802295,0,0,101742498841,0,1,0,1,82,0,90
3,29,1000,3.796952,0,0,101742498841,0,1,0,1,83,0,90
3,29,1000,3.900955,0,0,101742498841,0,1,0,1,83,0,92
3,29,1000,3.917827,0,0,101742498841,0,1,0,1,83,0,90
3,29,1000,4.006635,0,0,101742498841,0,1,0,1,84,0,91
11,29,1000,4.024083,0,0,101742498841,0,1,0,1,84,0,91
11,29,1000,4.022387,0,0,101742498841,0,1,0,1,84,0,91
err,hipFuncGetAttribute is missing from HIP shared library.


hashcat arguments,hashcat.exe -a 1 --runtime 15 -m 13772 ..\bachelors-thesis-main\hash-files\hashcat_streebog512_aes-twofish_13772.vc ..\bachelors-thesis-main\dictionaries\English.dic ..\bachelors-thesis-main\dictionaries\English2.dic --machine-readable --status --status-timer=1 --quiet