STATUS,SPEED,MILISECONDS,EXEC_RUNTIME,CURKU,PROGRESS,PROGRESS_ALL,RECHASH,RECHASH,RECSALT,RECSALT,TEMP,REJECTED,UTIL
3,14606,1000,10.876845,0,0,101742498841,0,1,0,1,72,0,96
3,14589,1000,10.900086,0,0,101742498841,0,1,0,1,73,0,96
3,14578,1000,10.921394,0,0,101742498841,0,1,0,1,74,0,96
3,14562,1000,10.937650,0,0,101742498841,0,1,0,1,75,0,96
3,14547,1000,10.961903,0,0,101742498841,0,1,0,1,76,0,96
3,14530,1000,10.996035,0,0,101742498841,0,1,0,1,77,0,96
3,14514,1000,11.045803,0,0,101742498841,0,1,0,1,77,0,96
3,14499,1000,11.063330,0,0,101742498841,0,1,0,1,78,0,96
3,14481,1000,11.085737,0,0,101742498841,0,1,0,1,79,0,96
3,14464,1000,11.107472,0,0,101742498841,0,1,0,1,80,0,96
11,14453,1000,11.072200,0,0,101742498841,0,1,0,1,80,0,100
11,14453,1000,11.072200,0,0,101742498841,0,1,0,1,80,0,100
err,hipFuncGetAttribute is missing from HIP shared library.


hashcat arguments,hashcat.exe -a 1 --runtime 15 -m 29512 ..\bachelors-thesis-main\hash-files\hashcat_luks_sha1_serpent_cbc-plain64_256.txt ..\bachelors-thesis-main\dictionaries\English.dic ..\bachelors-thesis-main\dictionaries\English2.dic --machine-readable --status --status-timer=1 --quiet