STATUS,SPEED,MILISECONDS,EXEC_RUNTIME,CURKU,PROGRESS,PROGRESS_ALL,RECHASH,RECHASH,RECSALT,RECSALT,TEMP,REJECTED,UTIL
3,37422,1000,7.281553,0,98304,101742498841,0,1,0,1,89,0,94
3,37422,1000,7.252474,0,98304,101742498841,0,1,0,1,90,0,94
3,37422,1000,7.272987,0,98304,101742498841,0,1,0,1,90,0,94
3,37393,1000,7.243466,0,196608,101742498841,0,1,0,1,90,0,94
3,37393,1000,7.269091,0,196608,101742498841,0,1,0,1,90,0,94
3,37390,1000,7.416265,0,294912,101742498841,0,1,0,1,90,0,94
3,37390,1000,7.285334,0,294912,101742498841,0,1,0,1,90,0,94
7,37390,1000,7.277982,0,294912,101742498841,0,1,0,1,91,0,94
7,37390,1000,7.276790,0,294912,101742498841,0,1,0,1,91,0,94
err,hipFuncGetAttribute is missing from HIP shared library.


hashcat arguments,hashcat.exe -a 1 --runtime 15 -m 6232 ..\bachelors-thesis-main\hash-files\hashcat_whirlpool_serpent-aes.tc ..\bachelors-thesis-main\dictionaries\English.dic ..\bachelors-thesis-main\dictionaries\English2.dic --machine-readable --status --status-timer=1 --quiet