STATUS,SPEED,MILISECONDS,EXEC_RUNTIME,CURKU,PROGRESS,PROGRESS_ALL,RECHASH,RECHASH,RECSALT,RECSALT,TEMP,REJECTED,UTIL
3,1545454600,1000,7.294609,0,5486149632,101742498841,0,1,0,1,81,0,86
3,1540874583,1000,7.304801,0,7046430720,101742498841,0,1,0,1,81,0,86
3,1537504236,1000,7.319327,0,8619294720,101742498841,0,1,0,1,82,0,86
3,1534654008,1000,7.344029,0,10179575808,101742498841,0,1,0,1,82,0,86
3,1532279756,1000,7.343770,0,11714691072,101742498841,0,1,0,1,83,0,87
3,1530492990,1000,7.355146,0,13274972160,101742498841,0,1,0,1,83,0,86
3,1528070913,1000,7.365938,0,14822670336,101742498841,0,1,0,1,84,0,86
3,1526866629,1000,7.395196,0,16382951424,101742498841,0,1,0,1,84,0,89
3,1525112333,1000,7.399216,0,17918066688,101742498841,0,1,0,1,85,0,87
3,1523593418,1000,7.391480,0,19453181952,101742498841,0,1,0,1,85,0,87
3,1522783668,1000,7.403952,0,21000880128,101742498841,0,1,0,1,85,0,89
11,1521441323,1000,7.404201,0,22523412480,101742498841,0,1,0,1,86,0,86
11,1521441323,1000,7.403298,0,22523412480,101742498841,0,1,0,1,86,0,83
err,hipFuncGetAttribute is missing from HIP shared library.


hashcat arguments,hashcat.exe -a 1 --runtime 15 -m 28300 $teamspeak$3$E0aV0IQ29EDyxRfkFoQflUGJ6zo=$mRgDUkNpd0IwUEcTJQBmE0NHYwdDEhFzQ0VgMRcFJUIRYnaHBwNXRZJwk2ZUaURzdXkVYiUROERmI0hYYGFYCDiIJCeIU3N5EhRVcZFnSIRCJlkUFkY4YFMDcheYeTl4RYZEdpKGJYhxAIQJEYGYEA== ..\bachelors-thesis-main\dictionaries\English.dic ..\bachelors-thesis-main\dictionaries\English2.dic --machine-readable --status --status-timer=1 --quiet