STATUS,SPEED,MILISECONDS,EXEC_RUNTIME,CURKU,PROGRESS,PROGRESS_ALL,RECHASH,RECHASH,RECSALT,RECSALT,TEMP,REJECTED,UTIL
3,47,1000,3.013456,0,0,101742498841,0,1,0,1,79,0,88
3,48,1000,3.014049,0,0,101742498841,0,1,0,1,80,0,88
3,47,1000,3.016764,0,0,101742498841,0,1,0,1,80,0,88
3,48,1000,3.019603,0,0,101742498841,0,1,0,1,81,0,88
3,48,1000,3.043235,0,0,101742498841,0,1,0,1,81,0,88
3,48,1000,3.035392,0,0,101742498841,0,1,0,1,82,0,88
3,48,1000,3.040508,0,0,101742498841,0,1,0,1,82,0,88
3,47,1000,3.151566,0,0,101742498841,0,1,0,1,83,0,86
3,47,1000,3.128028,0,0,101742498841,0,1,0,1,83,0,89
3,47,1000,3.192116,0,0,101742498841,0,1,0,1,84,0,89
3,47,1000,3.218000,0,0,101742498841,0,1,0,1,84,0,89
11,47,1000,3.250990,0,0,101742498841,0,1,0,1,84,0,87
11,47,1000,3.249453,0,0,101742498841,0,1,0,1,84,0,87
err,hipFuncGetAttribute is missing from HIP shared library.


hashcat arguments,hashcat.exe -a 1 --runtime 15 -m 13783 ..\bachelors-thesis-main\hash-files\hashcat_streebog512_serpent-twofish-aes_boot_13783.vc ..\bachelors-thesis-main\dictionaries\English.dic ..\bachelors-thesis-main\dictionaries\English2.dic --machine-readable --status --status-timer=1 --quiet