STATUS,SPEED,MILISECONDS,EXEC_RUNTIME,CURKU,PROGRESS,PROGRESS_ALL,RECHASH,RECHASH,RECSALT,RECSALT,TEMP,REJECTED,UTIL
3,4252,1000,4.535856,0,0,101742498841,0,1,0,1,87,0,91
3,4252,1000,4.522429,0,0,101742498841,0,1,0,1,87,0,92
3,4251,1000,4.529368,0,0,101742498841,0,1,0,1,88,0,92
3,4250,1000,4.534123,0,0,101742498841,0,1,0,1,88,0,92
3,4247,1000,4.548715,0,0,101742498841,0,1,0,1,88,0,91
3,4242,1000,4.574460,0,0,101742498841,0,1,0,1,88,0,91
3,4236,1000,4.619001,0,0,101742498841,0,1,0,1,89,0,92
3,4230,1000,4.625917,0,0,101742498841,0,1,0,1,89,0,91
3,4222,1000,4.669520,0,0,101742498841,0,1,0,1,89,0,92
3,4214,1000,4.678961,0,0,101742498841,0,1,0,1,89,0,91
3,4205,1000,4.715318,0,0,101742498841,0,1,0,1,89,0,92
11,4195,1000,4.751283,0,0,101742498841,0,1,0,1,89,0,92
11,4195,1000,4.751955,0,0,101742498841,0,1,0,1,89,0,92
err,hipFuncGetAttribute is missing from HIP shared library.


hashcat arguments,hashcat.exe -a 1 --runtime 15 -m 13761 ..\bachelors-thesis-main\hash-files\hashcat_sha256_aes_boot_pim500.vc ..\bachelors-thesis-main\dictionaries\English.dic ..\bachelors-thesis-main\dictionaries\English2.dic --machine-readable --status --status-timer=1 --quiet