STATUS,SPEED,MILISECONDS,EXEC_RUNTIME,CURKU,PROGRESS,PROGRESS_ALL,RECHASH,RECHASH,RECSALT,RECSALT,TEMP,REJECTED,UTIL
3,847,1000,4.372023,0,0,101742498841,0,1,0,1,85,0,90
3,847,1000,4.388770,0,0,101742498841,0,1,0,1,86,0,91
3,846,1000,4.396560,0,0,101742498841,0,1,0,1,86,0,91
3,845,1000,4.397390,0,0,101742498841,0,1,0,1,86,0,91
3,845,1000,4.394000,0,0,101742498841,0,1,0,1,87,0,91
3,844,1000,4.411118,0,0,101742498841,0,1,0,1,87,0,91
3,844,1000,4.415077,0,0,101742498841,0,1,0,1,87,0,91
3,843,1000,4.426271,0,0,101742498841,0,1,0,1,87,0,91
3,843,1000,4.422541,0,0,101742498841,0,1,0,1,88,0,90
3,842,1000,4.436647,0,0,101742498841,0,1,0,1,88,0,91
3,842,1000,4.442226,0,0,101742498841,0,1,0,1,88,0,91
11,841,1000,4.439932,0,0,101742498841,0,1,0,1,88,0,91
11,841,1000,4.439786,0,0,101742498841,0,1,0,1,88,0,91
err,hipFuncGetAttribute is missing from HIP shared library.


hashcat arguments,hashcat.exe -a 1 --runtime 15 -m 13752 ..\bachelors-thesis-main\hash-files\hashcat_sha256_twofish-serpent_13752.vc ..\bachelors-thesis-main\dictionaries\English.dic ..\bachelors-thesis-main\dictionaries\English2.dic --machine-readable --status --status-timer=1 --quiet