STATUS,SPEED,MILISECONDS,EXEC_RUNTIME,CURKU,PROGRESS,PROGRESS_ALL,RECHASH,RECHASH,RECSALT,RECSALT,TEMP,REJECTED,UTIL
3,37378,1000,7.113209,0,98304,101742498841,0,1,0,1,90,0,93
3,37378,1000,7.303537,0,98304,101742498841,0,1,0,1,90,0,94
3,37531,1000,7.218664,0,196608,101742498841,0,1,0,1,90,0,95
3,37531,1000,7.300048,0,196608,101742498841,0,1,0,1,90,0,94
3,37531,1000,7.262756,0,196608,101742498841,0,1,0,1,90,0,94
3,37464,1000,7.324620,0,294912,101742498841,0,1,0,1,90,0,94
3,37464,1000,7.264388,0,294912,101742498841,0,1,0,1,90,0,94
3,37464,1000,7.286392,0,294912,101742498841,0,1,0,1,90,0,94
7,37416,1000,7.284103,0,393216,101742498841,0,1,0,1,91,0,94
7,37416,1000,7.284103,0,393216,101742498841,0,1,0,1,91,0,94
err,hipFuncGetAttribute is missing from HIP shared library.


hashcat arguments,hashcat.exe -a 1 --runtime 15 -m 6232 ..\bachelors-thesis-main\hash-files\hashcat_whirlpool_aes-twofish.tc ..\bachelors-thesis-main\dictionaries\English.dic ..\bachelors-thesis-main\dictionaries\English2.dic --machine-readable --status --status-timer=1 --quiet