STATUS,SPEED,MILISECONDS,EXEC_RUNTIME,CURKU,PROGRESS,PROGRESS_ALL,RECHASH,RECHASH,RECSALT,RECSALT,TEMP,REJECTED,UTIL
3,395,1000,4.770480,0,0,101742498841,0,1,0,1,82,0,92
3,394,1000,4.777089,0,0,101742498841,0,1,0,1,83,0,92
3,394,1000,4.785244,0,0,101742498841,0,1,0,1,83,0,92
3,393,1000,4.790619,0,0,101742498841,0,1,0,1,84,0,92
3,393,1000,4.800224,0,0,101742498841,0,1,0,1,84,0,92
3,393,1000,4.810859,0,0,101742498841,0,1,0,1,85,0,92
3,393,1000,4.814399,0,0,101742498841,0,1,0,1,85,0,92
3,392,1000,4.822775,0,0,101742498841,0,1,0,1,85,0,92
3,392,1000,4.817599,0,0,101742498841,0,1,0,1,86,0,92
3,392,1000,4.835418,0,0,101742498841,0,1,0,1,86,0,92
3,392,1000,4.835787,0,0,101742498841,0,1,0,1,86,0,92
11,392,1000,4.826279,0,0,101742498841,0,1,0,1,87,0,92
11,392,1000,4.826239,0,0,101742498841,0,1,0,1,87,0,92
err,hipFuncGetAttribute is missing from HIP shared library.


hashcat arguments,hashcat.exe -a 1 --runtime 15 -m 13723 ..\bachelors-thesis-main\hash-files\hashcat_sha512_serpent-twofish-aes_13723.vc ..\bachelors-thesis-main\dictionaries\English.dic ..\bachelors-thesis-main\dictionaries\English2.dic --machine-readable --status --status-timer=1 --quiet