STATUS,SPEED,MILISECONDS,EXEC_RUNTIME,CURKU,PROGRESS,PROGRESS_ALL,RECHASH,RECHASH,RECSALT,RECSALT,TEMP,REJECTED,UTIL
3,149,1000,4.021728,0,0,101742498841,0,1,0,1,78,0,91
3,149,1000,4.023798,0,0,101742498841,0,1,0,1,79,0,90
3,148,1000,4.031049,0,0,101742498841,0,1,0,1,80,0,90
3,148,1000,4.032801,0,0,101742498841,0,1,0,1,81,0,90
3,148,1000,4.036681,0,0,101742498841,0,1,0,1,81,0,90
3,148,1000,4.041464,0,0,101742498841,0,1,0,1,82,0,90
3,148,1000,4.044294,0,0,101742498841,0,1,0,1,82,0,91
3,148,1000,4.136914,0,0,101742498841,0,1,0,1,83,0,91
3,147,1000,4.173342,0,0,101742498841,0,1,0,1,83,0,91
3,147,1000,4.212570,0,0,101742498841,0,1,0,1,84,0,91
3,146,1000,4.277282,0,0,101742498841,0,1,0,1,84,0,91
11,146,1000,4.277741,0,0,101742498841,0,1,0,1,84,0,91
11,146,1000,4.277757,0,0,101742498841,0,1,0,1,84,0,91
err,hipFuncGetAttribute is missing from HIP shared library.


hashcat arguments,hashcat.exe -a 1 --runtime 15 -m 13781 ..\bachelors-thesis-main\hash-files\hashcat_streebog512_aes_boot_13781.vc ..\bachelors-thesis-main\dictionaries\English.dic ..\bachelors-thesis-main\dictionaries\English2.dic --machine-readable --status --status-timer=1 --quiet