STATUS,SPEED,MILISECONDS,EXEC_RUNTIME,CURKU,PROGRESS,PROGRESS_ALL,RECHASH,RECHASH,RECSALT,RECSALT,TEMP,REJECTED,UTIL
3,846,1000,4.383438,0,0,101742498841,0,1,0,1,85,0,91
3,846,1000,4.385019,0,0,101742498841,0,1,0,1,86,0,91
3,845,1000,4.398034,0,0,101742498841,0,1,0,1,86,0,91
3,845,1000,4.408060,0,0,101742498841,0,1,0,1,86,0,92
3,844,1000,4.416602,0,0,101742498841,0,1,0,1,87,0,91
3,844,1000,4.417511,0,0,101742498841,0,1,0,1,87,0,91
3,843,1000,4.426205,0,0,101742498841,0,1,0,1,87,0,91
3,843,1000,4.430224,0,0,101742498841,0,1,0,1,87,0,91
3,842,1000,4.441018,0,0,101742498841,0,1,0,1,88,0,91
3,841,1000,4.439321,0,0,101742498841,0,1,0,1,88,0,91
3,841,1000,4.427515,0,0,101742498841,0,1,0,1,88,0,91
11,841,1000,4.441247,0,0,101742498841,0,1,0,1,88,0,91
11,841,1000,4.441591,0,0,101742498841,0,1,0,1,88,0,87
err,hipFuncGetAttribute is missing from HIP shared library.


hashcat arguments,hashcat.exe -a 1 --runtime 15 -m 13752 ..\bachelors-thesis-main\hash-files\hashcat_sha256_aes-twofish_13752.vc ..\bachelors-thesis-main\dictionaries\English.dic ..\bachelors-thesis-main\dictionaries\English2.dic --machine-readable --status --status-timer=1 --quiet