STATUS,SPEED,MILISECONDS,EXEC_RUNTIME,CURKU,PROGRESS,PROGRESS_ALL,RECHASH,RECHASH,RECSALT,RECSALT,TEMP,REJECTED,UTIL
3,2133,1000,32.853719,0,7680,101742498841,0,1,0,1,78,0,99
3,2132,1000,32.826753,0,10752,101742498841,0,1,0,1,79,0,98
3,2134,1000,32.687781,0,12288,101742498841,0,1,0,1,80,0,99
3,2134,1000,32.663656,0,15360,101742498841,0,1,0,1,80,0,99
3,2134,1000,32.644965,0,16896,101742498841,0,1,0,1,81,0,99
3,2133,1000,32.659785,0,19968,101742498841,0,1,0,1,81,0,99
3,2133,1000,32.666162,0,21504,101742498841,0,1,0,1,82,0,99
3,2131,1000,32.787298,0,24576,101742498841,0,1,0,1,82,0,99
3,2130,1000,32.826505,0,26112,101742498841,0,1,0,1,83,0,99
3,2128,1000,32.895164,0,29184,101742498841,0,1,0,1,83,0,98
11,2127,1000,32.924515,0,30720,101742498841,0,1,0,1,84,0,99
11,2127,1000,32.929427,0,30720,101742498841,0,1,0,1,84,0,99
err,hipFuncGetAttribute is missing from HIP shared library.


hashcat arguments,hashcat.exe -a 1 --runtime 15 -m 28200 EXODUS:16384:8:1:IYkXZgFETRmFp4wQXyP8XMe3LtuOw8wMdLcBVQ+9YWE=:lq0W9ekN5sC0O7Xw:UD4a6mUUhkTbQtGWitXHZUg0pQ4RHI6W/KUyYE95m3k=:ZuNQckXOtr4r21x+DT1zpQ== ..\bachelors-thesis-main\dictionaries\English.dic ..\bachelors-thesis-main\dictionaries\English2.dic --machine-readable --status --status-timer=1 --quiet