STATUS,SPEED,MILISECONDS,EXEC_RUNTIME,CURKU,PROGRESS,PROGRESS_ALL,RECHASH,RECHASH,RECSALT,RECSALT,TEMP,REJECTED,UTIL
3,569,1000,3.197009,0,0,101742498841,0,1,0,1,85,0,89
3,568,1000,3.198803,0,0,101742498841,0,1,0,1,85,0,88
3,568,1000,3.205020,0,0,101742498841,0,1,0,1,86,0,89
3,568,1000,3.210416,0,0,101742498841,0,1,0,1,86,0,89
3,567,1000,3.208677,0,0,101742498841,0,1,0,1,86,0,88
3,567,1000,3.213605,0,0,101742498841,0,1,0,1,86,0,89
3,567,1000,3.219496,0,0,101742498841,0,1,0,1,87,0,90
3,567,1000,3.224868,0,0,101742498841,0,1,0,1,87,0,89
3,566,1000,3.218620,0,0,101742498841,0,1,0,1,87,0,89
3,566,1000,3.238378,0,0,101742498841,0,1,0,1,88,0,89
11,565,1000,3.265806,0,0,101742498841,0,1,0,1,88,0,91
11,565,1000,3.265806,0,0,101742498841,0,1,0,1,88,0,91
err,hipFuncGetAttribute is missing from HIP shared library.


hashcat arguments,hashcat.exe -a 1 --runtime 15 -m 13722 ..\bachelors-thesis-main\hash-files\hashcat_sha512_aes-twofish_13722.vc ..\bachelors-thesis-main\dictionaries\English.dic ..\bachelors-thesis-main\dictionaries\English2.dic --machine-readable --status --status-timer=1 --quiet