STATUS,SPEED,MILISECONDS,EXEC_RUNTIME,CURKU,PROGRESS,PROGRESS_ALL,RECHASH,RECHASH,RECSALT,RECSALT,TEMP,REJECTED,UTIL
3,9577,1000,6.677090,0,0,101742498841,0,1,0,1,71,0,93
3,9567,1000,6.694945,0,0,101742498841,0,1,0,1,72,0,94
3,9552,1000,6.705109,0,0,101742498841,0,1,0,1,73,0,93
3,9538,1000,6.728808,0,0,101742498841,0,1,0,1,74,0,93
3,9527,1000,6.723656,0,0,101742498841,0,1,0,1,74,0,93
3,9518,1000,6.741959,0,0,101742498841,0,1,0,1,75,0,93
3,9507,1000,6.764505,0,0,101742498841,0,1,0,1,76,0,93
3,9497,1000,6.777743,0,0,101742498841,0,1,0,1,77,0,93
3,9487,1000,6.791229,0,0,101742498841,0,1,0,1,78,0,93
3,9477,1000,6.809621,0,0,101742498841,0,1,0,1,78,0,93
3,9467,1000,6.819961,0,0,101742498841,0,1,0,1,79,0,93
11,9457,1000,6.833662,0,0,101742498841,0,1,0,1,79,0,100
11,9457,1000,6.833662,0,0,101742498841,0,1,0,1,79,0,100
err,hipFuncGetAttribute is missing from HIP shared library.


hashcat arguments,hashcat.exe -a 1 --runtime 15 -m 29522 ..\bachelors-thesis-main\hash-files\hashcat_luks_sha256_serpent_xts-plain64_512.txt ..\bachelors-thesis-main\dictionaries\English.dic ..\bachelors-thesis-main\dictionaries\English2.dic --machine-readable --status --status-timer=1 --quiet