STATUS,SPEED,MILISECONDS,EXEC_RUNTIME,CURKU,PROGRESS,PROGRESS_ALL,RECHASH,RECHASH,RECSALT,RECSALT,TEMP,REJECTED,UTIL
3,9459,1000,8.823481,0,0,101742498841,0,1,0,1,73,0,95
3,9450,1000,8.845913,0,0,101742498841,0,1,0,1,74,0,95
3,9439,1000,8.861365,0,0,101742498841,0,1,0,1,74,0,95
3,9430,1000,8.884555,0,0,101742498841,0,1,0,1,75,0,95
3,9420,1000,8.895677,0,0,101742498841,0,1,0,1,76,0,95
3,9409,1000,8.930363,0,0,101742498841,0,1,0,1,77,0,95
3,9397,1000,8.954416,0,0,101742498841,0,1,0,1,78,0,95
3,9386,1000,8.974551,0,0,101742498841,0,1,0,1,78,0,95
3,9375,1000,8.986607,0,0,101742498841,0,1,0,1,79,0,95
3,9365,1000,8.999990,0,0,101742498841,0,1,0,1,80,0,95
3,9357,1000,9.014422,0,0,101742498841,0,1,0,1,80,0,95
11,9348,1000,9.035456,0,0,101742498841,0,1,0,1,81,0,100
11,9348,1000,9.035464,0,0,101742498841,0,1,0,1,81,0,100
err,hipFuncGetAttribute is missing from HIP shared library.


hashcat arguments,hashcat.exe -a 1 --runtime 15 -m 29531 ..\bachelors-thesis-main\hash-files\hashcat_luks_sha512_aes_cbc-plain64_256.txt ..\bachelors-thesis-main\dictionaries\English.dic ..\bachelors-thesis-main\dictionaries\English2.dic --machine-readable --status --status-timer=1 --quiet