STATUS,SPEED,MILISECONDS,EXEC_RUNTIME,CURKU,PROGRESS,PROGRESS_ALL,RECHASH,RECHASH,RECSALT,RECSALT,TEMP,REJECTED,UTIL
3,64,1000,3.535345,0,0,101742498841,0,1,0,1,79,0,89
3,64,1000,3.539234,0,0,101742498841,0,1,0,1,79,0,89
3,64,1000,3.545048,0,0,101742498841,0,1,0,1,80,0,89
3,64,1000,3.548220,0,0,101742498841,0,1,0,1,81,0,90
3,64,1000,3.550154,0,0,101742498841,0,1,0,1,82,0,90
3,64,1000,3.553216,0,0,101742498841,0,1,0,1,82,0,90
3,64,1000,3.554689,0,0,101742498841,0,1,0,1,83,0,90
3,64,1000,3.591961,0,0,101742498841,0,1,0,1,83,0,90
3,64,1000,3.650087,0,0,101742498841,0,1,0,1,83,0,90
3,64,1000,3.758332,0,0,101742498841,0,1,0,1,84,0,90
3,63,1000,3.764387,0,0,101742498841,0,1,0,1,84,0,90
11,63,1000,3.730453,0,0,101742498841,0,1,0,1,85,0,90
11,63,1000,3.731759,0,0,101742498841,0,1,0,1,85,0,90
err,hipFuncGetAttribute is missing from HIP shared library.


hashcat arguments,hashcat.exe -a 1 --runtime 15 -m 13732 ..\bachelors-thesis-main\hash-files\hashcat_whirlpool_serpent-aes_13732.vc ..\bachelors-thesis-main\dictionaries\English.dic ..\bachelors-thesis-main\dictionaries\English2.dic --machine-readable --status --status-timer=1 --quiet