STATUS,SPEED,MILISECONDS,EXEC_RUNTIME,CURKU,PROGRESS,PROGRESS_ALL,RECHASH,RECHASH,RECSALT,RECSALT,TEMP,REJECTED,UTIL
3,561337,1000,8.687405,0,1867776,101742498841,0,1,0,1,90,0,94
3,560889,1000,8.696128,0,2457600,101742498841,0,1,0,1,90,0,95
3,560699,1000,8.677128,0,3047424,101742498841,0,1,0,1,90,0,95
3,559962,1000,8.651111,0,3637248,101742498841,0,1,0,1,90,0,95
3,560000,1000,8.600983,0,4227072,101742498841,0,1,0,1,90,0,95
3,559471,1000,8.638935,0,4816896,101742498841,0,1,0,1,90,0,95
3,559627,1000,8.628339,0,5308416,101742498841,0,1,0,1,90,0,94
3,559272,1000,8.713622,0,5898240,101742498841,0,1,0,1,90,0,95
3,559072,1000,8.700777,0,6488064,101742498841,0,1,0,1,90,0,95
7,559086,1000,8.685992,0,7077888,101742498841,0,1,0,1,91,0,94
7,559086,1000,8.686720,0,7077888,101742498841,0,1,0,1,91,0,94
err,hipFuncGetAttribute is missing from HIP shared library.


hashcat arguments,hashcat.exe -a 1 --runtime 15 -m 6221 ..\bachelors-thesis-main\hash-files\hashcat_sha512_serpent.tc ..\bachelors-thesis-main\dictionaries\English.dic ..\bachelors-thesis-main\dictionaries\English2.dic --machine-readable --status --status-timer=1 --quiet