STATUS,SPEED,MILISECONDS,EXEC_RUNTIME,CURKU,PROGRESS,PROGRESS_ALL,RECHASH,RECHASH,RECSALT,RECSALT,TEMP,REJECTED,UTIL
3,3071178831,1000,7.320837,0,10972299264,101742498841,0,1,0,1,76,0,86
6,3066244429,1000,7.327385,0,12910067712,101742498841,1,1,1,1,76,0,82
err,hipFuncGetAttribute is missing from HIP shared library.


hashcat arguments,hashcat.exe -a 1 --runtime 15 -m 4410 bc8319c0220bff8a0d7f5d703114a725:34659348756345251 ..\bachelors-thesis-main\dictionaries\English.dic ..\bachelors-thesis-main\dictionaries\English2.dic --machine-readable --status --status-timer=1 --quiet