STATUS,SPEED,MILISECONDS,EXEC_RUNTIME,CURKU,PROGRESS,PROGRESS_ALL,RECHASH,RECHASH,RECSALT,RECSALT,TEMP,REJECTED,UTIL
3,5142486415,1000,1.223616,39872,17831834944,101742498841,0,1,0,1,76,0,64
3,5210146247,1000,1.223337,39872,23343740224,101742498841,0,1,0,1,77,0,66
3,5165373090,1000,1.225404,79744,28467571328,101742498841,0,1,0,1,78,0,66
3,5205838609,1000,1.224502,79744,33979476608,101742498841,0,1,0,1,78,0,65
3,5168656557,1000,1.238117,119616,39021649856,101742498841,0,1,0,1,79,0,33
6,5161093588,1000,1.232094,119616,40777293760,101742498841,1,1,1,1,79,0,61
err,hipFuncGetAttribute is missing from HIP shared library.


hashcat arguments,hashcat.exe -a 1 --runtime 15 -m 10 01dfae6e5d4d90d9892622325959afbe:7050461 ..\bachelors-thesis-main\dictionaries\English.dic ..\bachelors-thesis-main\dictionaries\English2.dic --machine-readable --status --status-timer=1 --quiet