STATUS,SPEED,MILISECONDS,EXEC_RUNTIME,CURKU,PROGRESS,PROGRESS_ALL,RECHASH,RECHASH,RECSALT,RECSALT,TEMP,REJECTED,UTIL
3,25917,1000,9.264670,0,0,101742498841,0,1,0,1,85,0,95
3,25917,1000,9.245466,0,98304,101742498841,0,1,0,1,86,0,95
3,25917,1000,9.289879,0,98304,101742498841,0,1,0,1,86,0,95
3,25917,1000,9.289707,0,98304,101742498841,0,1,0,1,86,0,95
3,25826,1000,9.284693,0,196608,101742498841,0,1,0,1,87,0,94
3,25826,1000,9.289557,0,196608,101742498841,0,1,0,1,87,0,95
3,25826,1000,9.346956,0,196608,101742498841,0,1,0,1,87,0,95
3,25826,1000,9.358625,0,196608,101742498841,0,1,0,1,88,0,95
3,25753,1000,9.345451,0,294912,101742498841,0,1,0,1,88,0,95
3,25753,1000,9.400114,0,294912,101742498841,0,1,0,1,88,0,95
3,25753,1000,9.395410,0,294912,101742498841,0,1,0,1,88,0,95
11,25753,1000,9.401028,0,294912,101742498841,0,1,0,1,89,0,95
11,25753,1000,9.401036,0,294912,101742498841,0,1,0,1,89,0,95
err,hipFuncGetAttribute is missing from HIP shared library.


hashcat arguments,hashcat.exe -a 1 --runtime 15 -m 20200 $pbkdf2-sha512$25000$LyWE0HrP2RsjZCxlDGFMKQ$1vC5Ohk2mCS9b6akqsEfgeb4l74SF8XjH.SljXf3dMLHdlY1GK9ojcCKts6/asR4aPqBmk74nCDddU3tvSCJvw ..\bachelors-thesis-main\dictionaries\English.dic ..\bachelors-thesis-main\dictionaries\English2.dic --machine-readable --status --status-timer=1 --quiet