STATUS,SPEED,MILISECONDS,EXEC_RUNTIME,CURKU,PROGRESS,PROGRESS_ALL,RECHASH,RECHASH,RECSALT,RECSALT,TEMP,REJECTED,UTIL
3,5512991265,1000,0.570995,39872,19230225728,101742498841,0,1,0,1,82,0,64
3,5740382532,1000,0.598341,39872,25012622656,101742498841,0,1,0,1,82,0,64
3,5454386639,1000,0.580966,79744,30396738176,101742498841,0,1,0,1,83,0,64
3,5515016258,1000,0.587773,79744,36071959168,101742498841,0,1,0,1,83,0,64
6,5405192878,1000,0.584382,119616,40772190144,101742498841,1,1,1,1,83,0,61
err,hipFuncGetAttribute is missing from HIP shared library.


hashcat arguments,hashcat.exe -a 1 --runtime 15 -m 1000 b4b9b02e6f09a9bd760f388b67351e2b ..\bachelors-thesis-main\dictionaries\English.dic ..\bachelors-thesis-main\dictionaries\English2.dic --machine-readable --status --status-timer=1 --quiet