STATUS,SPEED,MILISECONDS,EXEC_RUNTIME,CURKU,PROGRESS,PROGRESS_ALL,RECHASH,RECHASH,RECSALT,RECSALT,TEMP,REJECTED,UTIL
3,11179655905,1000,0.488278,119616,39817813952,101742498841,0,1,0,1,87,0,31
6,11195715218,1000,0.487352,119616,40777293760,101742498841,1,1,1,1,87,0,31
err,hipFuncGetAttribute is missing from HIP shared library.


hashcat arguments,hashcat.exe -a 1 --runtime 15 -m 20500 f1eff5c0368d10311dcfc419 ..\bachelors-thesis-main\dictionaries\English.dic ..\bachelors-thesis-main\dictionaries\English2.dic --machine-readable --status --status-timer=1 --quiet