STATUS,SPEED,MILISECONDS,EXEC_RUNTIME,CURKU,PROGRESS,PROGRESS_ALL,RECHASH,RECHASH,RECSALT,RECSALT,TEMP,REJECTED,UTIL
3,209,1000,0.522342,0,700,1000,0,1,0,1,68,0,73
3,212,1000,0.522323,0,900,1000,0,1,0,1,68,0,73
5,213,1000,0.521895,100,1000,1000,0,1,0,1,68,0,40
err,hipFuncGetAttribute is missing from HIP shared library.


hashcat arguments,hashcat.exe -a 0 --runtime 20 -m 8200 ..\bachelors-thesis-main\hash-files\hashcat.cloudkeychain ..\bachelors-thesis-main\dictionaries-dict\test-dic1.dic -r ..\bachelors-thesis-main\rules\ruleset1.rule --machine-readable --status --status-timer=1 --quiet