STATUS,SPEED,MILISECONDS,EXEC_RUNTIME,CURKU,PROGRESS,PROGRESS_ALL,RECHASH,RECHASH,RECSALT,RECSALT,TEMP,REJECTED,UTIL
3,121,1000,0.480688,0,400,1000,0,1,0,1,64,0,71
3,121,1000,0.480604,0,500,1000,0,1,0,1,65,0,72
3,121,1000,0.480705,0,600,1000,0,1,0,1,65,0,72
3,121,1000,0.480816,0,700,1000,0,1,0,1,65,0,72
3,121,1000,0.480473,0,900,1000,0,1,0,1,66,0,72
5,121,1000,0.480139,100,1000,1000,0,1,0,1,65,0,72
err,hipFuncGetAttribute is missing from HIP shared library.


hashcat arguments,hashcat.exe -a 0 --runtime 20 -m 11300 $bitcoin$96$d011a1b6a8d675b7a36d0cd2efaca32a9f8dc1d57d6d01a58399ea04e703e8bbb44899039326f7a00f171a7bbc854a54$16$1563277210780230$158555$96$628835426818227243334570448571536352510740823233055715845322741625407685873076027233865346542174$66$625882875480513751851333441623702852811440775888122046360561760525 ..\bachelors-thesis-main\dictionaries-dict\test-dic1.dic -r ..\bachelors-thesis-main\rules\ruleset1.rule --machine-readable --status --status-timer=1 --quiet