STATUS,SPEED,MILISECONDS,EXEC_RUNTIME,CURKU,PROGRESS,PROGRESS_ALL,RECHASH,RECHASH,RECSALT,RECSALT,TEMP,REJECTED,UTIL
3,5860433694,1000,0.598707,0,20133512640,101742498841,0,1,0,1,83,0,65
3,5322495344,1000,0.576009,79743,25695985605,101742498841,0,1,0,1,81,0,57
6,5626387762,1000,0.600564,79743,30671948805,101742498841,1,1,1,1,83,0,70
err,hipFuncGetAttribute is missing from HIP shared library.


hashcat arguments,hashcat.exe -a 1 --runtime 15 -m 13500 b5e335754127b25ba6f99a94c738e24cd634c35a:aa07d396f5038a6cbeded88d78d1d6c907e4079b3dc2e12fddee409a51cc05ae73e8cc24d518c923a2f79e49376594503e6238b806bfe33fa8516f4903a9b4 ..\bachelors-thesis-main\dictionaries\English.dic ..\bachelors-thesis-main\dictionaries\English2.dic --machine-readable --status --status-timer=1 --quiet