STATUS,SPEED,MILISECONDS,EXEC_RUNTIME,CURKU,PROGRESS,PROGRESS_ALL,RECHASH,RECHASH,RECSALT,RECSALT,TEMP,REJECTED,UTIL
3,3785467117,1000,0.158471,39872,13295996224,101742498841,0,1,0,1,77,0,37
3,4278556390,1000,0.158065,39872,17607275840,101742498841,0,1,0,1,77,0,47
3,4318786625,1000,0.155666,59808,21616066528,101742498841,0,1,0,1,77,0,46
3,3971649382,1000,0.160873,79744,25594235520,101742498841,0,1,0,1,77,0,25
3,4274784032,1000,0.159119,79744,29895307904,101742498841,0,1,0,1,78,0,47
3,3735614837,1000,0.156567,99680,33884960032,101742498841,0,1,0,1,78,0,46
3,4317820220,1000,0.155061,119616,38154035136,101742498841,0,1,0,1,78,0,46
6,3778014733,1000,0.159789,119616,39463112640,101742498841,1,1,1,1,78,0,47
err,hipFuncGetAttribute is missing from HIP shared library.


hashcat arguments,hashcat.exe -a 1 --runtime 15 -m 3800 2e45c4b99396c6cb2db8bda0d3df669f:1234 ..\bachelors-thesis-main\dictionaries\English.dic ..\bachelors-thesis-main\dictionaries\English2.dic --machine-readable --status --status-timer=1 --quiet