STATUS,SPEED,MILISECONDS,EXEC_RUNTIME,CURKU,PROGRESS,PROGRESS_ALL,RECHASH,RECHASH,RECSALT,RECSALT,TEMP,REJECTED,UTIL
3,1780155285,1000,11.118051,0,6319767552,101742498841,0,1,0,1,82,0,91
3,1776666765,1000,11.146232,0,8125415424,101742498841,0,1,0,1,82,0,91
3,1774849553,1000,11.180899,0,9931063296,101742498841,0,1,0,1,82,0,91
6,1774030592,1000,11.168376,0,11027349504,101742498841,1,1,1,1,81,0,92
err,hipFuncGetAttribute is missing from HIP shared library.


hashcat arguments,hashcat.exe -a 1 --runtime 15 -m 10810 ca1c843a7a336234baf9db2e10bc38824ce523402fbd7741286b1602bdf6cb869a45289bb9fb706bd404b9f3842ff729:2746460797049820734631508 ..\bachelors-thesis-main\dictionaries\English.dic ..\bachelors-thesis-main\dictionaries\English2.dic --machine-readable --status --status-timer=1 --quiet