STATUS,SPEED,MILISECONDS,EXEC_RUNTIME,CURKU,PROGRESS,PROGRESS_ALL,RECHASH,RECHASH,RECSALT,RECSALT,TEMP,REJECTED,UTIL
3,563615,1000,0.206009,0,1993600,101742498841,0,1,0,1,78,0,76
3,560556,1000,0.205728,0,2551808,101742498841,0,1,0,1,79,0,69
3,555957,1000,0.204928,0,3090080,101742498841,0,1,0,1,79,0,69
3,552709,1000,0.204801,0,3638320,101742498841,0,1,0,1,80,0,69
3,550440,1000,0.205098,0,4186560,101742498841,0,1,0,1,80,0,69
3,548754,1000,0.205036,0,4724832,101742498841,0,1,0,1,81,0,69
3,547389,1000,0.205073,0,5273072,101742498841,0,1,0,1,81,0,69
3,550980,1000,0.206111,0,5871152,101742498841,0,1,0,1,82,0,76
3,553609,1000,0.207646,0,6459264,101742498841,0,1,0,1,82,0,76
3,553875,1000,0.207529,0,7027440,101742498841,0,1,0,1,82,0,76
3,555287,1000,0.206729,0,7605584,101742498841,0,1,0,1,83,0,76
11,557121,1000,0.207735,0,8203664,101742498841,0,1,0,1,83,0,76
11,557121,1000,0.207735,0,8203664,101742498841,0,1,0,1,83,0,76
err,hipFuncGetAttribute is missing from HIP shared library.


hashcat arguments,hashcat.exe -a 1 --runtime 15 -m 28600 SCRAM-SHA-256$4096:IKfxzJ8Nq4PkLJCfgKcPmA==$iRw3qwTp18uaBnsTOEExbtgWdKeBMbSSnZvqD4sdqLQ=:hPciC1CcnBna3szR8Mf3MVc8t0W7QPbIHoMMrh4zRV0= ..\bachelors-thesis-main\dictionaries\English.dic ..\bachelors-thesis-main\dictionaries\English2.dic --machine-readable --status --status-timer=1 --quiet