STATUS,SPEED,MILISECONDS,EXEC_RUNTIME,CURKU,PROGRESS,PROGRESS_ALL,RECHASH,RECHASH,RECSALT,RECSALT,TEMP,REJECTED,UTIL
3,971,1000,3.789399,0,0,101742498841,0,1,0,1,86,0,88
3,970,1000,3.797249,0,0,101742498841,0,1,0,1,86,0,88
3,969,1000,3.805357,0,0,101742498841,0,1,0,1,86,0,88
3,968,1000,3.813871,0,0,101742498841,0,1,0,1,86,0,87
3,967,1000,3.835980,0,0,101742498841,0,1,0,1,86,0,88
3,966,1000,3.832267,0,0,101742498841,0,1,0,1,86,0,88
3,965,1000,3.852467,0,0,101742498841,0,1,0,1,86,0,88
3,965,1000,3.848380,0,0,101742498841,0,1,0,1,86,0,88
3,964,1000,3.876598,0,0,101742498841,0,1,0,1,86,0,88
3,963,1000,3.865470,0,0,101742498841,0,1,0,1,86,0,88
3,962,1000,3.879807,0,0,101742498841,0,1,0,1,86,0,88
11,961,1000,3.899849,0,0,101742498841,0,1,0,1,86,0,88
11,961,1000,3.898305,0,0,101742498841,0,1,0,1,86,0,88
err,hipFuncGetAttribute is missing from HIP shared library.


hashcat arguments,hashcat.exe -a 1 --runtime 15 -m 13753 ..\bachelors-thesis-main\hash-files\hashcat_sha256_serpent-twofish-aes_13753.vc ..\bachelors-thesis-main\dictionaries\English.dic ..\bachelors-thesis-main\dictionaries\English2.dic --machine-readable --status --status-timer=1 --quiet