STATUS,SPEED,MILISECONDS,EXEC_RUNTIME,CURKU,PROGRESS,PROGRESS_ALL,RECHASH,RECHASH,RECSALT,RECSALT,TEMP,REJECTED,UTIL
3,1767553841,1000,11.223574,0,6233784320,101742498841,0,1,0,1,83,0,90
3,1763743435,1000,11.237253,0,8017936384,101742498841,0,1,0,1,83,0,91
3,1761946344,1000,11.246384,0,9802088448,101742498841,0,1,0,1,83,0,90
6,1760761148,1000,11.254430,0,11027349504,101742498841,1,1,1,1,84,0,91
err,hipFuncGetAttribute is missing from HIP shared library.


hashcat arguments,hashcat.exe -a 1 --runtime 15 -m 15000 632c4952b8d9adb2c0076c13b57f0c934c80bdc14fc1b4c341c2e0a8fd97c4528729c7bd7ed1268016fc44c3c222445ebb880eca9a6638ea5df74696883a2978:0608516311148050266404072407085605002866301131581532805665756363 ..\bachelors-thesis-main\dictionaries\English.dic ..\bachelors-thesis-main\dictionaries\English2.dic --machine-readable --status --status-timer=1 --quiet