STATUS,SPEED,MILISECONDS,EXEC_RUNTIME,CURKU,PROGRESS,PROGRESS_ALL,RECHASH,RECHASH,RECSALT,RECSALT,TEMP,REJECTED,UTIL
3,5626211678,1000,2.532088,0,19781367552,101742498841,0,1,0,1,84,0,65
3,5595437963,1000,2.531411,0,25354446336,101742498841,0,1,0,1,84,0,64
3,5491243491,1000,2.525764,79743,30498428037,101742498841,0,1,0,1,84,0,65
6,5495062344,1000,2.520977,79743,30682155909,101742498841,1,1,1,1,84,0,65
err,hipFuncGetAttribute is missing from HIP shared library.


hashcat arguments,hashcat.exe -a 1 --runtime 15 -m 11400 $sip$*192.168.100.100*192.168.100.121*username*asterisk*REGISTER*sip*192.168.100.121**2b01df0b****MD5*ad0520061ca07c120d7e8ce696a6df2d ..\bachelors-thesis-main\dictionaries\English.dic ..\bachelors-thesis-main\dictionaries\English2.dic --machine-readable --status --status-timer=1 --quiet