STATUS,SPEED,MILISECONDS,EXEC_RUNTIME,CURKU,PROGRESS,PROGRESS_ALL,RECHASH,RECHASH,RECSALT,RECSALT,TEMP,REJECTED,UTIL
3,116,1000,3.984025,0,0,101742498841,0,1,0,1,81,0,89
3,116,1000,3.978615,0,0,101742498841,0,1,0,1,82,0,89
3,116,1000,3.980019,0,0,101742498841,0,1,0,1,82,0,89
3,116,1000,3.985350,0,0,101742498841,0,1,0,1,82,0,88
3,116,1000,3.979422,0,0,101742498841,0,1,0,1,82,0,89
3,116,1000,3.982168,0,0,101742498841,0,1,0,1,82,0,88
3,116,1000,3.982543,0,0,101742498841,0,1,0,1,83,0,88
3,116,1000,3.977027,0,0,101742498841,0,1,0,1,83,0,90
3,116,1000,3.982300,0,0,101742498841,0,1,0,1,83,0,89
3,116,1000,4.001924,0,0,101742498841,0,1,0,1,83,0,89
3,116,1000,4.006564,0,0,101742498841,0,1,0,1,83,0,89
11,116,1000,4.018268,0,0,101742498841,0,1,0,1,83,0,89
11,116,1000,4.018129,0,0,101742498841,0,1,0,1,83,0,89
err,hipFuncGetAttribute is missing from HIP shared library.


hashcat arguments,hashcat.exe -a 1 --runtime 15 -m 13732 ..\bachelors-thesis-main\hash-files\hashcat_whirlpool_aes-twofish_13732.vc ..\bachelors-thesis-main\dictionaries\English.dic ..\bachelors-thesis-main\dictionaries\English2.dic --machine-readable --status --status-timer=1 --quiet