STATUS,SPEED,MILISECONDS,EXEC_RUNTIME,CURKU,PROGRESS,PROGRESS_ALL,RECHASH,RECHASH,RECSALT,RECSALT,TEMP,REJECTED,UTIL
3,2862847455,1000,6.561570,0,10232004608,101742498841,0,1,0,1,84,0,86
3,0,0,29,6,0,0,0,2,0,3,5,4,4
6,2862494480,1000,6.561937,0,11027349504,101742498841,1,1,1,1,84,0,84
err,hipFuncGetAttribute is missing from HIP shared library.


hashcat arguments,hashcat.exe -a 1 --runtime 15 -m 28300 $teamspeak$3$E0aV0IQ29EDyxRfkFoQflUGJ6zo=$mRgDUkNpd0IwUEcTJQBmE0NHYwdDEhFzQ0VgMRcFJUIRYnaHBwNXRZJwk2ZUaURzdXkVYiUROERmI0hYYGFYCDiIJCeIU3N5EhRVcZFnSIRCJlkUFkY4YFMDcheYeTl4RYZEdpKGJYhxAIQJEYGYEA== ..\bachelors-thesis-main\dictionaries\English.dic ..\bachelors-thesis-main\dictionaries\English2.dic --machine-readable --status --status-timer=1 --quiet