STATUS,SPEED,MILISECONDS,EXEC_RUNTIME,CURKU,PROGRESS,PROGRESS_ALL,RECHASH,RECHASH,RECSALT,RECSALT,TEMP,REJECTED,UTIL
6,4468750327,1000,8.533812,0,12195865028,101742498841,1,1,1,1,84,1147019716,86
err,hipFuncGetAttribute is missing from HIP shared library.


hashcat arguments,hashcat.exe -a 1 --runtime 15 -m 9720 $oldoffice$0*55045061647456688860411218030058*e7e24d163fbd743992d4b8892bf3f2f7*493410dbc832557d3fe1870ace8397e2:91b2e062b9 ..\bachelors-thesis-main\dictionaries\English.dic ..\bachelors-thesis-main\dictionaries\English2.dic --machine-readable --status --status-timer=1 --quiet