STATUS,SPEED,MILISECONDS,EXEC_RUNTIME,CURKU,PROGRESS,PROGRESS_ALL,RECHASH,RECHASH,RECSALT,RECSALT,TEMP,REJECTED,UTIL
3,2783584645,1000,6.783725,0,9995550720,101742498841,0,1,0,1,80,0,86
6,2782009554,1000,6.767351,0,11027349504,101742498841,1,1,1,1,80,0,86
err,hipFuncGetAttribute is missing from HIP shared library.


hashcat arguments,hashcat.exe -a 1 --runtime 15 -m 7800 USER$ABCAD719B17E7F794DF7E686E563E9E2D24DE1D0 ..\bachelors-thesis-main\dictionaries\English.dic ..\bachelors-thesis-main\dictionaries\English2.dic --machine-readable --status --status-timer=1 --quiet