STATUS,SPEED,MILISECONDS,EXEC_RUNTIME,CURKU,PROGRESS,PROGRESS_ALL,RECHASH,RECHASH,RECSALT,RECSALT,TEMP,REJECTED,UTIL
3,2195802564,1000,8.852247,0,7824474112,101742498841,0,1,0,1,83,0,89
3,2192534427,1000,8.863960,0,10038542336,101742498841,0,1,0,1,83,0,89
6,2190973978,1000,8.861516,0,11027349504,101742498841,1,1,1,1,83,0,84
err,hipFuncGetAttribute is missing from HIP shared library.


hashcat arguments,hashcat.exe -a 1 --runtime 15 -m 10820 63f63d7f82d4a4cb6b9ff37a6bc7c5ec39faaf9c9078551f5cbf7960e76ded87b643d37ac53c45bc544325e7ff83a1f2:93362 ..\bachelors-thesis-main\dictionaries\English.dic ..\bachelors-thesis-main\dictionaries\English2.dic --machine-readable --status --status-timer=1 --quiet