STATUS,SPEED,MILISECONDS,EXEC_RUNTIME,CURKU,PROGRESS,PROGRESS_ALL,RECHASH,RECHASH,RECSALT,RECSALT,TEMP,REJECTED,UTIL
3,1784869996,1000,11.083690,0,6319767552,101742498841,0,1,0,1,81,0,91
3,1781586946,1000,11.090977,0,8125415424,101742498841,0,1,0,1,81,0,90
3,1779559842,1000,11.125446,0,9952559104,101742498841,0,1,0,1,81,0,91
6,1777639471,1000,11.136917,0,11027349504,101742498841,1,1,1,1,81,0,84
err,hipFuncGetAttribute is missing from HIP shared library.


hashcat arguments,hashcat.exe -a 1 --runtime 15 -m 1710 e5c3ede3e49fb86592fb03f471c35ba13e8d89b8ab65142c9a8fdafb635fa2223c24e5558fd9313e8995019dcbec1fb584146b7bb12685c7765fc8c0d51379fd:6352283260 ..\bachelors-thesis-main\dictionaries\English.dic ..\bachelors-thesis-main\dictionaries\English2.dic --machine-readable --status --status-timer=1 --quiet