STATUS,SPEED,MILISECONDS,EXEC_RUNTIME,CURKU,PROGRESS,PROGRESS_ALL,RECHASH,RECHASH,RECSALT,RECSALT,TEMP,REJECTED,UTIL
3,5411820326,1000,2.668285,0,19070059278,101742498841,0,1,0,1,84,227745294,65
3,5371206142,1000,2.676258,0,24398167566,101742498841,0,1,0,1,83,227745294,66
3,5292729987,1000,2.679161,80457,29779782342,101742498841,0,1,0,1,84,567449409,73
6,5303446150,1000,2.670624,80457,31249605318,101742498841,1,1,1,1,84,567449409,70
err,hipFuncGetAttribute is missing from HIP shared library.


hashcat arguments,hashcat.exe -a 1 --runtime 15 -m 26401 e7a32f3210455cc044f26117c4612aab:86046627772965328523223752173724 ..\bachelors-thesis-main\dictionaries\English.dic ..\bachelors-thesis-main\dictionaries\English2.dic --machine-readable --status --status-timer=1 --quiet