STATUS,SPEED,MILISECONDS,EXEC_RUNTIME,CURKU,PROGRESS,PROGRESS_ALL,RECHASH,RECHASH,RECSALT,RECSALT,TEMP,REJECTED,UTIL
3,2213859020,1000,8.800445,0,7888961536,101742498841,0,1,0,1,81,0,89
3,2209353136,1000,8.819046,0,10124525568,101742498841,0,1,0,1,82,0,89
6,2208660089,1000,8.837282,0,11027349504,101742498841,1,1,1,1,82,0,91
err,hipFuncGetAttribute is missing from HIP shared library.


hashcat arguments,hashcat.exe -a 1 --runtime 15 -m 1720 976b451818634a1e2acba682da3fd6efa72adf8a7a08d7939550c244b237c72c7d42367544e826c0c83fe5c02f97c0373b6b1386cc794bf0d21d2df01bb9c08a:2613516180127 ..\bachelors-thesis-main\dictionaries\English.dic ..\bachelors-thesis-main\dictionaries\English2.dic --machine-readable --status --status-timer=1 --quiet