STATUS,SPEED,MILISECONDS,EXEC_RUNTIME,CURKU,PROGRESS,PROGRESS_ALL,RECHASH,RECHASH,RECSALT,RECSALT,TEMP,REJECTED,UTIL
3,3838,1000,31.060385,0,15744,101742498841,0,1,0,1,82,0,99
3,3841,1000,31.007001,0,18368,101742498841,0,1,0,1,82,0,98
3,3842,1000,30.843797,0,23616,101742498841,0,1,0,1,82,0,99
3,3842,1000,30.854072,0,26240,101742498841,0,1,0,1,83,0,98
3,3839,1000,30.875016,0,31488,101742498841,0,1,0,1,83,0,99
3,3840,1000,30.898976,0,34112,101742498841,0,1,0,1,83,0,98
3,3838,1000,30.937919,0,39360,101742498841,0,1,0,1,83,0,99
3,3839,1000,30.960825,0,41984,101742498841,0,1,0,1,83,0,98
3,3837,1000,30.985397,0,47232,101742498841,0,1,0,1,84,0,100
3,3836,1000,31.028946,0,49856,101742498841,0,1,0,1,84,0,98
11,3834,1000,31.072157,0,55104,101742498841,0,1,0,1,84,0,98
11,3834,1000,31.071383,0,55104,101742498841,0,1,0,1,84,0,98
err,hipFuncGetAttribute is missing from HIP shared library.


hashcat arguments,hashcat.exe -a 1 --runtime 15 -m 28200 EXODUS:16384:8:1:IYkXZgFETRmFp4wQXyP8XMe3LtuOw8wMdLcBVQ+9YWE=:lq0W9ekN5sC0O7Xw:UD4a6mUUhkTbQtGWitXHZUg0pQ4RHI6W/KUyYE95m3k=:ZuNQckXOtr4r21x+DT1zpQ== ..\bachelors-thesis-main\dictionaries\English.dic ..\bachelors-thesis-main\dictionaries\English2.dic --machine-readable --status --status-timer=1 --quiet