STATUS,SPEED,MILISECONDS,EXEC_RUNTIME,CURKU,PROGRESS,PROGRESS_ALL,RECHASH,RECHASH,RECSALT,RECSALT,TEMP,REJECTED,UTIL
3,26215,1000,7.767899,0,0,101742498841,0,1,0,1,81,0,93
3,26187,1000,7.763624,0,0,101742498841,0,1,0,1,81,0,93
3,26167,1000,7.772311,0,0,101742498841,0,1,0,1,82,0,93
3,26151,1000,7.733807,0,167936,101742498841,0,1,0,1,82,0,92
3,26151,1000,7.786688,0,167936,101742498841,0,1,0,1,83,0,93
3,26151,1000,7.802636,0,167936,101742498841,0,1,0,1,83,0,93
3,26151,1000,7.804666,0,167936,101742498841,0,1,0,1,83,0,93
3,26151,1000,7.820438,0,167936,101742498841,0,1,0,1,84,0,93
3,26151,1000,7.831928,0,167936,101742498841,0,1,0,1,84,0,93
3,26030,1000,7.788320,0,335872,101742498841,0,1,0,1,84,0,93
3,26030,1000,7.837128,0,335872,101742498841,0,1,0,1,85,0,93
11,26030,1000,7.846826,0,335872,101742498841,0,1,0,1,85,0,93
11,26030,1000,7.846476,0,335872,101742498841,0,1,0,1,85,0,93
err,hipFuncGetAttribute is missing from HIP shared library.


hashcat arguments,hashcat.exe -a 1 --runtime 15 -m 25300 $office$2016$0$100000$876MLoKTq42+/DLp415iZQ==$TNDvpvYyvlSUy97UOLKNhXynhUDDA7H8kLql0ISH5SxcP6hbthdjaTo4Z3/MU0dcR2SAd+AduYb3TB5CLZ8+ow== ..\bachelors-thesis-main\dictionaries\English.dic ..\bachelors-thesis-main\dictionaries\English2.dic --machine-readable --status --status-timer=1 --quiet