STATUS,SPEED,MILISECONDS,EXEC_RUNTIME,CURKU,PROGRESS,PROGRESS_ALL,RECHASH,RECHASH,RECSALT,RECSALT,TEMP,REJECTED,UTIL
3,5584510463,1000,4.891822,0,78866714100,101742498841,0,1,0,1,85,59577403380,77
3,5571218757,1000,4.908478,0,84585825524,101742498841,0,1,0,1,86,59577403380,78
3,5552961584,1000,4.921197,0,90135732468,101742498841,0,1,0,1,86,59577403380,78
3,5555875622,1000,4.922175,0,95821002996,101742498841,0,1,0,1,86,59577403380,78
3,5540467096,1000,4.957346,0,101303228148,101742498841,0,1,0,1,85,59577403380,78
5,5543716950,1000,4.957168,318971,101742498841,101742498841,0,1,0,1,85,59577403380,80
err,hipFuncGetAttribute is missing from HIP shared library.


hashcat arguments,hashcat.exe -a 1 --runtime 15 -m 14000 a28bc61d44bb815c:1172075784504605 ..\bachelors-thesis-main\dictionaries\English.dic ..\bachelors-thesis-main\dictionaries\English2.dic --machine-readable --status --status-timer=1 --quiet