STATUS,SPEED,MILISECONDS,EXEC_RUNTIME,CURKU,PROGRESS,PROGRESS_ALL,RECHASH,RECHASH,RECSALT,RECSALT,TEMP,REJECTED,UTIL
3,233,1000,3.969617,0,0,101742498841,0,1,0,1,82,0,88
3,233,1000,3.972647,0,0,101742498841,0,1,0,1,82,0,88
3,233,1000,3.969533,0,0,101742498841,0,1,0,1,82,0,89
3,233,1000,3.971068,0,0,101742498841,0,1,0,1,82,0,88
3,233,1000,3.969588,0,0,101742498841,0,1,0,1,83,0,88
3,233,1000,3.970355,0,0,101742498841,0,1,0,1,83,0,88
3,233,1000,3.968789,0,0,101742498841,0,1,0,1,83,0,88
3,233,1000,3.971409,0,0,101742498841,0,1,0,1,83,0,88
3,232,1000,3.993174,0,0,101742498841,0,1,0,1,83,0,88
3,232,1000,3.993381,0,0,101742498841,0,1,0,1,83,0,88
3,232,1000,3.994029,0,0,101742498841,0,1,0,1,84,0,88
11,232,1000,4.007845,0,0,101742498841,0,1,0,1,83,0,88
11,232,1000,4.006341,0,0,101742498841,0,1,0,1,83,0,88
err,hipFuncGetAttribute is missing from HIP shared library.


hashcat arguments,hashcat.exe -a 1 --runtime 15 -m 13731 ..\bachelors-thesis-main\hash-files\hashcat_whirlpool_aes_13731.vc ..\bachelors-thesis-main\dictionaries\English.dic ..\bachelors-thesis-main\dictionaries\English2.dic --machine-readable --status --status-timer=1 --quiet