STATUS,SPEED,MILISECONDS,EXEC_RUNTIME,CURKU,PROGRESS,PROGRESS_ALL,RECHASH,RECHASH,RECSALT,RECSALT,TEMP,REJECTED,UTIL
3,116,1000,5.251112,0,0,101742498841,0,1,0,1,80,0,91
3,116,1000,5.248974,0,0,101742498841,0,1,0,1,80,0,91
3,116,1000,5.246441,0,0,101742498841,0,1,0,1,80,0,91
3,116,1000,5.248321,0,0,101742498841,0,1,0,1,81,0,91
3,116,1000,5.248650,0,0,101742498841,0,1,0,1,81,0,91
3,116,1000,5.250365,0,0,101742498841,0,1,0,1,81,0,91
3,116,1000,5.249320,0,0,101742498841,0,1,0,1,81,0,91
3,116,1000,5.249451,0,0,101742498841,0,1,0,1,81,0,91
3,116,1000,5.249997,0,0,101742498841,0,1,0,1,81,0,91
3,116,1000,5.249691,0,0,101742498841,0,1,0,1,82,0,91
3,116,1000,5.249203,0,0,101742498841,0,1,0,1,82,0,91
11,116,1000,5.249926,0,0,101742498841,0,1,0,1,82,0,91
11,116,1000,5.249118,0,0,101742498841,0,1,0,1,82,0,91
err,hipFuncGetAttribute is missing from HIP shared library.


hashcat arguments,hashcat.exe -a 1 --runtime 15 -m 13782 ..\bachelors-thesis-main\hash-files\hashcat_streebog512_aes-twofish_boot_13782.vc ..\bachelors-thesis-main\dictionaries\English.dic ..\bachelors-thesis-main\dictionaries\English2.dic --machine-readable --status --status-timer=1 --quiet