STATUS,SPEED,MILISECONDS,EXEC_RUNTIME,CURKU,PROGRESS,PROGRESS_ALL,RECHASH,RECHASH,RECSALT,RECSALT,TEMP,REJECTED,UTIL
3,116,1000,3.985720,0,0,101742498841,0,1,0,1,81,0,89
3,116,1000,3.981650,0,0,101742498841,0,1,0,1,82,0,89
3,116,1000,3.986529,0,0,101742498841,0,1,0,1,82,0,89
3,116,1000,3.972633,0,0,101742498841,0,1,0,1,82,0,89
3,116,1000,3.984630,0,0,101742498841,0,1,0,1,82,0,89
3,116,1000,3.988307,0,0,101742498841,0,1,0,1,83,0,88
3,116,1000,3.985801,0,0,101742498841,0,1,0,1,83,0,89
3,116,1000,3.980064,0,0,101742498841,0,1,0,1,83,0,88
3,116,1000,3.980228,0,0,101742498841,0,1,0,1,83,0,88
3,116,1000,4.004154,0,0,101742498841,0,1,0,1,83,0,88
3,116,1000,4.011561,0,0,101742498841,0,1,0,1,83,0,88
11,116,1000,4.026693,0,0,101742498841,0,1,0,1,83,0,88
11,116,1000,4.025863,0,0,101742498841,0,1,0,1,83,0,88
err,hipFuncGetAttribute is missing from HIP shared library.


hashcat arguments,hashcat.exe -a 1 --runtime 15 -m 13732 ..\bachelors-thesis-main\hash-files\hashcat_whirlpool_serpent-aes_13732.vc ..\bachelors-thesis-main\dictionaries\English.dic ..\bachelors-thesis-main\dictionaries\English2.dic --machine-readable --status --status-timer=1 --quiet