STATUS,SPEED,MILISECONDS,EXEC_RUNTIME,CURKU,PROGRESS,PROGRESS_ALL,RECHASH,RECHASH,RECSALT,RECSALT,TEMP,REJECTED,UTIL
3,1502,1000,5.057298,0,0,101742498841,0,1,0,1,86,0,90
3,1501,1000,5.069344,0,0,101742498841,0,1,0,1,86,0,91
3,1499,1000,5.088020,0,0,101742498841,0,1,0,1,86,0,90
3,1497,1000,5.110556,0,0,101742498841,0,1,0,1,86,0,90
3,1495,1000,5.130462,0,0,101742498841,0,1,0,1,86,0,90
3,1493,1000,5.142194,0,0,101742498841,0,1,0,1,86,0,90
3,1490,1000,5.138588,0,0,101742498841,0,1,0,1,86,0,91
3,1489,1000,5.166755,0,0,101742498841,0,1,0,1,86,0,91
3,1487,1000,5.178954,0,0,101742498841,0,1,0,1,87,0,91
3,1486,1000,5.188674,0,0,101742498841,0,1,0,1,87,0,90
3,1484,1000,5.193062,0,0,101742498841,0,1,0,1,87,0,91
11,1483,1000,5.211232,0,0,101742498841,0,1,0,1,87,0,91
11,1483,1000,5.209450,0,0,101742498841,0,1,0,1,87,0,91
err,hipFuncGetAttribute is missing from HIP shared library.


hashcat arguments,hashcat.exe -a 1 --runtime 15 -m 13752 ..\bachelors-thesis-main\hash-files\hashcat_sha256_twofish-serpent_13752.vc ..\bachelors-thesis-main\dictionaries\English.dic ..\bachelors-thesis-main\dictionaries\English2.dic --machine-readable --status --status-timer=1 --quiet