STATUS,SPEED,MILISECONDS,EXEC_RUNTIME,CURKU,PROGRESS,PROGRESS_ALL,RECHASH,RECHASH,RECSALT,RECSALT,TEMP,REJECTED,UTIL
3,2191526057,1000,8.853276,0,7695499264,101742498841,0,1,0,1,83,0,89
3,2187938156,1000,8.866328,0,9909567488,101742498841,0,1,0,1,84,0,89
6,2187428124,1000,8.868764,0,11027349504,101742498841,1,1,1,1,83,0,89
err,hipFuncGetAttribute is missing from HIP shared library.


hashcat arguments,hashcat.exe -a 1 --runtime 15 -m 10800 07371af1ca1fca7c6941d2399f3610f1e392c56c6d73fddffe38f18c430a2817028dae1ef09ac683b62148a2c8757f42 ..\bachelors-thesis-main\dictionaries\English.dic ..\bachelors-thesis-main\dictionaries\English2.dic --machine-readable --status --status-timer=1 --quiet