STATUS,SPEED,MILISECONDS,EXEC_RUNTIME,CURKU,PROGRESS,PROGRESS_ALL,RECHASH,RECHASH,RECSALT,RECSALT,TEMP,REJECTED,UTIL
3,607706121,1000,7.962730,0,37254495951,101742498841,0,1,0,1,81,35131784911,88
3,607020042,1000,7.976853,0,37877874383,101742498841,0,1,0,1,82,35131784911,89
3,606577604,1000,7.981535,0,38495878863,101742498841,0,1,0,1,82,35131784911,88
3,606019849,1000,7.970041,0,39113883343,101742498841,0,1,0,1,82,35131784911,89
3,605456921,1000,7.986969,0,39726513871,101742498841,0,1,0,1,82,35131784911,89
3,605151897,1000,7.983461,0,40339144399,101742498841,0,1,0,1,83,35131784911,89
6,605010999,1000,7.976175,0,40645459663,101742498841,1,1,1,1,82,35131784911,89
err,hipFuncGetAttribute is missing from HIP shared library.


hashcat arguments,hashcat.exe -a 1 --runtime 15 -m 1500 48c/R8JAv757A ..\bachelors-thesis-main\dictionaries\English.dic ..\bachelors-thesis-main\dictionaries\English2.dic --machine-readable --status --status-timer=1 --quiet