STATUS,SPEED,MILISECONDS,EXEC_RUNTIME,CURKU,PROGRESS,PROGRESS_ALL,RECHASH,RECHASH,RECSALT,RECSALT,TEMP,REJECTED,UTIL
3,7778174665,1000,0.308137,79744,26676202112,101742498841,0,1,0,1,80,0,35
3,7813779942,1000,0.297901,99680,34744919328,101742498841,0,1,0,1,81,0,51
6,7705707368,1000,0.312117,119616,39465664448,101742498841,1,1,1,1,80,0,30
err,hipFuncGetAttribute is missing from HIP shared library.


hashcat arguments,hashcat.exe -a 1 --runtime 15 -m 2400 dRRVnUmUHXOTt9nk ..\bachelors-thesis-main\dictionaries\English.dic ..\bachelors-thesis-main\dictionaries\English2.dic --machine-readable --status --status-timer=1 --quiet