STATUS,SPEED,MILISECONDS,EXEC_RUNTIME,CURKU,PROGRESS,PROGRESS_ALL,RECHASH,RECHASH,RECSALT,RECSALT,TEMP,REJECTED,UTIL
3,970020012,1000,2.147092,0,98036432887,101742498841,0,1,0,1,84,94330250743,69
3,961231199,1000,2.154051,0,98982312439,101742498841,0,1,0,1,83,94330250743,69
3,956612317,1000,2.147514,0,99937115383,101742498841,0,1,0,1,84,94330250743,65
3,953059895,1000,2.158489,0,100882994935,101742498841,0,1,0,1,84,94330250743,65
5,950478144,1000,2.149451,318971,101742498841,101742498841,0,1,0,1,82,94330250743,65
err,hipFuncGetAttribute is missing from HIP shared library.


hashcat arguments,hashcat.exe -a 1 --runtime 15 -m 9710 $oldoffice$0*55045061647456688860411218030058*e7e24d163fbd743992d4b8892bf3f2f7*493410dbc832557d3fe1870ace8397e2 ..\bachelors-thesis-main\dictionaries\English.dic ..\bachelors-thesis-main\dictionaries\English2.dic --machine-readable --status --status-timer=1 --quiet