STATUS,SPEED,MILISECONDS,EXEC_RUNTIME,CURKU,PROGRESS,PROGRESS_ALL,RECHASH,RECHASH,RECSALT,RECSALT,TEMP,REJECTED,UTIL
3,7400008149,1000,0.350100,79744,26497575552,101742498841,0,1,0,1,71,0,31
3,7524815962,1000,0.336823,99680,34214143264,101742498841,0,1,0,1,71,0,55
6,7331773165,1000,0.338548,119616,39465664448,101742498841,1,1,1,1,71,0,43
err,hipFuncGetAttribute is missing from HIP shared library.


hashcat arguments,hashcat.exe -a 1 --runtime 15 -m 20 f0fda58630310a6dd91a7d8f0a4ceda2:4225637426 ..\bachelors-thesis-main\dictionaries\English.dic ..\bachelors-thesis-main\dictionaries\English2.dic --machine-readable --status --status-timer=1 --quiet