STATUS,SPEED,MILISECONDS,EXEC_RUNTIME,CURKU,PROGRESS,PROGRESS_ALL,RECHASH,RECHASH,RECSALT,RECSALT,TEMP,REJECTED,UTIL
3,5219818907,1000,0.555807,39872,18566755648,101742498841,0,1,0,1,81,0,60
3,5383293384,1000,0.549857,59808,23593717728,101742498841,0,1,0,1,81,0,58
3,5081988998,1000,0.560572,79744,28620679808,101742498841,0,1,0,1,81,0,59
3,5031820472,1000,0.566117,99680,33652745504,101742498841,0,1,0,1,81,0,61
3,5021383444,1000,0.569561,119616,38725640128,101742498841,0,1,0,1,81,0,34
6,5028596269,1000,0.559820,119616,39465664448,101742498841,1,1,1,1,81,0,59
err,hipFuncGetAttribute is missing from HIP shared library.


hashcat arguments,hashcat.exe -a 1 --runtime 15 -m 4010 30d0cf4a5d7ed831084c5b8b0ba75b46:1234 ..\bachelors-thesis-main\dictionaries\English.dic ..\bachelors-thesis-main\dictionaries\English2.dic --machine-readable --status --status-timer=1 --quiet