STATUS,SPEED,MILISECONDS,EXEC_RUNTIME,CURKU,PROGRESS,PROGRESS_ALL,RECHASH,RECHASH,RECSALT,RECSALT,TEMP,REJECTED,UTIL
3,1499348091,1000,13.418527,0,5287968768,101742498841,0,1,0,1,80,0,93
3,1496672323,1000,13.418866,0,6814171136,101742498841,0,1,0,1,80,0,92
3,1495973536,1000,13.414173,0,8340373504,101742498841,0,1,0,1,81,0,92
3,1495033549,1000,13.416114,0,9866575872,101742498841,0,1,0,1,81,0,92
6,1494060401,1000,13.417997,0,11027349504,101742498841,1,1,1,1,81,0,92
err,hipFuncGetAttribute is missing from HIP shared library.


hashcat arguments,hashcat.exe -a 1 --runtime 15 -m 600 $BLAKE2$296c269e70ac5f0095e6fb47693480f0f7b97ccd0307f5c3bfa4df8f5ca5c9308a0e7108e80a0a9c0ebb715e8b7109b072046c6cd5e155b4cfd2f27216283b1e ..\bachelors-thesis-main\dictionaries\English.dic ..\bachelors-thesis-main\dictionaries\English2.dic --machine-readable --status --status-timer=1 --quiet