STATUS,SPEED,MILISECONDS,EXEC_RUNTIME,CURKU,PROGRESS,PROGRESS_ALL,RECHASH,RECHASH,RECSALT,RECSALT,TEMP,REJECTED,UTIL
3,1681,1000,3.364194,0,0,101742498841,0,1,0,1,83,0,85
3,1682,1000,3.383622,0,0,101742498841,0,1,0,1,84,0,85
3,1681,1000,3.377284,0,0,101742498841,0,1,0,1,84,0,87
3,1680,1000,3.383551,0,0,101742498841,0,1,0,1,84,0,85
3,1679,1000,3.383400,0,0,101742498841,0,1,0,1,84,0,85
3,1678,1000,3.383888,0,0,101742498841,0,1,0,1,84,0,85
3,1677,1000,3.389404,0,0,101742498841,0,1,0,1,85,0,85
3,1676,1000,3.385402,0,0,101742498841,0,1,0,1,85,0,85
3,1676,1000,3.386883,0,0,101742498841,0,1,0,1,85,0,85
3,1675,1000,3.388133,0,0,101742498841,0,1,0,1,85,0,85
3,1674,1000,3.394081,0,0,101742498841,0,1,0,1,85,0,85
11,1674,1000,3.397152,0,0,101742498841,0,1,0,1,85,0,85
11,1674,1000,3.396168,0,0,101742498841,0,1,0,1,85,0,90
err,hipFuncGetAttribute is missing from HIP shared library.


hashcat arguments,hashcat.exe -a 1 --runtime 15 -m 13743 ..\bachelors-thesis-main\hash-files\hashcat_ripemd160_aes-twofish-serpent_boot.vc ..\bachelors-thesis-main\dictionaries\English.dic ..\bachelors-thesis-main\dictionaries\English2.dic --machine-readable --status --status-timer=1 --quiet