STATUS,SPEED,MILISECONDS,EXEC_RUNTIME,CURKU,PROGRESS,PROGRESS_ALL,RECHASH,RECHASH,RECSALT,RECSALT,TEMP,REJECTED,UTIL
3,7947,1000,4.859017,0,0,101742498841,0,1,0,1,85,0,90
3,7938,1000,4.863582,0,0,101742498841,0,1,0,1,85,0,89
3,7931,1000,4.865021,0,0,101742498841,0,1,0,1,85,0,89
3,7929,1000,4.854698,0,0,101742498841,0,1,0,1,85,0,90
3,7926,1000,4.861950,0,0,101742498841,0,1,0,1,86,0,89
3,7924,1000,4.859773,0,0,101742498841,0,1,0,1,86,0,90
3,7922,1000,4.859608,0,0,101742498841,0,1,0,1,86,0,89
3,7920,1000,4.860027,0,0,101742498841,0,1,0,1,86,0,89
3,7920,1000,4.859717,0,0,101742498841,0,1,0,1,86,0,89
3,7919,1000,4.863453,0,0,101742498841,0,1,0,1,86,0,90
3,7916,1000,4.877692,0,0,101742498841,0,1,0,1,86,0,89
11,7913,1000,4.890734,0,0,101742498841,0,1,0,1,86,0,89
11,7913,1000,4.889998,0,0,101742498841,0,1,0,1,86,0,89
err,hipFuncGetAttribute is missing from HIP shared library.


hashcat arguments,hashcat.exe -a 1 --runtime 15 -m 13761 ..\bachelors-thesis-main\hash-files\hashcat_sha256_twofish_boot.vc ..\bachelors-thesis-main\dictionaries\English.dic ..\bachelors-thesis-main\dictionaries\English2.dic --machine-readable --status --status-timer=1 --quiet