STATUS,SPEED,MILISECONDS,EXEC_RUNTIME,CURKU,PROGRESS,PROGRESS_ALL,RECHASH,RECHASH,RECSALT,RECSALT,TEMP,REJECTED,UTIL
3,1823789965,1000,10.832536,0,6319767552,101742498841,0,1,0,1,83,0,91
3,1821097576,1000,10.829134,0,8168407040,101742498841,0,1,0,1,83,0,91
3,1820611069,1000,10.838395,0,10017046528,101742498841,0,1,0,1,84,0,91
6,1820716041,1000,10.858399,0,11027349504,101742498841,1,1,1,1,83,0,91
err,hipFuncGetAttribute is missing from HIP shared library.


hashcat arguments,hashcat.exe -a 1 --runtime 15 -m 17400 d60fcf6585da4e17224f58858970f0ed5ab042c3916b76b0b828e62eaf636cbd ..\bachelors-thesis-main\dictionaries\English.dic ..\bachelors-thesis-main\dictionaries\English2.dic --machine-readable --status --status-timer=1 --quiet