STATUS,SPEED,MILISECONDS,EXEC_RUNTIME,CURKU,PROGRESS,PROGRESS_ALL,RECHASH,RECHASH,RECSALT,RECSALT,TEMP,REJECTED,UTIL
3,4305859866,1000,0.335543,39872,14453241152,101742498841,0,1,0,1,81,0,60
3,4436714830,1000,0.337800,39872,19059254592,101742498841,0,1,0,1,81,0,60
3,4526274349,1000,0.336392,39872,23759684928,101742498841,0,1,0,1,81,0,55
3,4334204608,1000,0.339025,79744,28059282048,101742498841,0,1,0,1,82,0,60
3,4800323419,1000,0.337848,79744,32887302784,101742498841,0,1,0,1,82,0,60
3,4649065126,1000,0.339525,79744,37559663232,101742498841,0,1,0,1,82,0,55
6,4344581344,1000,0.343045,119616,40772190144,101742498841,1,1,1,1,82,0,56
err,hipFuncGetAttribute is missing from HIP shared library.


hashcat arguments,hashcat.exe -a 1 --runtime 15 -m 4110 b4cb5c551a30f6c25d648560408df68a:1234 ..\bachelors-thesis-main\dictionaries\English.dic ..\bachelors-thesis-main\dictionaries\English2.dic --machine-readable --status --status-timer=1 --quiet