STATUS,SPEED,MILISECONDS,EXEC_RUNTIME,CURKU,PROGRESS,PROGRESS_ALL,RECHASH,RECHASH,RECSALT,RECSALT,TEMP,REJECTED,UTIL
6,4178704033,1000,9.168900,0,11048845312,101742498841,1,1,1,1,83,0,88
err,hipFuncGetAttribute is missing from HIP shared library.


hashcat arguments,hashcat.exe -a 1 --runtime 15 -m 11200 $mysqlna$1c24ab8d0ee94d70ab1f2e814d8f0948a14d10b9*437e93572f18ae44d9e779160c2505271f85821d ..\bachelors-thesis-main\dictionaries\English.dic ..\bachelors-thesis-main\dictionaries\English2.dic --machine-readable --status --status-timer=1 --quiet