STATUS,SPEED,MILISECONDS,EXEC_RUNTIME,CURKU,PROGRESS,PROGRESS_ALL,RECHASH,RECHASH,RECSALT,RECSALT,TEMP,REJECTED,UTIL
3,605706814,1000,7.986575,0,37265243855,101742498841,0,1,0,1,83,35131784911,89
3,604888452,1000,8.006394,0,37877874383,101742498841,0,1,0,1,83,35131784911,89
3,604553807,1000,7.993369,0,38495878863,101742498841,0,1,0,1,84,35131784911,89
3,603790215,1000,8.008351,0,39108509391,101742498841,0,1,0,1,84,35131784911,88
3,603257852,1000,8.032491,0,39715765967,101742498841,0,1,0,1,84,35131784911,89
3,602932385,1000,8.031845,0,40328396495,101742498841,0,1,0,1,84,35131784911,89
6,602806661,1000,8.026316,0,40645459663,101742498841,1,1,1,1,84,35131784911,89
err,hipFuncGetAttribute is missing from HIP shared library.


hashcat arguments,hashcat.exe -a 1 --runtime 15 -m 16000 pfaRCwDe0U ..\bachelors-thesis-main\dictionaries\English.dic ..\bachelors-thesis-main\dictionaries\English2.dic --machine-readable --status --status-timer=1 --quiet