STATUS,SPEED,MILISECONDS,EXEC_RUNTIME,CURKU,PROGRESS,PROGRESS_ALL,RECHASH,RECHASH,RECSALT,RECSALT,TEMP,REJECTED,UTIL
3,4985008383,1000,2.969974,0,17372491008,101742498841,0,1,0,1,85,0,74
3,4955383208,1000,2.970310,0,22312729344,101742498841,0,1,0,1,85,0,72
3,4855629793,1000,2.967831,79743,26823870597,101742498841,0,1,0,1,85,0,68
6,4866538114,1000,2.969756,79743,30682155909,101742498841,1,1,1,1,85,0,69
err,hipFuncGetAttribute is missing from HIP shared library.


hashcat arguments,hashcat.exe -a 1 --runtime 15 -m 18500 888a2ffcb3854fba0321110c5d0d434ad1aa2880 ..\bachelors-thesis-main\dictionaries\English.dic ..\bachelors-thesis-main\dictionaries\English2.dic --machine-readable --status --status-timer=1 --quiet