STATUS,SPEED,MILISECONDS,EXEC_RUNTIME,CURKU,PROGRESS,PROGRESS_ALL,RECHASH,RECHASH,RECSALT,RECSALT,TEMP,REJECTED,UTIL
3,77798,1000,6.016944,0,167936,101742498841,0,1,0,1,82,0,92
3,77725,1000,6.018550,0,335872,101742498841,0,1,0,1,82,0,91
3,77725,1000,6.013990,0,335872,101742498841,0,1,0,1,83,0,91
3,77660,1000,6.017044,0,503808,101742498841,0,1,0,1,83,0,92
3,77660,1000,6.018098,0,503808,101742498841,0,1,0,1,83,0,91
3,77660,1000,6.023418,0,503808,101742498841,0,1,0,1,84,0,91
3,77604,1000,6.021845,0,671744,101742498841,0,1,0,1,84,0,91
3,77604,1000,6.020379,0,671744,101742498841,0,1,0,1,84,0,91
3,77558,1000,6.019408,0,839680,101742498841,0,1,0,1,84,0,91
3,77558,1000,6.012275,0,839680,101742498841,0,1,0,1,85,0,91
3,77556,1000,6.020203,0,1007616,101742498841,0,1,0,1,85,0,91
11,77556,1000,6.019605,0,1007616,101742498841,0,1,0,1,85,0,91
11,77556,1000,6.018901,0,1007616,101742498841,0,1,0,1,85,0,91
err,hipFuncGetAttribute is missing from HIP shared library.


hashcat arguments,hashcat.exe -a 1 --runtime 15 -m 21500 $solarwinds$0$admin$fj4EBQewCQUZ7IYHl0qL8uj9kQSBb3m7N4u0crkKK0Uj9rbbAnSrBZMXO7oWx9KqL3sCzwncvPZ9hyDV9QCFTg== ..\bachelors-thesis-main\dictionaries\English.dic ..\bachelors-thesis-main\dictionaries\English2.dic --machine-readable --status --status-timer=1 --quiet