STATUS,SPEED,MILISECONDS,EXEC_RUNTIME,CURKU,PROGRESS,PROGRESS_ALL,RECHASH,RECHASH,RECSALT,RECSALT,TEMP,REJECTED,UTIL
3,2250,1000,5.060642,0,0,101742498841,0,1,0,1,85,0,89
3,2247,1000,5.072941,0,0,101742498841,0,1,0,1,86,0,90
3,2246,1000,5.068575,0,0,101742498841,0,1,0,1,86,0,90
3,2245,1000,5.073048,0,0,101742498841,0,1,0,1,86,0,90
3,2244,1000,5.074290,0,0,101742498841,0,1,0,1,86,0,89
3,2244,1000,5.068603,0,0,101742498841,0,1,0,1,87,0,89
3,2243,1000,5.076650,0,0,101742498841,0,1,0,1,87,0,89
3,2242,1000,5.087912,0,0,101742498841,0,1,0,1,87,0,89
3,2240,1000,5.111605,0,0,101742498841,0,1,0,1,87,0,89
3,2238,1000,5.129148,0,0,101742498841,0,1,0,1,87,0,89
3,2236,1000,5.142194,0,0,101742498841,0,1,0,1,87,0,89
11,2234,1000,5.135382,0,0,101742498841,0,1,0,1,87,0,89
11,2234,1000,5.136934,0,0,101742498841,0,1,0,1,87,0,89
err,hipFuncGetAttribute is missing from HIP shared library.


hashcat arguments,hashcat.exe -a 1 --runtime 15 -m 13711 ..\bachelors-thesis-main\hash-files\hashcat_ripemd160_twofish_13711.vc ..\bachelors-thesis-main\dictionaries\English.dic ..\bachelors-thesis-main\dictionaries\English2.dic --machine-readable --status --status-timer=1 --quiet