STATUS,SPEED,MILISECONDS,EXEC_RUNTIME,CURKU,PROGRESS,PROGRESS_ALL,RECHASH,RECHASH,RECSALT,RECSALT,TEMP,REJECTED,UTIL
3,46,1000,4.930098,0,0,101742498841,0,1,0,1,80,0,90
3,46,1000,4.929438,0,0,101742498841,0,1,0,1,80,0,90
3,46,1000,4.929201,0,0,101742498841,0,1,0,1,80,0,90
3,46,1000,4.929765,0,0,101742498841,0,1,0,1,81,0,90
3,46,1000,4.929405,0,0,101742498841,0,1,0,1,81,0,90
3,46,1000,4.931238,0,0,101742498841,0,1,0,1,81,0,90
3,46,1000,4.925165,0,0,101742498841,0,1,0,1,81,0,91
3,46,1000,4.929420,0,0,101742498841,0,1,0,1,81,0,90
3,46,1000,4.931587,0,0,101742498841,0,1,0,1,82,0,90
3,46,1000,4.928547,0,0,101742498841,0,1,0,1,82,0,90
3,46,1000,4.929301,0,0,101742498841,0,1,0,1,82,0,90
11,46,1000,4.927616,0,0,101742498841,0,1,0,1,82,0,90
11,46,1000,4.926008,0,0,101742498841,0,1,0,1,82,0,90
err,hipFuncGetAttribute is missing from HIP shared library.


hashcat arguments,hashcat.exe -a 1 --runtime 15 -m 13772 ..\bachelors-thesis-main\hash-files\hashcat_streebog512_aes-twofish_13772.vc ..\bachelors-thesis-main\dictionaries\English.dic ..\bachelors-thesis-main\dictionaries\English2.dic --machine-readable --status --status-timer=1 --quiet