STATUS,SPEED,MILISECONDS,EXEC_RUNTIME,CURKU,PROGRESS,PROGRESS_ALL,RECHASH,RECHASH,RECSALT,RECSALT,TEMP,REJECTED,UTIL
3,1249,1000,4.512251,0,0,101742498841,0,1,0,1,85,0,88
3,1248,1000,4.515951,0,0,101742498841,0,1,0,1,85,0,88
3,1246,1000,4.514975,0,0,101742498841,0,1,0,1,86,0,88
3,1246,1000,4.512750,0,0,101742498841,0,1,0,1,86,0,88
3,1245,1000,4.518987,0,0,101742498841,0,1,0,1,86,0,88
3,1244,1000,4.516322,0,0,101742498841,0,1,0,1,86,0,88
3,1244,1000,4.519323,0,0,101742498841,0,1,0,1,86,0,88
3,1243,1000,4.546355,0,0,101742498841,0,1,0,1,86,0,88
3,1242,1000,4.552208,0,0,101742498841,0,1,0,1,87,0,88
3,1241,1000,4.565933,0,0,101742498841,0,1,0,1,87,0,88
3,1240,1000,4.578121,0,0,101742498841,0,1,0,1,87,0,88
11,1239,1000,4.589393,0,0,101742498841,0,1,0,1,87,0,89
11,1239,1000,4.589256,0,0,101742498841,0,1,0,1,87,0,89
err,hipFuncGetAttribute is missing from HIP shared library.


hashcat arguments,hashcat.exe -a 1 --runtime 15 -m 13712 ..\bachelors-thesis-main\hash-files\hashcat_ripemd160_serpent-aes_13712.vc ..\bachelors-thesis-main\dictionaries\English.dic ..\bachelors-thesis-main\dictionaries\English2.dic --machine-readable --status --status-timer=1 --quiet