STATUS,SPEED,MILISECONDS,EXEC_RUNTIME,CURKU,PROGRESS,PROGRESS_ALL,RECHASH,RECHASH,RECSALT,RECSALT,TEMP,REJECTED,UTIL
3,498670,1000,0.850236,0,1754346,101742498841,0,1,0,1,82,0,55
3,494899,1000,0.835464,0,2232804,101742498841,0,1,0,1,82,0,56
3,491918,1000,0.823793,0,2711262,101742498841,0,1,0,1,83,0,55
3,489214,1000,0.849347,0,3189720,101742498841,0,1,0,1,83,0,55
3,487202,1000,0.846457,0,3668178,101742498841,0,1,0,1,83,0,55
3,489028,1000,0.850885,0,4226379,101742498841,0,1,0,1,83,0,55
3,486677,1000,0.860108,0,4704837,101742498841,0,1,0,1,83,0,55
3,488604,1000,0.862838,0,5183295,101742498841,0,1,0,1,83,0,55
3,488189,1000,0.861300,0,5661753,101742498841,0,1,0,1,84,0,55
3,486454,1000,0.866506,0,6140211,101742498841,0,1,0,1,84,0,56
3,484885,1000,0.863988,0,6618669,101742498841,0,1,0,1,84,0,55
11,483697,1000,0.861835,0,7097127,101742498841,0,1,0,1,84,0,56
11,483697,1000,0.861835,0,7097127,101742498841,0,1,0,1,84,0,56
err,hipFuncGetAttribute is missing from HIP shared library.


hashcat arguments,hashcat.exe -a 1 --runtime 15 -m 25500 $stellar$YAlIJziURRcBEWUwRSRDWA==$EutMmmcV5Hbf3p1I$rfSAF349RvGKG4R4Z2VCrH9WjNEKjbJa9hpOja9Yn8MwXruuFEMtw47HPn9CYj+JJ5Rb4Z87Wejj1c4fqpbMZHFOnqtQsVAr ..\bachelors-thesis-main\dictionaries\English.dic ..\bachelors-thesis-main\dictionaries\English2.dic --machine-readable --status --status-timer=1 --quiet