STATUS,SPEED,MILISECONDS,EXEC_RUNTIME,CURKU,PROGRESS,PROGRESS_ALL,RECHASH,RECHASH,RECSALT,RECSALT,TEMP,REJECTED,UTIL
3,1103823245,1000,18.488087,0,3826253824,101742498841,0,1,0,1,75,0,94
3,1104915342,1000,18.492109,0,4965531648,101742498841,0,1,0,1,76,0,94
3,1104457549,1000,18.484750,0,6104809472,101742498841,0,1,0,1,76,0,94
3,1104893974,1000,18.518768,0,7244087296,101742498841,0,1,0,1,76,0,98
3,1104597743,1000,18.528774,0,8383365120,101742498841,0,1,0,1,77,0,95
3,1104815340,1000,18.530609,0,9522642944,101742498841,0,1,0,1,77,0,95
3,1104485689,1000,18.492398,0,10661920768,101742498841,0,1,0,1,78,0,95
6,1104321330,1000,18.486081,0,11027349504,101742498841,1,1,1,1,78,0,95
err,hipFuncGetAttribute is missing from HIP shared library.


hashcat arguments,hashcat.exe -a 1 --runtime 15 -m 50 fc741db0a2968c39d9c2a5cc75b05370:1234 ..\bachelors-thesis-main\dictionaries\English.dic ..\bachelors-thesis-main\dictionaries\English2.dic --machine-readable --status --status-timer=1 --quiet