STATUS,SPEED,MILISECONDS,EXEC_RUNTIME,CURKU,PROGRESS,PROGRESS_ALL,RECHASH,RECHASH,RECSALT,RECSALT,TEMP,REJECTED,UTIL
err,hipFuncGetAttribute is missing from HIP shared library.

No hashes loaded.


hashcat arguments,hashcat.exe -a 1 --runtime 15 -m 29543 ..\bachelors-thesis-main\hash-files\hashcat_luks_ripemd160_twofish_cbc-plain64_128.txt ..\bachelors-thesis-main\dictionaries\English.dic ..\bachelors-thesis-main\dictionaries\English2.dic --machine-readable --status --status-timer=1 --quiet