STATUS,SPEED,MILISECONDS,EXEC_RUNTIME,CURKU,PROGRESS,PROGRESS_ALL,RECHASH,RECHASH,RECSALT,RECSALT,TEMP,REJECTED,UTIL
3,830,1000,3.283530,0,0,101742498841,0,1,0,1,84,0,84
3,829,1000,3.282604,0,0,101742498841,0,1,0,1,85,0,84
3,829,1000,3.287327,0,0,101742498841,0,1,0,1,85,0,84
3,828,1000,3.286822,0,0,101742498841,0,1,0,1,85,0,84
3,828,1000,3.281874,0,0,101742498841,0,1,0,1,86,0,85
3,828,1000,3.284007,0,0,101742498841,0,1,0,1,86,0,84
3,827,1000,3.284289,0,0,101742498841,0,1,0,1,86,0,84
3,827,1000,3.285812,0,0,101742498841,0,1,0,1,86,0,84
3,826,1000,3.292578,0,0,101742498841,0,1,0,1,86,0,85
3,826,1000,3.295402,0,0,101742498841,0,1,0,1,86,0,84
3,826,1000,3.292475,0,0,101742498841,0,1,0,1,86,0,84
11,826,1000,3.302174,0,0,101742498841,0,1,0,1,87,0,84
11,826,1000,3.301542,0,0,101742498841,0,1,0,1,87,0,87
err,hipFuncGetAttribute is missing from HIP shared library.


hashcat arguments,hashcat.exe -a 1 --runtime 15 -m 13713 ..\bachelors-thesis-main\hash-files\hashcat_ripemd160_serpent-twofish-aes_13713.vc ..\bachelors-thesis-main\dictionaries\English.dic ..\bachelors-thesis-main\dictionaries\English2.dic --machine-readable --status --status-timer=1 --quiet