STATUS,SPEED,MILISECONDS,EXEC_RUNTIME,CURKU,PROGRESS,PROGRESS_ALL,RECHASH,RECHASH,RECSALT,RECSALT,TEMP,REJECTED,UTIL
3,1246,1000,4.522225,0,0,101742498841,0,1,0,1,85,0,88
3,1245,1000,4.530223,0,0,101742498841,0,1,0,1,85,0,88
3,1244,1000,4.527621,0,0,101742498841,0,1,0,1,86,0,88
3,1245,1000,4.519791,0,0,101742498841,0,1,0,1,86,0,88
3,1244,1000,4.526848,0,0,101742498841,0,1,0,1,86,0,88
3,1243,1000,4.518290,0,0,101742498841,0,1,0,1,86,0,88
3,1243,1000,4.519818,0,0,101742498841,0,1,0,1,86,0,88
3,1242,1000,4.528052,0,0,101742498841,0,1,0,1,87,0,88
3,1242,1000,4.546981,0,0,101742498841,0,1,0,1,87,0,88
3,1241,1000,4.575564,0,0,101742498841,0,1,0,1,86,0,88
3,1240,1000,4.566394,0,0,101742498841,0,1,0,1,87,0,89
11,1239,1000,4.600989,0,0,101742498841,0,1,0,1,87,0,92
11,1239,1000,4.600029,0,0,101742498841,0,1,0,1,87,0,92
err,hipFuncGetAttribute is missing from HIP shared library.


hashcat arguments,hashcat.exe -a 1 --runtime 15 -m 13712 ..\bachelors-thesis-main\hash-files\hashcat_ripemd160_aes-twofish_13712.vc ..\bachelors-thesis-main\dictionaries\English.dic ..\bachelors-thesis-main\dictionaries\English2.dic --machine-readable --status --status-timer=1 --quiet