STATUS,SPEED,MILISECONDS,EXEC_RUNTIME,CURKU,PROGRESS,PROGRESS_ALL,RECHASH,RECHASH,RECSALT,RECSALT,TEMP,REJECTED,UTIL
3,78166,1000,6.012693,0,167936,101742498841,0,1,0,1,85,0,91
3,77844,1000,6.019701,0,335872,101742498841,0,1,0,1,85,0,91
3,77844,1000,6.014493,0,335872,101742498841,0,1,0,1,85,0,91
3,77844,1000,6.023813,0,335872,101742498841,0,1,0,1,86,0,91
3,77747,1000,6.017720,0,503808,101742498841,0,1,0,1,85,0,91
3,77747,1000,6.022972,0,503808,101742498841,0,1,0,1,86,0,91
3,77652,1000,6.018941,0,671744,101742498841,0,1,0,1,86,0,91
3,77652,1000,6.016301,0,671744,101742498841,0,1,0,1,86,0,91
3,77596,1000,6.021202,0,839680,101742498841,0,1,0,1,86,0,91
3,77596,1000,6.013270,0,839680,101742498841,0,1,0,1,86,0,91
3,77568,1000,6.020061,0,1007616,101742498841,0,1,0,1,86,0,91
11,77568,1000,6.016321,0,1007616,101742498841,0,1,0,1,87,0,91
11,77568,1000,6.015833,0,1007616,101742498841,0,1,0,1,87,0,91
err,hipFuncGetAttribute is missing from HIP shared library.


hashcat arguments,hashcat.exe -a 1 --runtime 15 -m 21501 $solarwinds$1$3pHkk55NTYpAeV3EJjcAww==$N4Ii2PxXX/bTZZwslQLIKrp0wvfZ5aN9hpyiR896ozJMJTPO1Q7BK1Eht8Vhl4kXq/42Vn2zp3qYeAkRuqsuEw== ..\bachelors-thesis-main\dictionaries\English.dic ..\bachelors-thesis-main\dictionaries\English2.dic --machine-readable --status --status-timer=1 --quiet