STATUS,SPEED,MILISECONDS,EXEC_RUNTIME,CURKU,PROGRESS,PROGRESS_ALL,RECHASH,RECHASH,RECSALT,RECSALT,TEMP,REJECTED,UTIL
3,1470940887,1000,13.648304,0,5201985536,101742498841,0,1,0,1,77,0,92
3,1469753550,1000,13.655217,0,6706692096,101742498841,0,1,0,1,77,0,93
3,1468846424,1000,13.667562,0,8211398656,101742498841,0,1,0,1,78,0,93
3,1467490500,1000,13.669149,0,9716105216,101742498841,0,1,0,1,78,0,94
6,1467039031,1000,13.665988,0,11027349504,101742498841,1,1,1,1,77,0,93
err,hipFuncGetAttribute is missing from HIP shared library.


hashcat arguments,hashcat.exe -a 1 --runtime 15 -m 160 d89c92b4400b15c39e462a8caa939ab40c3aeeea:1234 ..\bachelors-thesis-main\dictionaries\English.dic ..\bachelors-thesis-main\dictionaries\English2.dic --machine-readable --status --status-timer=1 --quiet