STATUS,SPEED,MILISECONDS,EXEC_RUNTIME,CURKU,PROGRESS,PROGRESS_ALL,RECHASH,RECHASH,RECSALT,RECSALT,TEMP,REJECTED,UTIL
3,1043540259,1000,1.916211,0,98321981431,101742498841,0,1,0,1,83,94330250743,63
3,1036247358,1000,1.920226,0,99351145975,101742498841,0,1,0,1,83,94330250743,62
3,1031917604,1000,1.923025,0,100374361591,101742498841,0,1,0,1,83,94330250743,62
3,1028029391,1000,1.913826,0,101397577207,101742498841,0,1,0,1,84,94330250743,62
5,1028257987,1000,1.924343,318971,101742498841,101742498841,0,1,0,1,84,94330250743,54
err,hipFuncGetAttribute is missing from HIP shared library.


hashcat arguments,hashcat.exe -a 1 --runtime 15 -m 10410 $pdf$1*2*40*-1*0*16*01221086741440841668371056103222*32*27c3fecef6d46a78eb61b8b4dbc690f5f8a2912bbb9afc842c12d79481568b74*32*0000000000000000000000000000000000000000000000000000000000000000 ..\bachelors-thesis-main\dictionaries\English.dic ..\bachelors-thesis-main\dictionaries\English2.dic --machine-readable --status --status-timer=1 --quiet