STATUS,SPEED,MILISECONDS,EXEC_RUNTIME,CURKU,PROGRESS,PROGRESS_ALL,RECHASH,RECHASH,RECSALT,RECSALT,TEMP,REJECTED,UTIL
3,1245,1000,4.517737,0,0,101742498841,0,1,0,1,85,0,88
3,1244,1000,4.521370,0,0,101742498841,0,1,0,1,85,0,88
3,1243,1000,4.519258,0,0,101742498841,0,1,0,1,86,0,88
3,1243,1000,4.526568,0,0,101742498841,0,1,0,1,86,0,91
3,1242,1000,4.535780,0,0,101742498841,0,1,0,1,86,0,88
3,1241,1000,4.525896,0,0,101742498841,0,1,0,1,86,0,88
3,1241,1000,4.531838,0,0,101742498841,0,1,0,1,86,0,88
3,1240,1000,4.548273,0,0,101742498841,0,1,0,1,87,0,88
3,1240,1000,4.552349,0,0,101742498841,0,1,0,1,87,0,88
3,1240,1000,4.548999,0,0,101742498841,0,1,0,1,87,0,89
3,1239,1000,4.581889,0,0,101742498841,0,1,0,1,87,0,89
11,1238,1000,4.590447,0,0,101742498841,0,1,0,1,87,0,92
11,1238,1000,4.589623,0,0,101742498841,0,1,0,1,87,0,90
err,hipFuncGetAttribute is missing from HIP shared library.


hashcat arguments,hashcat.exe -a 1 --runtime 15 -m 13712 ..\bachelors-thesis-main\hash-files\hashcat_ripemd160_twofish-serpent_13712.vc ..\bachelors-thesis-main\dictionaries\English.dic ..\bachelors-thesis-main\dictionaries\English2.dic --machine-readable --status --status-timer=1 --quiet