STATUS,SPEED,MILISECONDS,EXEC_RUNTIME,CURKU,PROGRESS,PROGRESS_ALL,RECHASH,RECHASH,RECSALT,RECSALT,TEMP,REJECTED,UTIL
6,3944507408,1000,9.817857,0,11048845312,101742498841,1,1,1,1,84,0,90
err,hipFuncGetAttribute is missing from HIP shared library.


hashcat arguments,hashcat.exe -a 1 --runtime 15 -m 12600 aee9edab5653f509c4c63e559a5e967b4c112273bc6bd84525e630a3f9028dcb:5136256866783777334574783782810410706883233321141647265340462733 ..\bachelors-thesis-main\dictionaries\English.dic ..\bachelors-thesis-main\dictionaries\English2.dic --machine-readable --status --status-timer=1 --quiet