STATUS,SPEED,MILISECONDS,EXEC_RUNTIME,CURKU,PROGRESS,PROGRESS_ALL,RECHASH,RECHASH,RECSALT,RECSALT,TEMP,REJECTED,UTIL
3,7701717014,1000,0.363683,79744,25436023424,101742498841,0,1,0,1,77,0,56
3,7187600802,1000,0.397998,79744,32672950912,101742498841,0,1,0,1,78,0,57
3,7022506476,1000,0.407417,119616,39577944000,101742498841,0,1,0,1,78,0,31
6,7032783190,1000,0.401749,119616,40772190144,101742498841,1,1,1,1,78,0,56
err,hipFuncGetAttribute is missing from HIP shared library.


hashcat arguments,hashcat.exe -a 1 --runtime 15 -m 5500 u4-netntlm::kNS:338d08f8e26de93300000000000000000000000000000000:9526fb8c23a90751cdd619b6cea564742e1e4bf33006ba41:cb8086049ec4736c ..\bachelors-thesis-main\dictionaries\English.dic ..\bachelors-thesis-main\dictionaries\English2.dic --machine-readable --status --status-timer=1 --quiet