STATUS,SPEED,MILISECONDS,EXEC_RUNTIME,CURKU,PROGRESS,PROGRESS_ALL,RECHASH,RECHASH,RECSALT,RECSALT,TEMP,REJECTED,UTIL
3,4216411788,1000,0.771935,39872,14688007488,101742498841,0,1,0,1,71,0,67
3,4188203146,1000,0.763737,39872,18827040064,101742498841,0,1,0,1,72,0,63
3,4512609379,1000,0.766591,59808,22965972960,101742498841,0,1,0,1,72,0,67
3,4253454041,1000,0.766579,79744,27171252864,101742498841,0,1,0,1,72,0,67
3,4190077961,1000,0.776550,79744,31335803520,101742498841,0,1,0,1,72,0,60
3,4156372659,1000,0.769594,99680,35484943648,101742498841,0,1,0,1,73,0,67
6,4131608047,1000,0.765360,119616,39465664448,101742498841,1,1,1,1,73,0,41
err,hipFuncGetAttribute is missing from HIP shared library.


hashcat arguments,hashcat.exe -a 1 --runtime 15 -m 40 d63d0e21fdc05f618d55ef306c54af82:13288442151473 ..\bachelors-thesis-main\dictionaries\English.dic ..\bachelors-thesis-main\dictionaries\English2.dic --machine-readable --status --status-timer=1 --quiet