STATUS,SPEED,MILISECONDS,EXEC_RUNTIME,CURKU,PROGRESS,PROGRESS_ALL,RECHASH,RECHASH,RECSALT,RECSALT,TEMP,REJECTED,UTIL
3,4847186122,1000,0.621693,39872,17377613120,101742498841,0,1,0,1,81,0,63
3,5173804464,1000,0.623031,59808,22149394400,101742498841,0,1,0,1,81,0,63
3,4570236606,1000,0.627018,79744,26665994880,101742498841,0,1,0,1,81,0,36
3,4644194441,1000,0.636652,79744,31458290304,101742498841,0,1,0,1,82,0,63
3,4679628133,1000,0.623373,99680,36342351136,101742498841,0,1,0,1,82,0,64
6,4566213803,1000,0.661612,119616,39465664448,101742498841,1,1,1,1,80,0,57
err,hipFuncGetAttribute is missing from HIP shared library.


hashcat arguments,hashcat.exe -a 1 --runtime 15 -m 3910 250920b3a5e31318806a032a4674df7e:1234 ..\bachelors-thesis-main\dictionaries\English.dic ..\bachelors-thesis-main\dictionaries\English2.dic --machine-readable --status --status-timer=1 --quiet