STATUS,SPEED,MILISECONDS,EXEC_RUNTIME,CURKU,PROGRESS,PROGRESS_ALL,RECHASH,RECHASH,RECSALT,RECSALT,TEMP,REJECTED,UTIL
3,93,1000,5.090544,0,0,101742498841,0,1,0,1,79,0,91
3,93,1000,5.086870,0,0,101742498841,0,1,0,1,79,0,90
3,93,1000,5.089582,0,0,101742498841,0,1,0,1,80,0,91
3,93,1000,5.088378,0,0,101742498841,0,1,0,1,80,0,91
3,93,1000,5.087277,0,0,101742498841,0,1,0,1,80,0,91
3,93,1000,5.087403,0,0,101742498841,0,1,0,1,80,0,91
3,93,1000,5.088037,0,0,101742498841,0,1,0,1,81,0,91
3,93,1000,5.087269,0,0,101742498841,0,1,0,1,81,0,91
3,93,1000,5.086969,0,0,101742498841,0,1,0,1,81,0,91
3,93,1000,5.078145,0,0,101742498841,0,1,0,1,81,0,92
3,93,1000,5.086274,0,0,101742498841,0,1,0,1,81,0,91
11,93,1000,5.090107,0,0,101742498841,0,1,0,1,81,0,91
11,93,1000,5.090123,0,0,101742498841,0,1,0,1,81,0,91
err,hipFuncGetAttribute is missing from HIP shared library.


hashcat arguments,hashcat.exe -a 1 --runtime 15 -m 13771 ..\bachelors-thesis-main\hash-files\hashcat_streebog512_aes_13771.vc ..\bachelors-thesis-main\dictionaries\English.dic ..\bachelors-thesis-main\dictionaries\English2.dic --machine-readable --status --status-timer=1 --quiet