STATUS,SPEED,MILISECONDS,EXEC_RUNTIME,CURKU,PROGRESS,PROGRESS_ALL,RECHASH,RECHASH,RECSALT,RECSALT,TEMP,REJECTED,UTIL
3,5177467263,1000,0.552804,39872,18316678464,101742498841,0,1,0,1,81,0,60
3,5668863913,1000,0.556525,59808,23690686432,101742498841,0,1,0,1,81,0,60
3,5245626703,1000,0.568243,79744,28819720832,101742498841,0,1,0,1,81,0,62
3,5154374871,1000,0.557694,99680,33938548000,101742498841,0,1,0,1,81,0,60
3,5102446120,1000,0.561065,119616,39057375168,101742498841,0,1,0,1,81,0,38
6,5108404876,1000,0.567199,119616,39465664448,101742498841,1,1,1,1,81,0,38
err,hipFuncGetAttribute is missing from HIP shared library.


hashcat arguments,hashcat.exe -a 1 --runtime 15 -m 2600 a936af92b0ae20b1ff6c3347a72e5fbe ..\bachelors-thesis-main\dictionaries\English.dic ..\bachelors-thesis-main\dictionaries\English2.dic --machine-readable --status --status-timer=1 --quiet