STATUS,SPEED,MILISECONDS,EXEC_RUNTIME,CURKU,PROGRESS,PROGRESS_ALL,RECHASH,RECHASH,RECSALT,RECSALT,TEMP,REJECTED,UTIL
3,961,1000,3.910363,0,0,101742498841,0,1,0,1,86,0,88
3,958,1000,3.916517,0,0,101742498841,0,1,0,1,86,0,88
3,957,1000,3.929965,0,0,101742498841,0,1,0,1,86,0,88
3,955,1000,3.940641,0,0,101742498841,0,1,0,1,86,0,88
3,954,1000,3.964091,0,0,101742498841,0,1,0,1,86,0,88
3,952,1000,3.972526,0,0,101742498841,0,1,0,1,86,0,88
3,951,1000,3.978891,0,0,101742498841,0,1,0,1,86,0,89
3,950,1000,3.988149,0,0,101742498841,0,1,0,1,86,0,88
3,948,1000,3.993845,0,0,101742498841,0,1,0,1,86,0,89
3,947,1000,3.996014,0,0,101742498841,0,1,0,1,86,0,89
3,946,1000,4.001178,0,0,101742498841,0,1,0,1,86,0,89
11,945,1000,4.006244,0,0,101742498841,0,1,0,1,86,0,89
11,945,1000,4.006057,0,0,101742498841,0,1,0,1,86,0,88
err,hipFuncGetAttribute is missing from HIP shared library.


hashcat arguments,hashcat.exe -a 1 --runtime 15 -m 13722 ..\bachelors-thesis-main\hash-files\hashcat_sha512_twofish-serpent_13722.vc ..\bachelors-thesis-main\dictionaries\English.dic ..\bachelors-thesis-main\dictionaries\English2.dic --machine-readable --status --status-timer=1 --quiet