STATUS,SPEED,MILISECONDS,EXEC_RUNTIME,CURKU,PROGRESS,PROGRESS_ALL,RECHASH,RECHASH,RECSALT,RECSALT,TEMP,REJECTED,UTIL
3,8627647792,1000,0.769272,79744,30519224960,101742498841,0,1,0,1,73,0,72
3,8556220607,1000,0.759142,119616,39021649856,101742498841,0,1,0,1,72,0,37
6,8544941748,1000,0.767070,119616,40777293760,101742498841,1,1,1,1,72,0,64
err,hipFuncGetAttribute is missing from HIP shared library.


hashcat arguments,hashcat.exe -a 1 --runtime 15 -m 10 01dfae6e5d4d90d9892622325959afbe:7050461 ..\bachelors-thesis-main\dictionaries\English.dic ..\bachelors-thesis-main\dictionaries\English2.dic --machine-readable --status --status-timer=1 --quiet