STATUS,SPEED,MILISECONDS,EXEC_RUNTIME,CURKU,PROGRESS,PROGRESS_ALL,RECHASH,RECHASH,RECSALT,RECSALT,TEMP,REJECTED,UTIL
3,4789587465,1000,0.310367,39872,17346991424,101742498841,0,1,0,1,76,0,58
3,5410340220,1000,0.293196,59808,22312710112,101742498841,0,1,0,1,77,0,59
3,4784960495,1000,0.314870,79744,27025799808,101742498841,0,1,0,1,76,0,53
3,5087347760,1000,0.302127,99680,31795029280,101742498841,0,1,0,1,76,0,58
3,4639634504,1000,0.303974,99680,36699604256,101742498841,0,1,0,1,76,0,58
6,4518303809,1000,0.293405,119616,39463112640,101742498841,1,1,1,1,76,0,30
err,hipFuncGetAttribute is missing from HIP shared library.


hashcat arguments,hashcat.exe -a 1 --runtime 15 -m 1000 b4b9b02e6f09a9bd760f388b67351e2b ..\bachelors-thesis-main\dictionaries\English.dic ..\bachelors-thesis-main\dictionaries\English2.dic --machine-readable --status --status-timer=1 --quiet