STATUS,SPEED,MILISECONDS,EXEC_RUNTIME,CURKU,PROGRESS,PROGRESS_ALL,RECHASH,RECHASH,RECSALT,RECSALT,TEMP,REJECTED,UTIL
3,953,1000,3.940942,0,0,101742498841,0,1,0,1,86,0,88
3,952,1000,3.957341,0,0,101742498841,0,1,0,1,86,0,89
3,949,1000,3.989039,0,0,101742498841,0,1,0,1,86,0,88
3,948,1000,3.974700,0,0,101742498841,0,1,0,1,86,0,88
3,946,1000,4.004220,0,0,101742498841,0,1,0,1,86,0,88
3,944,1000,3.998554,0,0,101742498841,0,1,0,1,86,0,88
3,943,1000,4.003362,0,0,101742498841,0,1,0,1,86,0,88
3,942,1000,4.013609,0,0,101742498841,0,1,0,1,86,0,88
3,941,1000,4.009770,0,0,101742498841,0,1,0,1,86,0,91
3,940,1000,4.028292,0,0,101742498841,0,1,0,1,86,0,89
3,939,1000,4.038632,0,0,101742498841,0,1,0,1,86,0,89
11,938,1000,4.034696,0,0,101742498841,0,1,0,1,86,0,92
11,938,1000,4.035445,0,0,101742498841,0,1,0,1,86,0,92
err,hipFuncGetAttribute is missing from HIP shared library.


hashcat arguments,hashcat.exe -a 1 --runtime 15 -m 13722 ..\bachelors-thesis-main\hash-files\hashcat_sha512_aes-twofish_13722.vc ..\bachelors-thesis-main\dictionaries\English.dic ..\bachelors-thesis-main\dictionaries\English2.dic --machine-readable --status --status-timer=1 --quiet