STATUS,SPEED,MILISECONDS,EXEC_RUNTIME,CURKU,PROGRESS,PROGRESS_ALL,RECHASH,RECHASH,RECSALT,RECSALT,TEMP,REJECTED,UTIL
3,960,1000,3.912844,0,0,101742498841,0,1,0,1,86,0,88
3,958,1000,3.928152,0,0,101742498841,0,1,0,1,86,0,88
3,957,1000,3.941245,0,0,101742498841,0,1,0,1,86,0,90
3,956,1000,3.945212,0,0,101742498841,0,1,0,1,86,0,88
3,954,1000,3.957531,0,0,101742498841,0,1,0,1,86,0,88
3,953,1000,3.977843,0,0,101742498841,0,1,0,1,86,0,88
3,952,1000,3.971389,0,0,101742498841,0,1,0,1,86,0,89
3,950,1000,3.985752,0,0,101742498841,0,1,0,1,86,0,88
3,949,1000,3.998061,0,0,101742498841,0,1,0,1,86,0,88
3,948,1000,3.988626,0,0,101742498841,0,1,0,1,86,0,88
3,947,1000,4.005553,0,0,101742498841,0,1,0,1,86,0,88
11,946,1000,4.020843,0,0,101742498841,0,1,0,1,86,0,88
11,946,1000,4.022667,0,0,101742498841,0,1,0,1,86,0,88
err,hipFuncGetAttribute is missing from HIP shared library.


hashcat arguments,hashcat.exe -a 1 --runtime 15 -m 13722 ..\bachelors-thesis-main\hash-files\hashcat_sha512_serpent-aes_13722.vc ..\bachelors-thesis-main\dictionaries\English.dic ..\bachelors-thesis-main\dictionaries\English2.dic --machine-readable --status --status-timer=1 --quiet