STATUS,SPEED,MILISECONDS,EXEC_RUNTIME,CURKU,PROGRESS,PROGRESS_ALL,RECHASH,RECHASH,RECSALT,RECSALT,TEMP,REJECTED,UTIL
3,8437665543,1000,0.311395,79744,25436023424,101742498841,0,1,0,1,81,0,51
3,7326956451,1000,0.316195,99680,32657540384,101742498841,0,1,0,1,81,0,32
6,7485393720,1000,0.317454,119616,39465664448,101742498841,1,1,1,1,81,0,41
err,hipFuncGetAttribute is missing from HIP shared library.


hashcat arguments,hashcat.exe -a 1 --runtime 15 -m 16400 {CRAM-MD5}5389b33b9725e5657cb631dc50017ff1535ce4e2a1c414009126506fc4327d0d ..\bachelors-thesis-main\dictionaries\English.dic ..\bachelors-thesis-main\dictionaries\English2.dic --machine-readable --status --status-timer=1 --quiet