STATUS,SPEED,MILISECONDS,EXEC_RUNTIME,CURKU,PROGRESS,PROGRESS_ALL,RECHASH,RECHASH,RECSALT,RECSALT,TEMP,REJECTED,UTIL
3,1213406772,1000,16.734637,0,4256169984,101742498841,0,1,0,1,84,0,94
3,1213334930,1000,16.726512,0,5502926848,101742498841,0,1,0,1,84,0,94
3,1212715191,1000,16.726519,0,6728187904,101742498841,0,1,0,1,84,0,94
3,1212347073,1000,16.729538,0,7974944768,101742498841,0,1,0,1,84,0,94
3,1212629277,1000,16.722066,0,9221701632,101742498841,0,1,0,1,85,0,95
3,1212504030,1000,16.712447,0,10468458496,101742498841,0,1,0,1,85,0,94
6,1212264276,1000,16.707619,0,11027349504,101742498841,1,1,1,1,84,0,93
err,hipFuncGetAttribute is missing from HIP shared library.


hashcat arguments,hashcat.exe -a 1 --runtime 15 -m 10200 $cram_md5$PG5vLXJlcGx5QGhhc2hjYXQubmV0Pg==$dXNlciA0NGVhZmQyMmZlNzY2NzBmNmIyODc5MDgxYTdmNWY3MQ== ..\bachelors-thesis-main\dictionaries\English.dic ..\bachelors-thesis-main\dictionaries\English2.dic --machine-readable --status --status-timer=1 --quiet