STATUS,SPEED,MILISECONDS,EXEC_RUNTIME,CURKU,PROGRESS,PROGRESS_ALL,RECHASH,RECHASH,RECSALT,RECSALT,TEMP,REJECTED,UTIL
3,1886148467,1000,10.433994,0,6663700480,101742498841,0,1,0,1,81,0,90
3,1883702130,1000,10.463839,0,8598323200,101742498841,0,1,0,1,82,0,91
3,1882014761,1000,10.467484,0,10532945920,101742498841,0,1,0,1,82,0,90
6,1881438416,1000,10.461843,0,11027349504,101742498841,1,1,1,1,82,0,91
err,hipFuncGetAttribute is missing from HIP shared library.


hashcat arguments,hashcat.exe -a 1 --runtime 15 -m 22200 2f9282ade42ce148175dc3b4d8b5916dae5211eee49886c3f7cc768f6b9f2eb982a5ac2f2672a0223999bfd15349093278adf12f6276e8b61dacf5572b3f93d0b4fa886ce ..\bachelors-thesis-main\dictionaries\English.dic ..\bachelors-thesis-main\dictionaries\English2.dic --machine-readable --status --status-timer=1 --quiet