STATUS,SPEED,MILISECONDS,EXEC_RUNTIME,CURKU,PROGRESS,PROGRESS_ALL,RECHASH,RECHASH,RECSALT,RECSALT,TEMP,REJECTED,UTIL
9e9283,633,4,7,42,3,93701155,8,5660,24,8758e7,3533e2,2,82
6,4409191691,1000,8.730513,0,11048845312,101742498841,1,1,1,1,82,0,86
err,hipFuncGetAttribute is missing from HIP shared library.


hashcat arguments,hashcat.exe -a 1 --runtime 15 -m 1470 9e9283e633f4a7a42d3abc93701155be8afe5660da24c8758e7d3533e2f2dc82 ..\bachelors-thesis-main\dictionaries\English.dic ..\bachelors-thesis-main\dictionaries\English2.dic --machine-readable --status --status-timer=1 --quiet