STATUS,SPEED,MILISECONDS,EXEC_RUNTIME,CURKU,PROGRESS,PROGRESS_ALL,RECHASH,RECHASH,RECSALT,RECSALT,TEMP,REJECTED,UTIL
3,233,1000,3.992061,0,0,101742498841,0,1,0,1,82,0,88
3,233,1000,3.986870,0,0,101742498841,0,1,0,1,82,0,89
3,233,1000,3.972958,0,0,101742498841,0,1,0,1,82,0,90
3,233,1000,3.987582,0,0,101742498841,0,1,0,1,82,0,89
3,233,1000,3.981385,0,0,101742498841,0,1,0,1,83,0,89
3,233,1000,3.988189,0,0,101742498841,0,1,0,1,83,0,88
3,233,1000,3.986261,0,0,101742498841,0,1,0,1,83,0,89
3,233,1000,4.016620,0,0,101742498841,0,1,0,1,83,0,89
3,233,1000,4.014125,0,0,101742498841,0,1,0,1,83,0,89
3,232,1000,4.023361,0,0,101742498841,0,1,0,1,83,0,89
3,232,1000,4.033518,0,0,101742498841,0,1,0,1,83,0,89
11,232,1000,4.040343,0,0,101742498841,0,1,0,1,84,0,89
11,232,1000,4.038559,0,0,101742498841,0,1,0,1,84,0,89
err,hipFuncGetAttribute is missing from HIP shared library.


hashcat arguments,hashcat.exe -a 1 --runtime 15 -m 13731 ..\bachelors-thesis-main\hash-files\hashcat_whirlpool_serpent_13731.vc ..\bachelors-thesis-main\dictionaries\English.dic ..\bachelors-thesis-main\dictionaries\English2.dic --machine-readable --status --status-timer=1 --quiet