STATUS,SPEED,MILISECONDS,EXEC_RUNTIME,CURKU,PROGRESS,PROGRESS_ALL,RECHASH,RECHASH,RECSALT,RECSALT,TEMP,REJECTED,UTIL
3,4296205186,1000,1.444773,39872,15106504000,101742498841,0,1,0,1,83,0,55
3,4323939169,1000,1.451476,39872,19567064384,101742498841,0,1,0,1,84,0,56
3,4282397735,1000,1.452770,39872,23731615040,101742498841,0,1,0,1,84,0,56
3,4234779634,1000,1.452746,79744,27804101248,101742498841,0,1,0,1,84,0,56
3,4274594541,1000,1.423264,79744,32387148416,101742498841,0,1,0,1,84,0,62
3,4252909561,1000,1.453903,79744,36551699072,101742498841,0,1,0,1,84,0,56
3,4193138200,1000,1.490191,119616,40307761088,101742498841,0,1,0,1,84,0,52
6,4198347185,1000,1.474983,119616,40777293760,101742498841,1,1,1,1,84,0,52
err,hipFuncGetAttribute is missing from HIP shared library.


hashcat arguments,hashcat.exe -a 1 --runtime 15 -m 21100 aade80a61c6e3cd3cac614f47c1991e0a87dd028:6 ..\bachelors-thesis-main\dictionaries\English.dic ..\bachelors-thesis-main\dictionaries\English2.dic --machine-readable --status --status-timer=1 --quiet