STATUS,SPEED,MILISECONDS,EXEC_RUNTIME,CURKU,PROGRESS,PROGRESS_ALL,RECHASH,RECHASH,RECSALT,RECSALT,TEMP,REJECTED,UTIL
3,8770946846,1000,0.310880,79744,32606603904,101742498841,0,1,0,1,71,0,53
6,8535712819,1000,0.320157,119616,40772190144,101742498841,1,1,1,1,71,0,50
err,hipFuncGetAttribute is missing from HIP shared library.


hashcat arguments,hashcat.exe -a 1 --runtime 15 -m 0 8743b52063cd84097a65d1633f5c74f5 ..\bachelors-thesis-main\dictionaries\English.dic ..\bachelors-thesis-main\dictionaries\English2.dic --machine-readable --status --status-timer=1 --quiet