STATUS,SPEED,MILISECONDS,EXEC_RUNTIME,CURKU,PROGRESS,PROGRESS_ALL,RECHASH,RECHASH,RECSALT,RECSALT,TEMP,REJECTED,UTIL
3,75,1000,3.975492,0,0,101742498841,0,1,0,1,80,0,88
3,75,1000,3.974007,0,0,101742498841,0,1,0,1,80,0,88
3,75,1000,3.964948,0,0,101742498841,0,1,0,1,80,0,90
3,75,1000,3.975217,0,0,101742498841,0,1,0,1,81,0,88
3,75,1000,3.975151,0,0,101742498841,0,1,0,1,81,0,89
3,75,1000,3.975830,0,0,101742498841,0,1,0,1,81,0,88
3,75,1000,3.971587,0,0,101742498841,0,1,0,1,81,0,88
3,75,1000,3.975450,0,0,101742498841,0,1,0,1,81,0,89
3,75,1000,3.973834,0,0,101742498841,0,1,0,1,82,0,88
3,75,1000,3.974481,0,0,101742498841,0,1,0,1,82,0,88
3,75,1000,3.975035,0,0,101742498841,0,1,0,1,82,0,88
11,75,1000,3.972207,0,0,101742498841,0,1,0,1,82,0,89
11,75,1000,3.971159,0,0,101742498841,0,1,0,1,82,0,89
err,hipFuncGetAttribute is missing from HIP shared library.


hashcat arguments,hashcat.exe -a 1 --runtime 15 -m 13783 ..\bachelors-thesis-main\hash-files\hashcat_streebog512_serpent-twofish-aes_boot_13783.vc ..\bachelors-thesis-main\dictionaries\English.dic ..\bachelors-thesis-main\dictionaries\English2.dic --machine-readable --status --status-timer=1 --quiet