STATUS,SPEED,MILISECONDS,EXEC_RUNTIME,CURKU,PROGRESS,PROGRESS_ALL,RECHASH,RECHASH,RECSALT,RECSALT,TEMP,REJECTED,UTIL
3,7208614547,1000,1.806778,0,24884919552,101742498841,0,1,0,1,83,0,60
6,7056199678,1000,1.792997,79743,30682155909,101742498841,1,1,1,1,83,0,52
err,hipFuncGetAttribute is missing from HIP shared library.


hashcat arguments,hashcat.exe -a 1 --runtime 15 -m 11000 810e3d12f0f10777a679d9ca1ad7a8d9:M2uZ122bSHJ4Mi54tXGY0lqcv1r28mUluSkyw37ou5oia4i239ujqw0l ..\bachelors-thesis-main\dictionaries\English.dic ..\bachelors-thesis-main\dictionaries\English2.dic --machine-readable --status --status-timer=1 --quiet