STATUS,SPEED,MILISECONDS,EXEC_RUNTIME,CURKU,PROGRESS,PROGRESS_ALL,RECHASH,RECHASH,RECSALT,RECSALT,TEMP,REJECTED,UTIL
3,2394,1000,3.916252,0,0,101742498841,0,1,0,1,85,0,87
3,2393,1000,3.918717,0,0,101742498841,0,1,0,1,85,0,87
3,2393,1000,3.920603,0,0,101742498841,0,1,0,1,85,0,87
3,2393,1000,3.920838,0,0,101742498841,0,1,0,1,86,0,87
3,2393,1000,3.924560,0,0,101742498841,0,1,0,1,86,0,87
3,2393,1000,3.935547,0,0,101742498841,0,1,0,1,86,0,87
3,2392,1000,3.930146,0,0,101742498841,0,1,0,1,86,0,87
3,2392,1000,3.954365,0,0,101742498841,0,1,0,1,86,0,87
3,2391,1000,3.940095,0,0,101742498841,0,1,0,1,86,0,87
3,2390,1000,3.956629,0,0,101742498841,0,1,0,1,86,0,87
3,2390,1000,3.955338,0,0,101742498841,0,1,0,1,86,0,87
11,2389,1000,3.973718,0,0,101742498841,0,1,0,1,86,0,87
11,2389,1000,3.972894,0,0,101742498841,0,1,0,1,86,0,87
err,hipFuncGetAttribute is missing from HIP shared library.


hashcat arguments,hashcat.exe -a 1 --runtime 15 -m 13763 ..\bachelors-thesis-main\hash-files\hashcat_sha256_serpent-twofish-aes_boot.vc ..\bachelors-thesis-main\dictionaries\English.dic ..\bachelors-thesis-main\dictionaries\English2.dic --machine-readable --status --status-timer=1 --quiet