STATUS,SPEED,MILISECONDS,EXEC_RUNTIME,CURKU,PROGRESS,PROGRESS_ALL,RECHASH,RECHASH,RECSALT,RECSALT,TEMP,REJECTED,UTIL
3,2166,1000,5.273702,0,0,101742498841,0,1,0,1,85,0,90
3,2164,1000,5.274260,0,0,101742498841,0,1,0,1,86,0,90
3,2162,1000,5.275831,0,0,101742498841,0,1,0,1,86,0,90
3,2161,1000,5.283673,0,0,101742498841,0,1,0,1,86,0,90
3,2160,1000,5.275597,0,0,101742498841,0,1,0,1,86,0,90
3,2158,1000,5.288857,0,0,101742498841,0,1,0,1,86,0,89
3,2157,1000,5.293603,0,0,101742498841,0,1,0,1,87,0,90
3,2156,1000,5.309831,0,0,101742498841,0,1,0,1,87,0,90
3,2155,1000,5.319030,0,0,101742498841,0,1,0,1,87,0,90
3,2153,1000,5.326705,0,0,101742498841,0,1,0,1,87,0,90
3,2151,1000,5.352565,0,0,101742498841,0,1,0,1,87,0,90
11,2149,1000,5.359639,0,0,101742498841,0,1,0,1,87,0,92
11,2149,1000,5.358463,0,0,101742498841,0,1,0,1,87,0,92
err,hipFuncGetAttribute is missing from HIP shared library.


hashcat arguments,hashcat.exe -a 1 --runtime 15 -m 13711 ..\bachelors-thesis-main\hash-files\hashcat_ripemd160_serpent_13711.vc ..\bachelors-thesis-main\dictionaries\English.dic ..\bachelors-thesis-main\dictionaries\English2.dic --machine-readable --status --status-timer=1 --quiet