STATUS,SPEED,MILISECONDS,EXEC_RUNTIME,CURKU,PROGRESS,PROGRESS_ALL,RECHASH,RECHASH,RECSALT,RECSALT,TEMP,REJECTED,UTIL
3,232,1000,3.963425,0,0,101742498841,0,1,0,1,77,0,88
3,232,1000,3.964819,0,0,101742498841,0,1,0,1,77,0,88
3,232,1000,3.959754,0,0,101742498841,0,1,0,1,78,0,88
3,232,1000,3.961970,0,0,101742498841,0,1,0,1,78,0,88
3,232,1000,3.969872,0,0,101742498841,0,1,0,1,79,0,88
3,232,1000,3.970529,0,0,101742498841,0,1,0,1,79,0,88
3,232,1000,3.969729,0,0,101742498841,0,1,0,1,79,0,88
3,232,1000,3.968648,0,0,101742498841,0,1,0,1,79,0,88
3,232,1000,3.970217,0,0,101742498841,0,1,0,1,80,0,88
3,232,1000,3.969343,0,0,101742498841,0,1,0,1,80,0,88
3,232,1000,3.971792,0,0,101742498841,0,1,0,1,80,0,88
11,232,1000,3.971024,0,0,101742498841,0,1,0,1,80,0,88
11,232,1000,3.970024,0,0,101742498841,0,1,0,1,80,0,88
err,hipFuncGetAttribute is missing from HIP shared library.


hashcat arguments,hashcat.exe -a 1 --runtime 15 -m 13731 ..\bachelors-thesis-main\hash-files\hashcat_whirlpool_twofish_13731.vc ..\bachelors-thesis-main\dictionaries\English.dic ..\bachelors-thesis-main\dictionaries\English2.dic --machine-readable --status --status-timer=1 --quiet