STATUS,SPEED,MILISECONDS,EXEC_RUNTIME,CURKU,PROGRESS,PROGRESS_ALL,RECHASH,RECHASH,RECSALT,RECSALT,TEMP,REJECTED,UTIL
3,934382046,1000,0.555328,0,97886966071,101742498841,0,1,0,1,84,94330250743,70
3,926589997,1000,0.555916,0,98824665847,101742498841,0,1,0,1,84,94330250743,68
3,920814497,1000,0.560291,0,99750467767,101742498841,0,1,0,1,83,94330250743,68
3,915009431,1000,0.560046,0,100679244151,101742498841,0,1,0,1,83,94330250743,68
3,911464365,1000,0.560689,0,101606533303,101742498841,0,1,0,1,84,94330250743,68
5,832470295,1000,0.657444,318971,101742498841,101742498841,0,1,0,1,84,94330250743,35
err,hipFuncGetAttribute is missing from HIP shared library.


hashcat arguments,hashcat.exe -a 1 --runtime 15 -m 9810 $oldoffice$3*83328705222323020515404251156288*2855956a165ff6511bc7f4cd77b9e101*941861655e73a09c40f7b1e9dfd0c256ed285acd ..\bachelors-thesis-main\dictionaries\English.dic ..\bachelors-thesis-main\dictionaries\English2.dic --machine-readable --status --status-timer=1 --quiet