STATUS,SPEED,MILISECONDS,EXEC_RUNTIME,CURKU,PROGRESS,PROGRESS_ALL,RECHASH,RECHASH,RECSALT,RECSALT,TEMP,REJECTED,UTIL
3,6360252177,1000,0.249378,39872,21378848064,101742498841,0,1,0,1,75,0,59
3,5904684114,1000,0.262352,79744,27385604736,101742498841,0,1,0,1,75,0,34
3,6153279239,1000,0.271888,79744,33721744000,101742498841,0,1,0,1,75,0,60
3,5783583979,1000,0.260814,119616,39491182528,101742498841,0,1,0,1,75,0,52
6,5826060676,1000,0.259342,119616,40772190144,101742498841,1,1,1,1,75,0,59
err,hipFuncGetAttribute is missing from HIP shared library.


hashcat arguments,hashcat.exe -a 1 --runtime 15 -m 70 2303b15bfa48c74a74758135a0df1201 ..\bachelors-thesis-main\dictionaries\English.dic ..\bachelors-thesis-main\dictionaries\English2.dic --machine-readable --status --status-timer=1 --quiet