STATUS,SPEED,MILISECONDS,EXEC_RUNTIME,CURKU,PROGRESS,PROGRESS_ALL,RECHASH,RECHASH,RECSALT,RECSALT,TEMP,REJECTED,UTIL
3,7882,1000,4.860543,0,0,101742498841,0,1,0,1,86,0,89
3,7880,1000,4.859366,0,0,101742498841,0,1,0,1,86,0,89
3,7876,1000,4.873724,0,0,101742498841,0,1,0,1,86,0,89
3,7871,1000,4.883209,0,0,101742498841,0,1,0,1,86,0,89
3,7865,1000,4.904872,0,0,101742498841,0,1,0,1,86,0,89
3,7861,1000,4.912024,0,0,101742498841,0,1,0,1,86,0,89
3,7854,1000,4.928194,0,0,101742498841,0,1,0,1,86,0,89
3,7848,1000,4.932499,0,0,101742498841,0,1,0,1,86,0,89
3,7845,1000,4.941153,0,0,101742498841,0,1,0,1,86,0,92
3,7839,1000,4.942694,0,0,101742498841,0,1,0,1,87,0,89
3,7834,1000,4.945789,0,0,101742498841,0,1,0,1,87,0,90
11,7828,1000,4.951975,0,0,101742498841,0,1,0,1,87,0,89
11,7828,1000,4.949709,0,0,101742498841,0,1,0,1,87,0,89
err,hipFuncGetAttribute is missing from HIP shared library.


hashcat arguments,hashcat.exe -a 1 --runtime 15 -m 13761 ..\bachelors-thesis-main\hash-files\hashcat_sha256_aes_boot_pim500.vc ..\bachelors-thesis-main\dictionaries\English.dic ..\bachelors-thesis-main\dictionaries\English2.dic --machine-readable --status --status-timer=1 --quiet