STATUS,SPEED,MILISECONDS,EXEC_RUNTIME,CURKU,PROGRESS,PROGRESS_ALL,RECHASH,RECHASH,RECSALT,RECSALT,TEMP,REJECTED,UTIL
3,7810951267,1000,0.168367,59808,24984453088,101742498841,0,1,0,1,78,0,47
3,7675187913,1000,0.173514,99680,31795029280,101742498841,0,1,0,1,78,0,48
3,6478472228,1000,0.178271,119616,38529150912,101742498841,0,1,0,1,77,0,31
6,6574221856,1000,0.175491,119616,39463112640,101742498841,1,1,1,1,77,0,42
err,hipFuncGetAttribute is missing from HIP shared library.


hashcat arguments,hashcat.exe -a 1 --runtime 15 -m 99999 hashcat ..\bachelors-thesis-main\dictionaries\English.dic ..\bachelors-thesis-main\dictionaries\English2.dic --machine-readable --status --status-timer=1 --quiet