STATUS,SPEED,MILISECONDS,EXEC_RUNTIME,CURKU,PROGRESS,PROGRESS_ALL,RECHASH,RECHASH,RECSALT,RECSALT,TEMP,REJECTED,UTIL
3,1858733886,1000,10.613596,0,6534725632,101742498841,0,1,0,1,84,0,92
3,1856172857,1000,10.626030,0,8426356736,101742498841,0,1,0,1,85,0,92
3,1854031157,1000,10.630085,0,10339483648,101742498841,0,1,0,1,85,0,91
6,1853301819,1000,10.636506,0,11027349504,101742498841,1,1,1,1,85,0,92
err,hipFuncGetAttribute is missing from HIP shared library.


hashcat arguments,hashcat.exe -a 1 --runtime 15 -m 20720 bae9edada8358fcebcd811f7d362f46277fb9d488379869fba65d79701d48b8b:869dc2ed80187919 ..\bachelors-thesis-main\dictionaries\English.dic ..\bachelors-thesis-main\dictionaries\English2.dic --machine-readable --status --status-timer=1 --quiet