STATUS,SPEED,MILISECONDS,EXEC_RUNTIME,CURKU,PROGRESS,PROGRESS_ALL,RECHASH,RECHASH,RECSALT,RECSALT,TEMP,REJECTED,UTIL
3,1058028956,1000,9.326506,0,3665035264,101742498841,0,1,0,1,83,0,92
3,1055694514,1000,9.338289,0,4739825664,101742498841,0,1,0,1,84,0,92
3,1053982907,1000,9.341481,0,5814616064,101742498841,0,1,0,1,84,0,91
3,1052346641,1000,9.345368,0,6878658560,101742498841,0,1,0,1,84,0,91
3,1051076978,1000,9.349225,0,7931953152,101742498841,0,1,0,1,84,0,90
3,1050222545,1000,9.357764,0,8995995648,101742498841,0,1,0,1,85,0,90
3,1049562965,1000,9.361732,0,10060038144,101742498841,0,1,0,1,85,0,90
6,1049051083,1000,9.362782,0,11027349504,101742498841,1,1,1,1,85,0,90
err,hipFuncGetAttribute is missing from HIP shared library.


hashcat arguments,hashcat.exe -a 1 --runtime 15 -m 8000 0xc00778168388631428230545ed2c976790af96768afa0806fe6c0da3b28f3e132137eac56f9bad027ea2 ..\bachelors-thesis-main\dictionaries\English.dic ..\bachelors-thesis-main\dictionaries\English2.dic --machine-readable --status --status-timer=1 --quiet