STATUS,SPEED,MILISECONDS,EXEC_RUNTIME,CURKU,PROGRESS,PROGRESS_ALL,RECHASH,RECHASH,RECSALT,RECSALT,TEMP,REJECTED,UTIL
3,4634,1000,5.078866,0,0,101742498841,0,1,0,1,83,0,90
3,4631,1000,5.086258,0,0,101742498841,0,1,0,1,83,0,90
3,4628,1000,5.109221,0,0,101742498841,0,1,0,1,84,0,90
3,4624,1000,5.113330,0,0,101742498841,0,1,0,1,84,0,90
3,4621,1000,5.114761,0,0,101742498841,0,1,0,1,84,0,90
3,4619,1000,5.104457,0,0,101742498841,0,1,0,1,84,0,90
3,4617,1000,5.109223,0,0,101742498841,0,1,0,1,85,0,90
3,4615,1000,5.114855,0,0,101742498841,0,1,0,1,85,0,90
3,4614,1000,5.118791,0,0,101742498841,0,1,0,1,85,0,90
3,4612,1000,5.122117,0,0,101742498841,0,1,0,1,85,0,90
3,4611,1000,5.123918,0,0,101742498841,0,1,0,1,85,0,90
11,4609,1000,5.123730,0,0,101742498841,0,1,0,1,85,0,90
11,4609,1000,5.123008,0,0,101742498841,0,1,0,1,85,0,90
err,hipFuncGetAttribute is missing from HIP shared library.


hashcat arguments,hashcat.exe -a 1 --runtime 15 -m 13741 ..\bachelors-thesis-main\hash-files\hashcat_ripemd160_aes_boot.vc ..\bachelors-thesis-main\dictionaries\English.dic ..\bachelors-thesis-main\dictionaries\English2.dic --machine-readable --status --status-timer=1 --quiet