STATUS,SPEED,MILISECONDS,EXEC_RUNTIME,CURKU,PROGRESS,PROGRESS_ALL,RECHASH,RECHASH,RECSALT,RECSALT,TEMP,REJECTED,UTIL
3,13796574658,1000,1.949923,0,71492078183,101742498841,0,1,0,1,84,23314547303,57
3,12843394681,1000,0.928192,232579,89626519981,101742498841,0,1,0,1,83,31639690403,59
3,12188017609,1000,0.986765,232579,99118892461,101742498841,0,1,0,1,83,31639690403,44
5,12109748892,1000,0.960810,318971,101742498841,101742498841,0,1,0,1,83,31639690403,33
err,hipFuncGetAttribute is missing from HIP shared library.


hashcat arguments,hashcat.exe -a 1 --runtime 15 -m 14900 c9350366:44630464 ..\bachelors-thesis-main\dictionaries\English.dic ..\bachelors-thesis-main\dictionaries\English2.dic --machine-readable --status --status-timer=1 --quiet