STATUS,SPEED,MILISECONDS,EXEC_RUNTIME,CURKU,PROGRESS,PROGRESS_ALL,RECHASH,RECHASH,RECSALT,RECSALT,TEMP,REJECTED,UTIL
3,3771,1000,5.161659,0,0,101742498841,0,1,0,1,85,0,91
3,3768,1000,5.161626,0,0,101742498841,0,1,0,1,86,0,90
3,3766,1000,5.167751,0,0,101742498841,0,1,0,1,86,0,90
3,3764,1000,5.172954,0,0,101742498841,0,1,0,1,86,0,90
3,3763,1000,5.173207,0,0,101742498841,0,1,0,1,86,0,90
3,3764,1000,5.167990,0,0,101742498841,0,1,0,1,86,0,93
3,3761,1000,5.187959,0,0,101742498841,0,1,0,1,86,0,90
3,3759,1000,5.188383,0,0,101742498841,0,1,0,1,86,0,90
3,3757,1000,5.199572,0,0,101742498841,0,1,0,1,86,0,90
3,3755,1000,5.200168,0,0,101742498841,0,1,0,1,86,0,90
3,3752,1000,5.210277,0,0,101742498841,0,1,0,1,86,0,90
11,3750,1000,5.217478,0,0,101742498841,0,1,0,1,86,0,90
11,3750,1000,5.216675,0,0,101742498841,0,1,0,1,86,0,90
err,hipFuncGetAttribute is missing from HIP shared library.


hashcat arguments,hashcat.exe -a 1 --runtime 15 -m 13762 ..\bachelors-thesis-main\hash-files\hashcat_sha256_serpent-aes_boot.vc ..\bachelors-thesis-main\dictionaries\English.dic ..\bachelors-thesis-main\dictionaries\English2.dic --machine-readable --status --status-timer=1 --quiet