STATUS,SPEED,MILISECONDS,EXEC_RUNTIME,CURKU,PROGRESS,PROGRESS_ALL,RECHASH,RECHASH,RECSALT,RECSALT,TEMP,REJECTED,UTIL
3,1833666751,1000,10.802003,0,6384254976,101742498841,0,1,0,1,81,0,91
3,1829744022,1000,10.812767,0,8254390272,101742498841,0,1,0,1,82,0,91
3,1827716997,1000,10.824800,0,10103029760,101742498841,0,1,0,1,82,0,91
6,1827534701,1000,10.824960,0,11027349504,101742498841,1,1,1,1,82,0,91
err,hipFuncGetAttribute is missing from HIP shared library.


hashcat arguments,hashcat.exe -a 1 --runtime 15 -m 17300 412ef78534ba6ab0e9b1607d3e9767a25c1ea9d5e83176b4c2817a6c ..\bachelors-thesis-main\dictionaries\English.dic ..\bachelors-thesis-main\dictionaries\English2.dic --machine-readable --status --status-timer=1 --quiet