STATUS,SPEED,MILISECONDS,EXEC_RUNTIME,CURKU,PROGRESS,PROGRESS_ALL,RECHASH,RECHASH,RECSALT,RECSALT,TEMP,REJECTED,UTIL
3,233,1000,5.245889,0,0,101742498841,0,1,0,1,80,0,91
3,233,1000,5.246964,0,0,101742498841,0,1,0,1,81,0,91
3,232,1000,5.246367,0,0,101742498841,0,1,0,1,81,0,91
3,232,1000,5.244857,0,0,101742498841,0,1,0,1,81,0,91
3,233,1000,5.244082,0,0,101742498841,0,1,0,1,81,0,91
3,232,1000,5.248458,0,0,101742498841,0,1,0,1,82,0,91
3,232,1000,5.247091,0,0,101742498841,0,1,0,1,82,0,91
3,232,1000,5.247245,0,0,101742498841,0,1,0,1,82,0,91
3,233,1000,5.245767,0,0,101742498841,0,1,0,1,82,0,91
3,232,1000,5.243771,0,0,101742498841,0,1,0,1,82,0,91
3,232,1000,5.246456,0,0,101742498841,0,1,0,1,82,0,91
11,232,1000,5.248111,0,0,101742498841,0,1,0,1,83,0,91
11,232,1000,5.247317,0,0,101742498841,0,1,0,1,83,0,91
err,hipFuncGetAttribute is missing from HIP shared library.


hashcat arguments,hashcat.exe -a 1 --runtime 15 -m 13781 ..\bachelors-thesis-main\hash-files\hashcat_streebog512_aes_boot_13781.vc ..\bachelors-thesis-main\dictionaries\English.dic ..\bachelors-thesis-main\dictionaries\English2.dic --machine-readable --status --status-timer=1 --quiet