STATUS,SPEED,MILISECONDS,EXEC_RUNTIME,CURKU,PROGRESS,PROGRESS_ALL,RECHASH,RECHASH,RECSALT,RECSALT,TEMP,REJECTED,UTIL
3,4643844211,1000,0.642548,0,15969014208,101742498841,0,1,0,1,76,0,56
3,5586292295,1000,0.648389,0,21741131520,101742498841,0,1,0,1,77,0,68
3,5231794834,1000,0.606221,79743,27043323333,101742498841,0,1,0,1,77,0,47
6,5356981814,1000,0.615589,79743,30671948805,101742498841,1,1,1,1,77,0,63
err,hipFuncGetAttribute is missing from HIP shared library.


hashcat arguments,hashcat.exe -a 1 --runtime 15 -m 170 b9798556b741befdbddcbf640d1dd59d19b1e193 ..\bachelors-thesis-main\dictionaries\English.dic ..\bachelors-thesis-main\dictionaries\English2.dic --machine-readable --status --status-timer=1 --quiet