STATUS,SPEED,MILISECONDS,EXEC_RUNTIME,CURKU,PROGRESS,PROGRESS_ALL,RECHASH,RECHASH,RECSALT,RECSALT,TEMP,REJECTED,UTIL
3,6839972276,1000,0.443590,59808,21077635040,101742498841,0,1,0,1,80,0,37
3,6064022448,1000,0.456927,79744,27237599872,101742498841,0,1,0,1,80,0,31
3,5901049995,1000,0.442156,99680,33065829664,101742498841,0,1,0,1,80,0,53
3,5968950191,1000,0.463447,119616,39271727040,101742498841,0,1,0,1,80,0,44
6,5969628423,1000,0.463497,119616,39465664448,101742498841,1,1,1,1,80,0,44
err,hipFuncGetAttribute is missing from HIP shared library.


hashcat arguments,hashcat.exe -a 1 --runtime 15 -m 16100 $tacacs-plus$0$5fde8e68$4e13e8fb33df$c006 ..\bachelors-thesis-main\dictionaries\English.dic ..\bachelors-thesis-main\dictionaries\English2.dic --machine-readable --status --status-timer=1 --quiet