STATUS,SPEED,MILISECONDS,EXEC_RUNTIME,CURKU,PROGRESS,PROGRESS_ALL,RECHASH,RECHASH,RECSALT,RECSALT,TEMP,REJECTED,UTIL
3,2932635646,1000,6.379223,0,10468458496,101742498841,0,1,0,1,84,0,85
6,2936321339,1000,6.379895,0,11027349504,101742498841,1,1,1,1,84,0,89
err,hipFuncGetAttribute is missing from HIP shared library.


hashcat arguments,hashcat.exe -a 1 --runtime 15 -m 21400 0cc1b58a543f372327aa0281e97ab56e345267ee46feabf7709515debb7ec43c ..\bachelors-thesis-main\dictionaries\English.dic ..\bachelors-thesis-main\dictionaries\English2.dic --machine-readable --status --status-timer=1 --quiet