STATUS,SPEED,MILISECONDS,EXEC_RUNTIME,CURKU,PROGRESS,PROGRESS_ALL,RECHASH,RECHASH,RECSALT,RECSALT,TEMP,REJECTED,UTIL
3,4891260648,1000,7.372107,0,17188709248,101742498841,0,1,0,1,84,0,87
6,4886890977,1000,7.374063,0,20944911744,101742498841,1,1,1,1,84,0,87
err,hipFuncGetAttribute is missing from HIP shared library.


hashcat arguments,hashcat.exe -a 1 --runtime 15 -m 26403 264a4248c9522cb74d33fe26cb596895:61270210011294880287232432636227 ..\bachelors-thesis-main\dictionaries\English.dic ..\bachelors-thesis-main\dictionaries\English2.dic --machine-readable --status --status-timer=1 --quiet