STATUS,SPEED,MILISECONDS,EXEC_RUNTIME,CURKU,PROGRESS,PROGRESS_ALL,RECHASH,RECHASH,RECSALT,RECSALT,TEMP,REJECTED,UTIL
3,1893250907,1000,10.407055,0,6599213056,101742498841,0,1,0,1,83,0,90
3,1889526213,1000,10.408613,0,8512339968,101742498841,0,1,0,1,84,0,90
3,1886545105,1000,10.415073,0,10425466880,101742498841,0,1,0,1,84,0,91
5934,4,670,13,71155,42056,2525,71,9215,31108990,11,3,98e3,9269771356270099311432765354522635185291064175409115041569
6,1885878355,1000,10.417447,0,11027349504,101742498841,1,1,1,1,84,0,90
err,hipFuncGetAttribute is missing from HIP shared library.


hashcat arguments,hashcat.exe -a 1 --runtime 15 -m 21420 5934ea4d670c13a71155faba42056b2525f71bdc9215d31108990c11bf3d98e3:9269771356270099311432765354522635185291064175409115041569 ..\bachelors-thesis-main\dictionaries\English.dic ..\bachelors-thesis-main\dictionaries\English2.dic --machine-readable --status --status-timer=1 --quiet