STATUS,SPEED,MILISECONDS,EXEC_RUNTIME,CURKU,PROGRESS,PROGRESS_ALL,RECHASH,RECHASH,RECSALT,RECSALT,TEMP,REJECTED,UTIL
3,1504,1000,5.059166,0,0,101742498841,0,1,0,1,86,0,90
3,1502,1000,5.082794,0,0,101742498841,0,1,0,1,86,0,91
3,1499,1000,5.111482,0,0,101742498841,0,1,0,1,86,0,91
3,1497,1000,5.117900,0,0,101742498841,0,1,0,1,86,0,91
3,1495,1000,5.138658,0,0,101742498841,0,1,0,1,86,0,91
3,1493,1000,5.141080,0,0,101742498841,0,1,0,1,86,0,91
3,1492,1000,5.165233,0,0,101742498841,0,1,0,1,86,0,91
3,1490,1000,5.178231,0,0,101742498841,0,1,0,1,86,0,91
3,1488,1000,5.186223,0,0,101742498841,0,1,0,1,87,0,91
3,1486,1000,5.199042,0,0,101742498841,0,1,0,1,86,0,91
3,1484,1000,5.202142,0,0,101742498841,0,1,0,1,87,0,91
11,1483,1000,5.208540,0,0,101742498841,0,1,0,1,87,0,91
11,1483,1000,5.207460,0,0,101742498841,0,1,0,1,87,0,93
err,hipFuncGetAttribute is missing from HIP shared library.


hashcat arguments,hashcat.exe -a 1 --runtime 15 -m 13752 ..\bachelors-thesis-main\hash-files\hashcat_sha256_serpent-aes_13752.vc ..\bachelors-thesis-main\dictionaries\English.dic ..\bachelors-thesis-main\dictionaries\English2.dic --machine-readable --status --status-timer=1 --quiet