STATUS,SPEED,MILISECONDS,EXEC_RUNTIME,CURKU,PROGRESS,PROGRESS_ALL,RECHASH,RECHASH,RECSALT,RECSALT,TEMP,REJECTED,UTIL
3,2517,1000,4.633999,0,0,101742498841,0,1,0,1,84,0,88
3,2513,1000,4.649976,0,0,101742498841,0,1,0,1,84,0,89
3,2510,1000,4.652649,0,0,101742498841,0,1,0,1,84,0,88
3,2508,1000,4.650636,0,0,101742498841,0,1,0,1,84,0,89
3,2508,1000,4.649991,0,0,101742498841,0,1,0,1,85,0,88
3,2506,1000,4.652622,0,0,101742498841,0,1,0,1,85,0,88
3,2505,1000,4.654987,0,0,101742498841,0,1,0,1,85,0,89
3,2504,1000,4.658034,0,0,101742498841,0,1,0,1,85,0,88
3,2503,1000,4.656763,0,0,101742498841,0,1,0,1,85,0,89
3,2502,1000,4.652675,0,0,101742498841,0,1,0,1,85,0,89
3,2502,1000,4.656169,0,0,101742498841,0,1,0,1,85,0,89
11,2501,1000,4.660829,0,0,101742498841,0,1,0,1,86,0,88
11,2501,1000,4.659213,0,0,101742498841,0,1,0,1,86,0,88
err,hipFuncGetAttribute is missing from HIP shared library.


hashcat arguments,hashcat.exe -a 1 --runtime 15 -m 13742 ..\bachelors-thesis-main\hash-files\hashcat_ripemd160_aes-twofish_boot.vc ..\bachelors-thesis-main\dictionaries\English.dic ..\bachelors-thesis-main\dictionaries\English2.dic --machine-readable --status --status-timer=1 --quiet