STATUS,SPEED,MILISECONDS,EXEC_RUNTIME,CURKU,PROGRESS,PROGRESS_ALL,RECHASH,RECHASH,RECSALT,RECSALT,TEMP,REJECTED,UTIL
3,1466,1000,5.141717,0,0,101742498841,0,1,0,1,86,0,89
3,1464,1000,5.158762,0,0,101742498841,0,1,0,1,86,0,89
3,1462,1000,5.175563,0,0,101742498841,0,1,0,1,86,0,90
3,1460,1000,5.199627,0,0,101742498841,0,1,0,1,86,0,90
3,1458,1000,5.204574,0,0,101742498841,0,1,0,1,86,0,90
3,1455,1000,5.230513,0,0,101742498841,0,1,0,1,86,0,90
3,1453,1000,5.234384,0,0,101742498841,0,1,0,1,86,0,89
3,1451,1000,5.235339,0,0,101742498841,0,1,0,1,87,0,90
3,1449,1000,5.252810,0,0,101742498841,0,1,0,1,86,0,89
3,1448,1000,5.271455,0,0,101742498841,0,1,0,1,86,0,90
3,1446,1000,5.283174,0,0,101742498841,0,1,0,1,86,0,90
11,1444,1000,5.280786,0,0,101742498841,0,1,0,1,87,0,90
11,1444,1000,5.280809,0,0,101742498841,0,1,0,1,87,0,90
err,hipFuncGetAttribute is missing from HIP shared library.


hashcat arguments,hashcat.exe -a 1 --runtime 15 -m 13752 ..\bachelors-thesis-main\hash-files\hashcat_sha256_aes-twofish_13752.vc ..\bachelors-thesis-main\dictionaries\English.dic ..\bachelors-thesis-main\dictionaries\English2.dic --machine-readable --status --status-timer=1 --quiet