STATUS,SPEED,MILISECONDS,EXEC_RUNTIME,CURKU,PROGRESS,PROGRESS_ALL,RECHASH,RECHASH,RECSALT,RECSALT,TEMP,REJECTED,UTIL
3,7632366191,1000,0.174843,59808,24525127648,101742498841,0,1,0,1,79,0,47
3,6836268166,1000,0.183089,79744,31435324032,101742498841,0,1,0,1,78,0,48
3,6883818319,1000,0.174561,119616,38154035136,101742498841,0,1,0,1,78,0,47
6,6461385693,1000,0.182352,119616,39463112640,101742498841,1,1,1,1,78,0,26
err,hipFuncGetAttribute is missing from HIP shared library.


hashcat arguments,hashcat.exe -a 1 --runtime 15 -m 900 afe04867ec7a3845145579a95f72eca7 ..\bachelors-thesis-main\dictionaries\English.dic ..\bachelors-thesis-main\dictionaries\English2.dic --machine-readable --status --status-timer=1 --quiet