STATUS,SPEED,MILISECONDS,EXEC_RUNTIME,CURKU,PROGRESS,PROGRESS_ALL,RECHASH,RECHASH,RECSALT,RECSALT,TEMP,REJECTED,UTIL
3,4265285880,1000,0.746049,39872,15203472704,101742498841,0,1,0,1,76,0,67
3,4035690526,1000,0.753125,39872,18464683328,101742498841,0,1,0,1,76,0,49
3,3957881132,1000,0.696034,59808,21664550880,101742498841,0,1,0,1,76,0,38
3,3920547015,1000,0.716192,79744,25645271680,101742498841,0,1,0,1,75,0,65
3,4200034398,1000,0.777028,79744,30233422464,101742498841,0,1,0,1,77,0,69
3,4163439459,1000,0.747801,99680,34408080672,101742498841,0,1,0,1,77,0,66
3,4090458316,1000,0.794243,119616,38154035136,101742498841,0,1,0,1,76,0,45
6,4034321279,1000,0.736574,119616,39465664448,101742498841,1,1,1,1,76,0,46
err,hipFuncGetAttribute is missing from HIP shared library.


hashcat arguments,hashcat.exe -a 1 --runtime 15 -m 1100 4dd8965d1d476fa0d026722989a6b772:3060147285011 ..\bachelors-thesis-main\dictionaries\English.dic ..\bachelors-thesis-main\dictionaries\English2.dic --machine-readable --status --status-timer=1 --quiet