STATUS,SPEED,MILISECONDS,EXEC_RUNTIME,CURKU,PROGRESS,PROGRESS_ALL,RECHASH,RECHASH,RECSALT,RECSALT,TEMP,REJECTED,UTIL
3,7656689727,1000,0.351588,59808,24849207264,101742498841,0,1,0,1,78,0,52
3,7057977029,1000,0.369421,79744,31733885568,101742498841,0,1,0,1,78,0,53
3,6968520347,1000,0.356801,119616,38154035136,101742498841,0,1,0,1,77,0,35
6,6757506101,1000,0.371567,119616,39465664448,101742498841,1,1,1,1,77,0,46
err,hipFuncGetAttribute is missing from HIP shared library.


hashcat arguments,hashcat.exe -a 1 --runtime 15 -m 5100 8743b52063cd8409 ..\bachelors-thesis-main\dictionaries\English.dic ..\bachelors-thesis-main\dictionaries\English2.dic --machine-readable --status --status-timer=1 --quiet