STATUS,SPEED,MILISECONDS,EXEC_RUNTIME,CURKU,PROGRESS,PROGRESS_ALL,RECHASH,RECHASH,RECSALT,RECSALT,TEMP,REJECTED,UTIL
3,2538695354,1000,0.113133,62203,24952466378,101742498841,0,1,0,1,75,15223209946,17
3,2796630858,1000,0.063691,62203,27763282890,101742498841,0,1,0,1,74,15223209946,34
3,2449180755,1000,0.097307,87598,35157654202,101742498841,0,1,0,1,74,20357367162,35
3,1923343534,1000,0.116200,113662,40144112095,101742498841,0,1,0,1,72,23169096527,36
3,2196875681,1000,0.159528,132445,42246114095,101742498841,0,1,0,1,72,23169096527,36
6,1758911333,1000,0.158080,132445,47542947311,101742498841,1,1,1,1,72,28415531535,21
err,hipFuncGetAttribute is missing from HIP shared library.


hashcat arguments,hashcat.exe -a 1 --runtime 15 -m 7700 USER$C8B48F26B87B7EA7 ..\bachelors-thesis-main\dictionaries\English.dic ..\bachelors-thesis-main\dictionaries\English2.dic --machine-readable --status --status-timer=1 --quiet