STATUS,SPEED,MILISECONDS,EXEC_RUNTIME,CURKU,PROGRESS,PROGRESS_ALL,RECHASH,RECHASH,RECSALT,RECSALT,TEMP,REJECTED,UTIL
3,1809293886,1000,10.957633,0,6276775936,101742498841,0,1,0,1,83,0,91
3,1805754830,1000,10.965784,0,8103919616,101742498841,0,1,0,1,83,0,90
3,1803766019,1000,10.958947,0,9931063296,101742498841,0,1,0,1,83,0,91
6,1803240956,1000,10.952492,0,11027349504,101742498841,1,1,1,1,82,0,91
err,hipFuncGetAttribute is missing from HIP shared library.


hashcat arguments,hashcat.exe -a 1 --runtime 15 -m 14500 $cryptoapi$9$2$03000000000000000000000000000000$00000000000000000000000000000000$d1d20e91a8f2e18881dc79369d8af761 ..\bachelors-thesis-main\dictionaries\English.dic ..\bachelors-thesis-main\dictionaries\English2.dic --machine-readable --status --status-timer=1 --quiet