STATUS,SPEED,MILISECONDS,EXEC_RUNTIME,CURKU,PROGRESS,PROGRESS_ALL,RECHASH,RECHASH,RECSALT,RECSALT,TEMP,REJECTED,UTIL
3,8201977836,1000,0.738511,79744,28998347392,101742498841,0,1,0,1,81,0,66
3,8412822823,1000,0.737844,119616,38154035136,101742498841,0,1,0,1,81,0,66
6,7975604021,1000,0.805819,119616,40777293760,101742498841,1,1,1,1,79,0,35
err,hipFuncGetAttribute is missing from HIP shared library.


hashcat arguments,hashcat.exe -a 1 --runtime 15 -m 4800 afd09efdd6f8ca9f18ec77c5869788c3:01020304050607080910111213141516:01 ..\bachelors-thesis-main\dictionaries\English.dic ..\bachelors-thesis-main\dictionaries\English2.dic --machine-readable --status --status-timer=1 --quiet