STATUS,SPEED,MILISECONDS,EXEC_RUNTIME,CURKU,PROGRESS,PROGRESS_ALL,RECHASH,RECHASH,RECSALT,RECSALT,TEMP,REJECTED,UTIL
3,720,1000,5.224225,0,0,101742498841,0,1,0,1,85,0,90
3,720,1000,5.235454,0,0,101742498841,0,1,0,1,85,0,91
3,720,1000,5.237743,0,0,101742498841,0,1,0,1,86,0,90
3,720,1000,5.245879,0,0,101742498841,0,1,0,1,86,0,91
3,719,1000,5.240173,0,0,101742498841,0,1,0,1,86,0,91
3,719,1000,5.250760,0,0,101742498841,0,1,0,1,86,0,91
3,719,1000,5.258934,0,0,101742498841,0,1,0,1,86,0,91
3,718,1000,5.287048,0,0,101742498841,0,1,0,1,86,0,90
3,718,1000,5.293060,0,0,101742498841,0,1,0,1,86,0,91
3,717,1000,5.310052,0,0,101742498841,0,1,0,1,86,0,91
3,717,1000,5.313941,0,0,101742498841,0,1,0,1,86,0,91
11,716,1000,5.332375,0,0,101742498841,0,1,0,1,86,0,93
11,716,1000,5.332197,0,0,101742498841,0,1,0,1,86,0,93
err,hipFuncGetAttribute is missing from HIP shared library.


hashcat arguments,hashcat.exe -a 1 --runtime 15 -m 13723 ..\bachelors-thesis-main\hash-files\hashcat_sha512_serpent-twofish-aes_13723.vc ..\bachelors-thesis-main\dictionaries\English.dic ..\bachelors-thesis-main\dictionaries\English2.dic --machine-readable --status --status-timer=1 --quiet