STATUS,SPEED,MILISECONDS,EXEC_RUNTIME,CURKU,PROGRESS,PROGRESS_ALL,RECHASH,RECHASH,RECSALT,RECSALT,TEMP,REJECTED,UTIL
3,48869,1000,8.302409,0,167936,101742498841,0,1,0,1,86,0,93
3,48869,1000,8.354134,0,167936,101742498841,0,1,0,1,86,0,93
3,48795,1000,8.321345,0,251904,101742498841,0,1,0,1,86,0,93
3,48795,1000,8.381944,0,251904,101742498841,0,1,0,1,86,0,93
3,48732,1000,8.346672,0,335872,101742498841,0,1,0,1,87,0,93
3,48647,1000,8.367709,0,419840,101742498841,0,1,0,1,87,0,93
3,48647,1000,8.412964,0,419840,101742498841,0,1,0,1,87,0,93
3,48546,1000,8.409940,0,503808,101742498841,0,1,0,1,87,0,93
3,48546,1000,8.489298,0,503808,101742498841,0,1,0,1,87,0,93
3,48454,1000,8.472653,0,587776,101742498841,0,1,0,1,87,0,93
3,48454,1000,8.512605,0,587776,101742498841,0,1,0,1,87,0,93
11,48358,1000,8.484738,0,671744,101742498841,0,1,0,1,87,0,93
11,48358,1000,8.484546,0,671744,101742498841,0,1,0,1,87,0,93
err,hipFuncGetAttribute is missing from HIP shared library.


hashcat arguments,hashcat.exe -a 1 --runtime 15 -m 20200 $pbkdf2-sha512$25000$LyWE0HrP2RsjZCxlDGFMKQ$1vC5Ohk2mCS9b6akqsEfgeb4l74SF8XjH.SljXf3dMLHdlY1GK9ojcCKts6/asR4aPqBmk74nCDddU3tvSCJvw ..\bachelors-thesis-main\dictionaries\English.dic ..\bachelors-thesis-main\dictionaries\English2.dic --machine-readable --status --status-timer=1 --quiet