STATUS,SPEED,MILISECONDS,EXEC_RUNTIME,CURKU,PROGRESS,PROGRESS_ALL,RECHASH,RECHASH,RECSALT,RECSALT,TEMP,REJECTED,UTIL
3,115,1000,3.987837,0,0,101742498841,0,1,0,1,79,0,88
3,115,1000,3.982153,0,0,101742498841,0,1,0,1,79,0,88
3,115,1000,3.992246,0,0,101742498841,0,1,0,1,80,0,88
3,115,1000,3.986573,0,0,101742498841,0,1,0,1,80,0,88
3,115,1000,3.984124,0,0,101742498841,0,1,0,1,80,0,88
3,115,1000,3.990143,0,0,101742498841,0,1,0,1,81,0,88
3,115,1000,3.982268,0,0,101742498841,0,1,0,1,81,0,88
3,115,1000,3.976175,0,0,101742498841,0,1,0,1,81,0,88
3,115,1000,3.985551,0,0,101742498841,0,1,0,1,81,0,88
3,115,1000,3.977717,0,0,101742498841,0,1,0,1,81,0,88
3,115,1000,3.988802,0,0,101742498841,0,1,0,1,82,0,88
11,115,1000,3.980491,0,0,101742498841,0,1,0,1,82,0,88
11,115,1000,3.978827,0,0,101742498841,0,1,0,1,82,0,88
err,hipFuncGetAttribute is missing from HIP shared library.


hashcat arguments,hashcat.exe -a 1 --runtime 15 -m 13732 ..\bachelors-thesis-main\hash-files\hashcat_whirlpool_twofish-serpent_13732.vc ..\bachelors-thesis-main\dictionaries\English.dic ..\bachelors-thesis-main\dictionaries\English2.dic --machine-readable --status --status-timer=1 --quiet