STATUS,SPEED,MILISECONDS,EXEC_RUNTIME,CURKU,PROGRESS,PROGRESS_ALL,RECHASH,RECHASH,RECSALT,RECSALT,TEMP,REJECTED,UTIL
3,7290477260,1000,0.324313,79744,26242394752,101742498841,0,1,0,1,81,0,28
3,7351797161,1000,0.317851,99680,33775232288,101742498841,0,1,0,1,82,0,32
6,7313684092,1000,0.328563,119616,39465664448,101742498841,1,1,1,1,82,0,28
err,hipFuncGetAttribute is missing from HIP shared library.


hashcat arguments,hashcat.exe -a 1 --runtime 15 -m 24900 GRuHbyVp ..\bachelors-thesis-main\dictionaries\English.dic ..\bachelors-thesis-main\dictionaries\English2.dic --machine-readable --status --status-timer=1 --quiet