STATUS,SPEED,MILISECONDS,EXEC_RUNTIME,CURKU,PROGRESS,PROGRESS_ALL,RECHASH,RECHASH,RECSALT,RECSALT,TEMP,REJECTED,UTIL
3,983046190,1000,10.051539,0,3450077184,101742498841,0,1,0,1,82,0,92
3,981662837,1000,10.074309,0,4449632256,101742498841,0,1,0,1,82,0,92
3,980106011,1000,10.098618,0,5449187328,101742498841,0,1,0,1,82,0,92
3,978903788,1000,10.108166,0,6448742400,101742498841,0,1,0,1,83,0,91
3,977573061,1000,10.131355,0,7437549568,101742498841,0,1,0,1,83,0,91
3,976559148,1000,10.105182,0,8437104640,101742498841,0,1,0,1,83,0,91
3,975960065,1000,10.107751,0,9425911808,101742498841,0,1,0,1,83,0,91
3,975531079,1000,10.108137,0,10414718976,101742498841,0,1,0,1,83,0,91
6,975177397,1000,10.122252,0,11027349504,101742498841,1,1,1,1,83,0,91
err,hipFuncGetAttribute is missing from HIP shared library.


hashcat arguments,hashcat.exe -a 1 --runtime 15 -m 22500 $multibit$1*e5912fe5c84af3d5*5f0391c219e8ef62c06505b1f6232858f5bcaa739c2b471d45dd0bd8345334de ..\bachelors-thesis-main\dictionaries\English.dic ..\bachelors-thesis-main\dictionaries\English2.dic --machine-readable --status --status-timer=1 --quiet