STATUS,SPEED,MILISECONDS,EXEC_RUNTIME,CURKU,PROGRESS,PROGRESS_ALL,RECHASH,RECHASH,RECSALT,RECSALT,TEMP,REJECTED,UTIL
3,6004046338,1000,2.314510,0,21087876864,101742498841,0,1,0,1,82,0,62
3,5911453615,1000,2.311051,79743,26823870597,101742498841,0,1,0,1,81,0,66
6,5908742648,1000,2.324018,79743,30682155909,101742498841,1,1,1,1,81,0,62
err,hipFuncGetAttribute is missing from HIP shared library.


hashcat arguments,hashcat.exe -a 1 --runtime 15 -m 4700 92d85978d884eb1d99a51652b1139c8279fa8663 ..\bachelors-thesis-main\dictionaries\English.dic ..\bachelors-thesis-main\dictionaries\English2.dic --machine-readable --status --status-timer=1 --quiet