STATUS,SPEED,MILISECONDS,EXEC_RUNTIME,CURKU,PROGRESS,PROGRESS_ALL,RECHASH,RECHASH,RECSALT,RECSALT,TEMP,REJECTED,UTIL
3,5424487144,1000,0.557003,59808,19077017568,101742498841,0,1,0,1,81,0,60
3,5455481633,1000,0.554887,59808,24343949280,101742498841,0,1,0,1,82,0,58
3,5174185486,1000,0.572385,79744,29442361984,101742498841,0,1,0,1,82,0,60
3,4787748915,1000,0.575132,99680,33698678048,101742498841,0,1,0,1,81,0,40
3,4849259105,1000,0.567532,119616,38781779904,101742498841,0,1,0,1,82,0,54
6,4864163081,1000,0.573331,119616,39465664448,101742498841,1,1,1,1,82,0,38
err,hipFuncGetAttribute is missing from HIP shared library.


hashcat arguments,hashcat.exe -a 1 --runtime 15 -m 4300 b8c385461bb9f9d733d3af832cf60b27 ..\bachelors-thesis-main\dictionaries\English.dic ..\bachelors-thesis-main\dictionaries\English2.dic --machine-readable --status --status-timer=1 --quiet